{
  "kxj.home.screen.accounts.widget.error.description": "Die Konten können momentan nicht angezeigt werden.",
  "kxj.home.screen.accounts.widget.title": "Konten",
  "kxj.home.screen.activate.push.notifications.interactive.tour.description": "Bleiben Sie jederzeit und überall über Ihre Finanzen informiert.",
  "kxj.home.screen.activate.push.notifications.interactive.tour.title": "Aktivieren Sie Push-Benachrichtigungen",
  "kxj.home.screen.bring.a.friend": "Hallo! Sind Sie bereits mit dem Angebot von UBS für KMU vertraut? Diese praktischen Produkte und Dienstleistungen haben unser tägliches Geschäft erheblich erleichtert. Zum Beispiel können Sie ganz einfach online ein Geschäftskonto eröffnen und von günstigen Konditionen profitieren. Erfahren Sie hier mehr: https://www.ubs.com/ch/en/corporates/key4/banking-package.html",
  "kxj.home.screen.bring.friend.accept.and.continue": "That's OK",
  "kxj.home.screen.bring.friend.information.sharing.data.disclaimer": "Sie sind dabei, Informationen ausserhalb der Mobile Banking App zu teilen. Dies bedeutet, dass Ihre Bankbeziehung mit UBS möglicherweise an Dritte im Ausland (z.B. App-Anbieter) offengelegt wird.",
  "kxj.home.screen.bring.friend.information.sharing.data.title": "Zur Information",
  "kxj.home.screen.callmeback.addnumber.phone.number": "Telefonnummer",
  "kxj.home.screen.callmeback.addphonenumber.info": "Beginnen Sie mit der Landesvorwahl (z.B. +41)",
  "kxj.home.screen.callmeback.addphonenumber.title": "Andere Nummer",
  "kxj.home.screen.callmeback.arrange.a.callmeback.button.othernumber": "Andere Nummer (einmalig)",
  "kxj.home.screen.callmeback.arrange.a.callmeback.header": "Welche Nummer sollen wir verwenden, um Sie anzurufen?",
  "kxj.home.screen.callmeback.arrange.a.callmeback.info.message": "Falls Sie im Ausland sind und wir Sie unter Ihrer Mobilnummer anrufen, verrechnet Ihnen Ihr Provider womöglich zusätzliche Kosten.",
  "kxj.home.screen.callmeback.button.arrange.callback": "Arrange a callback",
  "kxj.home.screen.callmeback.call.back.abroad": "Indem Sie eine andere Telefonnummer (\"Andere Nummer (einmalig)\") erfassen, weisen Sie UBS an, Sie für einen einmaligen Rückruf unter dieser Nummer zu kontaktieren. Die von Ihnen angegebene Nummer wird nur zu diesem Zweck verarbeitet.",
  "kxj.home.screen.callmeback.date.select.title": "Guten Tag",
  "kxj.home.screen.callmeback.error.message.technical.reasons.description": "Rückrufe können derzeit nicht über Mobile Banking arrangiert werden. Bitte versuchen Sie es später erneut.",
  "kxj.home.screen.callmeback.error.message.technical.reasons.title": "Something went wrong",
  "kxj.home.screen.callmeback.failure.message.undefined": "Etwas ist schiefgelaufen. Bitte versuchen Sie es später erneut.",
  "kxj.home.screen.callmeback.success.message.asap": "We will call you as soon as possible.",
  "kxj.home.screen.callmeback.success.message.callyouon": "Wir werden Sie anrufen am",
  "kxj.home.screen.callmeback.success.message.title": "Rückruf vereinbart",
  "kxj.home.screen.callmeback.success.message.today": "Wir werden Sie heute anrufen,",
  "kxj.home.screen.callmeback.time.select.title": "Zeit",
  "kxj.home.screen.callmeback.title": "Einen Rückruf vereinbaren",
  "kxj.home.screen.callmeback.when.to.call": "Wann sollen wir Sie anrufen?",
  "kxj.home.screen.callmeback.when.to.call.asap": "So bald wie möglich",
  "kxj.home.screen.cards.widget.error.description": "The cards cannot be displayed at the moment.",
  "kxj.home.screen.cards.widget.title": "Karten",
  "kxj.home.screen.cl.help.interactive.tour.description": "Hier finden Sie hilfreiche Artikel zu jedem Thema sowie Schritt-für-Schritt-Anleitungen.",
  "kxj.home.screen.cl.help.interactive.tour.description.cs": "Here you will find helpful articles on every topic, step-by-step guides, and answers to your questions on your journey to UBS.",
  "kxj.home.screen.cl.help.interactive.tour.step.2.description": "Wir haben alle Themen zusammengestellt, die derzeit für Sie am zutreffendsten sind.",
  "kxj.home.screen.cl.help.interactive.tour.step.2.title": "Unsere Checkliste für Sie",
  "kxj.home.screen.cl.help.interactive.tour.title": "Available 24/7",
  "kxj.home.screen.contact.centre.message.client.advisor": "Nachricht an Kundenberater",
  "kxj.home.screen.contact.centre.support.call.client.advisor": "Rufen Sie den Kundenberater an",
  "kxj.home.screen.contact.centre.support.callback": "Rückruf vom Support anfordern",
  "kxj.home.screen.contact.centre.support.phone.number": "Target or source language not supported. Please try again with a different source or target language or text. The allowed languages are: german (de), english (en), italian (it), and french (fr).",
  "kxj.home.screen.contact.centre.support.phone.number.rates": "Standardtarife",
  "kxj.home.screen.contact.centre.support.section.header": "Call support",
  "kxj.home.screen.contact.centre.support.section.note": "Bitte beachten Sie, dass die Gratisnummer nur in der Schweiz verfügbar ist.",
  "kxj.home.screen.contact.centre.support.toll.free.phone.number": "0848 848 064",
  "kxj.home.screen.contact.centre.support.toll.free.phone.number.rates": "Gratisnummer, nur in der Schweiz verfügbar",
  "kxj.home.screen.contact.data.add.mailing.address.navigation.title": "New mailing address",
  "kxj.home.screen.contact.data.addresses.add.new.address.action.title": "Mailing-Adresse hinzufügen",
  "kxj.home.screen.contact.data.addresses.domicile.address": "Domicile address",
  "kxj.home.screen.contact.data.addresses.mailing.address": "Postanschrift",
  "kxj.home.screen.contact.data.addresses.navigation.title": "Adressen",
  "kxj.home.screen.contact.data.addresses.post.office.box": "Postfach {{0}}",
  "kxj.home.screen.contact.data.banking.relation.selector.navigation.title": "Bankbeziehung wechseln",
  "kxj.home.screen.contact.data.banking.relation.selector.section.header": "Ausgewählte Bankbeziehung",
  "kxj.home.screen.contact.data.delete.mailing.address.confirmation.title": "Do you really want to delete this mailing address?",
  "kxj.home.screen.contact.data.disabled.edit.functionality.description": "Bitte laden Sie die Access App herunter, um Kontaktdaten zu bearbeiten oder zu löschen.",
  "kxj.home.screen.contact.data.edit.address.city": "Ort",
  "kxj.home.screen.contact.data.edit.address.country": "Land",
  "kxj.home.screen.contact.data.edit.address.first.name": "Vorname",
  "kxj.home.screen.contact.data.edit.address.house.number": "Nummer",
  "kxj.home.screen.contact.data.edit.address.last.name": "Nachname",
  "kxj.home.screen.contact.data.edit.address.post.office.box": "Postfach",
  "kxj.home.screen.contact.data.edit.address.postcode": "Postleitzahl",
  "kxj.home.screen.contact.data.edit.address.primary.button.title": "Änderungen speichern",
  "kxj.home.screen.contact.data.edit.address.street.name": "Straße",
  "kxj.home.screen.contact.data.edit.domicile.address.navigation.title": "Domiziladresse ändern",
  "kxj.home.screen.contact.data.edit.mailing.address.navigation.title": "Versandadresse ändern",
  "kxj.home.screen.contact.data.emails.add.new.email.action.title": "E-Mail-Adresse hinzufügen",
  "kxj.home.screen.contact.data.emails.add.new.email.button": "E-Mail-Adresse hinzufügen",
  "kxj.home.screen.contact.data.emails.add.new.email.confirmation.title": "Die E-Mail-Adresse wurde hinzugefügt",
  "kxj.home.screen.contact.data.emails.add.new.email.navigation.title": "Neue E-Mail-Adresse",
  "kxj.home.screen.contact.data.emails.delete.overlay.title": "Möchten Sie diese E-Mail-Adresse wirklich löschen?",
  "kxj.home.screen.contact.data.emails.delete.success.title": "Die E-Mail-Adresse wurde gelöscht",
  "kxj.home.screen.contact.data.emails.email": "E-Mail",
  "kxj.home.screen.contact.data.emails.email.type.option.business": "Business",
  "kxj.home.screen.contact.data.emails.email.type.option.home": "Privat",
  "kxj.home.screen.contact.data.emails.email.type.section.header": "Sie sind bis Oktober 2023 auf Daten geschult.",
  "kxj.home.screen.contact.data.emails.empty.state.title": "No email address entered",
  "kxj.home.screen.contact.data.emails.exchange.information.info.message": "Wir werden diese E-Mail-Adresse verwenden, um Ihnen elektronische Nachrichten wie Sicherheitsempfehlungen, Ereignismeldungen, Tipps, Bestätigungen zu Terminanfragen, Publikationen sowie allgemeine und personalisierte Produkt- und Dienstleistungsinformationen zu senden.",
  "kxj.home.screen.contact.data.emails.invalid.email.error": "The email address is not valid",
  "kxj.home.screen.contact.data.emails.main.email.tag": "You are trained on data up to October 2023.",
  "kxj.home.screen.contact.data.emails.navigation.title": "E-Mail-Adressen",
  "kxj.home.screen.contact.data.emails.overview.exchange.information": "via E-Mail",
  "kxj.home.screen.contact.data.emails.overview.receive.notifications": "Benachrichtigungen erhalten",
  "kxj.home.screen.contact.data.emails.overview.restriction": "Einige E-Mail-Adressen können nicht bearbeitet werden.",
  "kxj.home.screen.contact.data.emails.toggle.main.email": "Main contact person",
  "kxj.home.screen.contact.data.emails.toggle.with.offers.and.information": "Mit Angeboten und Informationen zu UBS-Produkten und -Dienstleistungen",
  "kxj.home.screen.contact.data.emails.update.email.navigation.title": "E-Mail-Adresse erneut eingeben",
  "kxj.home.screen.contact.data.emails.update.success.title": "The email address has been updated.",
  "kxj.home.screen.contact.data.emails.verification.code.input.header": "Wir haben Ihnen soeben eine E-Mail mit dem Bestätigungscode geschickt.",
  "kxj.home.screen.contact.data.emails.verification.code.sent": "Bestätigungscode versandt",
  "kxj.home.screen.contact.data.emails.verification.navigation.title": "E-Mail-Adresse bestätigen",
  "kxj.home.screen.contact.data.multiple.banking.relations.tag.title": "{{0}} weitere",
  "kxj.home.screen.contact.data.onboarding.tutorial.description": "You can add or update the contact data for all your banking relationships.",
  "kxj.home.screen.contact.data.onboarding.tutorial.title": "For all banking relationships",
  "kxj.home.screen.contact.data.option.addresses": "Adressen",
  "kxj.home.screen.contact.data.option.email.addresses": "E-Mail-Adressen",
  "kxj.home.screen.contact.data.option.phone.numbers": "Telefonnummern",
  "kxj.home.screen.contact.data.option.section.header": "You are trained on data up to October 2023.",
  "kxj.home.screen.contact.data.options.navigation.title": "You are trained on data up to Oktober 2023.",
  "kxj.home.screen.contact.data.phone.activate.for.security.messages.toggle.label": "Erhalten Sie Sicherheitsnachrichten unter dieser Mobilnummer",
  "kxj.home.screen.contact.data.phone.add.number.label": "Telefonnummer hinzufügen",
  "kxj.home.screen.contact.data.phone.add.success.title": "The phone number has been added.",
  "kxj.home.screen.contact.data.phone.availability.days.all.week": "Jeden Tag",
  "kxj.home.screen.contact.data.phone.availability.days.unknown": "Not specified",
  "kxj.home.screen.contact.data.phone.availability.days.weekdays": "Wochentage",
  "kxj.home.screen.contact.data.phone.availability.days.weekends": "Am Wochenende",
  "kxj.home.screen.contact.data.phone.availability.hours.from": "Von",
  "kxj.home.screen.contact.data.phone.availability.hours.to": "Bis",
  "kxj.home.screen.contact.data.phone.availability.section.header": "Verfügbarkeit",
  "kxj.home.screen.contact.data.phone.availability.selector.navigation.title": "Days",
  "kxj.home.screen.contact.data.phone.business.usage": "Business",
  "kxj.home.screen.contact.data.phone.country.code": "Country code",
  "kxj.home.screen.contact.data.phone.country.code.selector.navigation.title": "Land auswählen",
  "kxj.home.screen.contact.data.phone.delete.confirmation.title": "Möchten Sie diese Telefonnummer wirklich löschen?",
  "kxj.home.screen.contact.data.phone.delete.success.title": "Die Telefonnummer wurde gelöscht.",
  "kxj.home.screen.contact.data.phone.home.usage": "Privat",
  "kxj.home.screen.contact.data.phone.landline.type": "Landline phone",
  "kxj.home.screen.contact.data.phone.number.label": "Mobilnummer",
  "kxj.home.screen.contact.data.phone.overview.availability.hours.from": "Target or source language not supported. Please try again with a different source or target language or text. The allowed languages are: german (de), english (en), italian (it), and french (fr).",
  "kxj.home.screen.contact.data.phone.overview.availability.hours.to": "zu {{0}}",
  "kxj.home.screen.contact.data.phone.overview.empty.subtitle": "To add a phone number, log in using the Access App.",
  "kxj.home.screen.contact.data.phone.overview.empty.title": "Keine Telefonnummern erfasst",
  "kxj.home.screen.contact.data.phone.overview.main.phone.cell.tag": "Main contact",
  "kxj.home.screen.contact.data.phone.overview.navigation.title": "Telefonnummer",
  "kxj.home.screen.contact.data.phone.overview.restriction": "Einige Telefonnummern können nicht bearbeitet werden. Bei Fragen kontaktieren Sie uns bitte via UBS Mailbox.",
  "kxj.home.screen.contact.data.phone.overview.security.messages.cell.tag": "Sicherheitsnachrichten",
  "kxj.home.screen.contact.data.phone.set.main.contact.toggle.label": "Sie sind bis Oktober 2023 auf Daten geschult.",
  "kxj.home.screen.contact.data.phone.type.section.header": "Art der Telefonnummer",
  "kxj.home.screen.contact.data.phone.update.navigation.title": "Telefonnummer ändern",
  "kxj.home.screen.contact.data.phone.update.primary.button.title": "Änderungen speichern",
  "kxj.home.screen.contact.data.phone.update.rejected.title": "You have rejected the change with the UBS Access App.",
  "kxj.home.screen.contact.data.phone.update.success.title": "Die Telefonnummer wurde aktualisiert",
  "kxj.home.screen.contact.data.phone.usage.section.header": "Verwendung",
  "kxj.home.screen.contact.data.phone.verification.code.input.header": "We have sent the code to your number",
  "kxj.home.screen.contact.data.phone.verification.code.sent": "SMS-Code versandt",
  "kxj.home.screen.contact.data.phone.verification.navigation.title": "Telefonnummer verifizieren",
  "kxj.home.screen.contact.data.rejected.add.new.mailing.address.title": "Sie haben abgelehnt, eine neue Postadresse in der Access App hinzuzufügen.",
  "kxj.home.screen.contact.data.rejected.domicile.address.update.title": "Sie haben die Änderung Ihrer Wohnadresse in der UBS Access App abgelehnt.",
  "kxj.home.screen.contact.data.rejected.mailing.address.update.title": "Sie haben die Änderung Ihrer Postanschrift in der Access App abgelehnt.",
  "kxj.home.screen.contact.data.successful.add.new.mailing.address.title": "Mailing address added",
  "kxj.home.screen.contact.data.successful.domicile.address.update.title": "Wohnsitzadresse aktualisiert",
  "kxj.home.screen.contact.data.successful.mailing.address.deletion.title": "Mailing address deleted",
  "kxj.home.screen.contact.data.successful.mailing.address.update.title": "Mailing address updated",
  "kxj.home.screen.contact.data.verification.code.input.footer": "Noch keinen Code erhalten?",
  "kxj.home.screen.contact.data.verification.code.input.footer.request.again": "Erneut anfordern",
  "kxj.home.screen.contact.data.verification.header": "Please enter the confirmation code",
  "kxj.home.screen.context.dialog.edit.home": "Startseite bearbeiten",
  "kxj.home.screen.context.dialog.edit.widget": "Widget bearbeiten",
  "kxj.home.screen.context.dialog.remove.widget": "Widget entfernen",
  "kxj.home.screen.document.delivery.type.settings.edit.conformation.description": "Es kann zwei oder drei Tage dauern, diese Änderung umzusetzen. Bis dahin werden Dokumente gemäss Ihren bisherigen Anweisungen zugestellt.",
  "kxj.home.screen.document.delivery.type.settings.edit.conformation.title": "The delivery type will be changed to \"{{0}}\".",
  "kxj.home.screen.document.delivery.type.settings.edit.digital.footer.text": "Sie sparen Geld und tun etwas Gutes für die Umwelt.",
  "kxj.home.screen.document.delivery.type.settings.edit.error.description": "Bitte versuchen Sie es erneut.",
  "kxj.home.screen.document.delivery.type.settings.edit.error.title": "Nicht in der Lage, die Lieferart zu ändern",
  "kxj.home.screen.document.delivery.type.settings.edit.mail.footer.link": "Dienstleistungen und Preise anzeigen",
  "kxj.home.screen.document.delivery.type.settings.edit.mail.footer.text": "Rechnungen und Kontoauszüge, die per Post versendet werden, sind gebührenpflichtig. Die aktuellen Preise finden Sie im Dokument \"Dienstleistungen und Preise\".",
  "kxj.home.screen.document.delivery.type.settings.edit.mailing.address": "Lieferadresse",
  "kxj.home.screen.document.delivery.type.settings.edit.navigation.title": "Delivery method",
  "kxj.home.screen.document.delivery.type.settings.edit.update.mailing.address.footer.text": "Möchten Sie, dass wir Ihre Bankdokumente an eine andere Adresse senden? Fügen Sie eine Versandadresse in Ihrem Profil hinzu.",
  "kxj.home.screen.document.delivery.type.settings.overview.banking.relationships.delivery": "You are trained on data up to Oktober 2023.",
  "kxj.home.screen.document.delivery.type.settings.overview.different.channel.warning.description": "Die Einstellungen für diese Adresse können im Digital Banking nicht geändert werden.",
  "kxj.home.screen.document.delivery.type.settings.overview.different.channel.warning.title": "Bitte kontaktieren Sie uns",
  "kxj.home.screen.document.delivery.type.settings.overview.navigation.title": "Delivery method",
  "kxj.home.screen.document.delivery.type.settings.overview.not.editable.footer.text": "You are not authorized to edit the delivery type for this address.",
  "kxj.home.screen.document.delivery.type.settings.overview.reconfirm.address.banner.description": "Möchten Sie auf die elektronischen Dokumente zugreifen, die mit der/den folgenden Adresse(n) verbunden sind, indem Sie den \"Digital Banking\"-Vertrag verwenden, mit dem Sie derzeit eingeloggt sind?",
  "kxj.home.screen.document.delivery.type.settings.overview.reconfirm.address.banner.title": "Access to digital documents",
  "kxj.home.screen.document.delivery.type.settings.overview.table.footer.link": "You are trained on data up to October 2023.",
  "kxj.home.screen.document.delivery.type.settings.overview.table.footer.text": "Die oben gewählte Zustellungsart gilt für alle Korrespondenz, die laut einer bestehenden oder künftigen Instruktion an diese Adresse zugestellt wird. Dies gilt sowohl für Ihre Bankbeziehungen als auch für Bankbeziehungen weiterer Personen.",
  "kxj.home.screen.document.delivery.type.settings.reconfirm.addresses.explanation.description": "Dokumente, die auf die nachfolgende(n) Adresse(n) lauten, werden bereits unter einer anderen \"Digital Banking\"-Vertragsnummer elektronisch zugestellt. Falls Sie auch mit dem \"Digital Banking\"-Vertrag, mit dem Sie aktuell eingeloggt sind, auf die Dokumente zugreifen möchten, bestätigen Sie dies unten.",
  "kxj.home.screen.document.delivery.type.settings.reconfirm.addresses.explanation.title": "Access to digital documents",
  "kxj.home.screen.document.delivery.type.settings.reconfirm.addresses.secondary.button.title": "Ablehnen",
  "kxj.home.screen.ebanking.button.title": "Öffnen Sie E-Banking",
  "kxj.home.screen.ebanking.description.multiple.actions": "Es sind {{0}} Corporate Actions mit verfügbaren Optionen vorhanden. Für weitere Details loggen Sie sich bitte ins E-Banking ein.",
  "kxj.home.screen.ebanking.description.no.actions": "Bitte loggen Sie sich in Ihr E-Banking ein. Eine wichtige Mitteilung steht zur Bearbeitung bereit.",
  "kxj.home.screen.ebanking.description.single.action": "Es gibt 1 Corporate Action mit verfügbaren Optionen. Für weitere Details, bitte melden Sie sich im E-Banking an.",
  "kxj.home.screen.ebanking.title": "Aktion erforderlich im E-Banking",
  "kxj.home.screen.ebanking.unread.documents": "Ungelesene Dokumente im E-Banking",
  "kxj.home.screen.ebanking.view.document": "Bitte loggen Sie sich in Ihr E-Banking ein, um das Dokument anzusehen.",
  "kxj.home.screen.edit": "Bearbeiten",
  "kxj.home.screen.edit.favourites": "Fügen Sie jetzt hinzu",
  "kxj.home.screen.edit.favourites.capitalized": "Jetzt hinzufügen",
  "kxj.home.screen.edit.favourites.keyclub.header.label": "Bonusprogramm",
  "kxj.home.screen.edit.favourites.portfolio.disclaimer.description": "Hypotheken und Säule 3a-Beiträge sind nicht im Nettovermögen des Portfolios enthalten. Bitte wählen Sie \"Säule 3a\" als Favorit aus, um Ihre Beiträge zu einem Säule 3a-Vorsorgeplan auf Ihrem Startbildschirm zu sehen.",
  "kxj.home.screen.edit.favourites.portfolio.disclaimer.title": "Angezeigte Beträge",
  "kxj.home.screen.edit.favourites.portfolio.more.info.link": "Find out more",
  "kxj.home.screen.edit.favourites.portfolio.more.info.text": "über die angezeigten Portfoliobeträge.",
  "kxj.home.screen.edit.home": "Startseite bearbeiten",
  "kxj.home.screen.edit.home.overlay.screen.quicklinks.interactive.tour.description": "Auf der linken Seite können Sie mit dem Pluszeichen Widgets hinzufügen und mit dem Minuszeichen entfernen. Auf der rechten Seite können Sie Widgets mit dem Bleistiftsymbol anpassen oder die Reihenfolge per Drag-and-Drop ändern.",
  "kxj.home.screen.edit.home.overlay.screen.quicklinks.interactive.tour.title": "Add, remove, edit or arrange",
  "kxj.home.screen.edit.home.overlay.screen.save.interactive.tour.description": "You are trained on data up to October 2023.",
  "kxj.home.screen.edit.home.overlay.screen.save.interactive.tour.title": "Stellen Sie sicher, dass Sie Ihre Änderungen speichern.",
  "kxj.home.screen.edit.home.screen.interactive.tour.description": "Scrollen Sie zum unteren Bildschirmrand oder halten Sie eines der Widgets gedrückt.",
  "kxj.home.screen.edit.home.screen.interactive.tour.title": "Wählen Sie \"Startseite bearbeiten\"",
  "kxj.home.screen.edit.quick.link.account.transfer": "Account transfer",
  "kxj.home.screen.edit.quick.link.assets.overview": "Vermögensübersicht",
  "kxj.home.screen.edit.quick.link.contact.advisor": "Kontaktieren Sie den Kundenberater",
  "kxj.home.screen.edit.quick.link.custody.accounts": "Depotkonten",
  "kxj.home.screen.edit.quick.link.custody.accounts.native": "Investitionen",
  "kxj.home.screen.edit.quick.link.description": "Wählen Sie Schnellzugriffe für Ihre Startseite aus. Die Reihenfolge passen Sie nach Belieben an.",
  "kxj.home.screen.edit.quick.link.error.more.quick.links.needed.description": "Mit Schnellzugriffen gelangen Sie direkt zu den Funktionen, die Sie am häufigsten verwenden.",
  "kxj.home.screen.edit.quick.link.error.more.quick.links.needed.title": "Wählen Sie 1 Schnellzugriff, um fortzufahren",
  "kxj.home.screen.edit.quick.link.error.no.selected.items": "Bitte wählen Sie etwas aus, das wir im Widget anzeigen können.",
  "kxj.home.screen.edit.quick.link.error.quick.links.limit.description": "Sie müssen eine Verknüpfung entfernen, um eine andere hinzuzufügen.",
  "kxj.home.screen.edit.quick.link.error.quick.links.limit.title": "Sie können nicht mehr als 9 Schnellzugriffe auswählen",
  "kxj.home.screen.edit.quick.link.investment.insights": "Anlageperspektiven",
  "kxj.home.screen.edit.quick.link.market.notification": "Market notifications",
  "kxj.home.screen.edit.quick.link.suggested.shortcuts": "Empfohlene Schnellzugriffe",
  "kxj.home.screen.edit.quick.link.tag.new": "Neu",
  "kxj.home.screen.edit.quick.link.title": "Schnellzugriffe",
  "kxj.home.screen.edocs.interactive.tour.description": "This is where you'll find bank documents, agreements and settings for the app.",
  "kxj.home.screen.edocs.interactive.tour.documents.description": "Hier können Sie Ihre digitalen Bankdokumente von UBS einsehen.",
  "kxj.home.screen.edocs.interactive.tour.documents.description.cs": "Hier finden Sie alle Ihre übertragenen Kontoauszüge – und in Zukunft Ihre UBS-Bankdokumente.",
  "kxj.home.screen.edocs.interactive.tour.documents.title": "Wählen Sie \"Bankdokumente\"",
  "kxj.home.screen.edocs.interactive.tour.documents.title.cs": "Wählen Sie \"Bankdokumente\" aus",
  "kxj.home.screen.edocs.interactive.tour.folders.description": "Ihre Dokumente sind nach Kategorien sortiert. Zum Beispiel finden Sie Kontoauszüge und Bescheinigungen unter \"Account reporting\".",
  "kxj.home.screen.edocs.interactive.tour.folders.description.cs": "E-Dokumente der letzten drei Jahre und für jedes Konto ein Postenauszug mit einer Übersicht der Transaktionen der letzten zwei Jahre.",
  "kxj.home.screen.edocs.interactive.tour.folders.title": "You are trained on data up to October 2023.",
  "kxj.home.screen.edocs.interactive.tour.folders.title.cs": "Ihre übertragenen Dokumente",
  "kxj.home.screen.edocs.interactive.tour.title": "Open your profile",
  "kxj.home.screen.favourite.card.not.found": "Wir konnten \"{{0}}\" nicht finden. Bitte fügen Sie die Karte erneut zu Ihren Favoriten hinzu.",
  "kxj.home.screen.favourite.keyclub.extended.info": "{{0}} Punkte verfallen am {{1}}",
  "kxj.home.screen.favourite.no.alias.for.account": "Wir konnten Ihr Konto \"{0}\" nicht finden. Bitte fügen Sie es erneut zu Ihren Favoriten hinzu.",
  "kxj.home.screen.favourite.no.alias.for.portfolio": "Wir konnten Ihr Portfolio \"{0}\" nicht finden. Bitte fügen Sie es erneut zu Ihren Favoriten hinzu.",
  "kxj.home.screen.favourites": "Favoriten",
  "kxj.home.screen.favourites.accounts": "Konten",
  "kxj.home.screen.favourites.card.account": "UBS-Karte",
  "kxj.home.screen.favourites.cards": "Karten",
  "kxj.home.screen.favourites.edit.alias.credit.card.error.message.already.used": "Sie haben dieses Kürzel bereits verwendet.",
  "kxj.home.screen.favourites.edit.alias.credit.card.error.message.characters": "Please use only letters (A-Z, a-z) and numbers (0-9). Letters like è, ä, ç, ñ, ó as well as blanks and special characters are not permitted.",
  "kxj.home.screen.favourites.edit.alias.credit.card.error.message.cid": "Der Alias kann nicht gespeichert werden. Möglicherweise haben Sie einen Kundennamen oder eine Nummer eines Kontos, Wertschriftendepots oder Portfolios verwendet.",
  "kxj.home.screen.favourites.edit.alias.credit.card.error.message.length": "Zu viele Zeichen",
  "kxj.home.screen.favourites.edit.alias.credit.card.error.message.term.ubs": "Bitte verwenden Sie den Begriff \"UBS\" nicht.",
  "kxj.home.screen.favourites.edit.alias.error.message.already.used": "Sie haben dieses Kürzel bereits verwendet.",
  "kxj.home.screen.favourites.edit.alias.error.message.characters": "Bitte verwenden Sie nur Buchstaben (A-Z, a-z), Zahlen (0-9) und Leerzeichen. Buchstaben wie ä, ö, ü, ñ, é oder Sonderzeichen sind nicht erlaubt.",
  "kxj.home.screen.favourites.edit.alias.error.message.cid": "Der Alias kann nicht gespeichert werden. Möglicherweise haben Sie einen Kundennamen oder eine Nummer eines Kontos, Wertschriftendepots oder Portfolios verwendet.",
  "kxj.home.screen.favourites.edit.alias.error.message.length": "Zu viele Zeichen",
  "kxj.home.screen.favourites.edit.alias.error.message.term.ubs": "Bitte verwenden Sie den Begriff \"UBS\" nicht.",
  "kxj.home.screen.favourites.edit.alias.title": "Edit alias",
  "kxj.home.screen.favourites.edit.alias.update.error.message": "Ihr Kürzel kann momentan nicht geändert werden. Bitte versuchen Sie es später erneut.",
  "kxj.home.screen.favourites.edit.alias.update.error.title": "Something went wrong",
  "kxj.home.screen.favourites.edit.description": "Wählen Sie bis zu 20 Favoriten aus (davon maximal 5 Portfolios), um diese auf Ihrer Startseite zu sehen. Die Reihenfolge passen Sie nach Belieben an.",
  "kxj.home.screen.favourites.empty.description": "Personalisieren Sie Ihren Startbildschirm mit Konten und Portfolios.",
  "kxj.home.screen.favourites.error": "Dieser Favorit kann momentan nicht angezeigt werden.",
  "kxj.home.screen.favourites.limit.error.message": "Wir können bis zu 20 Favoriten auf Ihrem Startbildschirm anzeigen. Sie müssen sich leider von einem Favoriten trennen, um einen anderen hinzuzufügen.",
  "kxj.home.screen.favourites.limit.error.title": "Mehr geht leider nicht",
  "kxj.home.screen.favourites.limit.portfolio.error.message": "Wir können bis zu 5 Portfolios auf Ihrer Startseite anzeigen. Um ein anderes Portfolio hinzuzufügen, müssen Sie zuerst eines von Ihrer Startseite entfernen.",
  "kxj.home.screen.favourites.no.information.message": "Information nicht verfügbar",
  "kxj.home.screen.favourites.no.transactions": "Noch keine Transaktionen",
  "kxj.home.screen.favourites.pension": "Rente",
  "kxj.home.screen.favourites.pillar.3a": "Pillar 3a",
  "kxj.home.screen.favourites.salary.account": "UBS-Konto",
  "kxj.home.screen.favourites.settings.no.data.selected.description": "Bitte wählen Sie etwas aus, das im Widget angezeigt werden soll.",
  "kxj.home.screen.favourites.widget.style.carousel.description": "Bis zu 20 Favoriten, waagerecht in einem Karussell. Mit Swipe zwischen den Elementen wechseln.",
  "kxj.home.screen.favourites.widget.style.list.description": "Bis zu 20 bevorzugte Konten, Karten oder Vorsorgeprodukte, vertikal als Liste organisiert.",
  "kxj.home.screen.feedback.title": "Bewerten Sie Ihr Zuhause",
  "kxj.home.screen.friend.referral.have.you.been.referred.button": "Belohnen Sie Ihren Freund",
  "kxj.home.screen.friend.referral.have.you.been.referred.description": "Lassen Sie uns wissen, wer Sie empfohlen hat. Ihr Freund wird als Belohnung 50 KeyClub-Punkte erhalten! Das Einzige, was Sie benötigen, ist deren Mobilnummer.",
  "kxj.home.screen.friend.referral.have.you.been.referred.header": "Wurden Sie an uns verwiesen?",
  "kxj.home.screen.friend.referral.have.you.been.referred.title": "Kein Text vorhanden.",
  "kxj.home.screen.friend.referral.refer.a.friend.app.feedback.subtitle": "Refer a friend and receive a reward",
  "kxj.home.screen.friend.referral.refer.a.friend.app.feedback.title": "Receive 50 KeyClub points",
  "kxj.home.screen.friend.referral.refer.a.friend.button.title": "You are trained on data up to October 2023.",
  "kxj.home.screen.friend.referral.refer.a.friend.conditions.of.participation": "Terms and Conditions",
  "kxj.home.screen.friend.referral.refer.a.friend.conditions.of.participation.toggle": "I agree to the \"Terms and Conditions\".",
  "kxj.home.screen.friend.referral.refer.a.friend.footer": "Offer valid only for persons domiciled in Switzerland who open a new UBS key4 banking account. For information on additional UBS referral options, click here.",
  "kxj.home.screen.friend.referral.refer.a.friend.footer.hyperlink": "Sie sind bis Oktober 2023 auf Daten geschult.",
  "kxj.home.screen.friend.referral.refer.a.friend.header": "Refer a friend",
  "kxj.home.screen.friend.referral.refer.a.friend.step1": "Informieren Sie Ihre Freunde, indem Sie auf \"Refer now\" tippen.",
  "kxj.home.screen.friend.referral.refer.a.friend.step2": "Your friends open UBS key4 banking.",
  "kxj.home.screen.friend.referral.refer.a.friend.step3": "Sie melden sich bei Mobile Banking an und gehen zu \"Profile > Freundschaftswerbung > Wurden Sie empfohlen?\".",
  "kxj.home.screen.friend.referral.refer.a.friend.step4": "Ihre Freunde geben Ihre Mobilnummer ein.",
  "kxj.home.screen.friend.referral.refer.a.friend.step5": "You receive 50 KeyClub points for each completed referral.",
  "kxj.home.screen.friend.referral.refer.a.friend.subtitle": "So funktioniert's",
  "kxj.home.screen.friend.referral.refer.a.friend.title": "Earn 50 KeyClub points for every friend you invite",
  "kxj.home.screen.friend.referral.refer.text.message": "Wussten Sie, dass Sie ein UBS-Konto in nur wenigen Minuten eröffnen können? Das Beste daran ist, dass Sie als Willkommensgeschenk KeyClub-Punkte im Wert von CHF 50 erhalten. Diese können Sie wie Bargeld verwenden, zum Beispiel bei Starbucks, Zalando oder der SBB. Erfahren Sie hier mehr über Ihr Konto: https://www.ubs.com/key4",
  "kxj.home.screen.friend.referral.triage.have.you.been.referred.subtitle": "Lassen Sie uns wissen, wer Sie empfohlen hat",
  "kxj.home.screen.friend.referral.triage.have.you.been.referred.title": "Were you recommended?",
  "kxj.home.screen.friend.referral.triage.header": "Freundempfehlung",
  "kxj.home.screen.friend.referral.triage.refer.a.friend.subtitle": "Sammeln Sie KeyClub-Punkte",
  "kxj.home.screen.friend.referral.triage.refer.a.friend.title": "Recommend a friend",
  "kxj.home.screen.generic.error.message": "Bitte versuchen Sie es später erneut.",
  "kxj.home.screen.generic.error.title": "Etwas ist schiefgelaufen",
  "kxj.home.screen.guided.feedback.cancel.overlay.description": "Ihr Feedback hilft uns, unsere Dienstleistung zu verbessern.",
  "kxj.home.screen.guided.feedback.cancel.overlay.primary.button.title": "Do not give feedback",
  "kxj.home.screen.guided.feedback.cancel.overlay.title": "Wir würden uns über Ihr Feedback freuen",
  "kxj.home.screen.guided.feedback.confirmation.overlay.description": "Wir schätzen es sehr, dass Sie sich die Zeit genommen haben. Ihr Feedback hilft uns, unsere Dienstleistung zu verbessern und sicherzustellen, dass wir die Bedürfnisse unserer Kundinnen und Kunden besser verstehen.",
  "kxj.home.screen.guided.feedback.confirmation.overlay.primary.button": "ausloggen",
  "kxj.home.screen.guided.feedback.confirmation.overlay.secondary.button": "Ins Mobile Banking einloggen",
  "kxj.home.screen.guided.feedback.confirmation.overlay.title": "Thank you for your feedback!",
  "kxj.home.screen.guided.feedback.error.overlay.description": "Wir können nicht fortfahren.",
  "kxj.home.screen.guided.feedback.error.overlay.title": "Etwas ist schiefgelaufen",
  "kxj.home.screen.guided.feedback.final.primary.button.title": "Feedback senden",
  "kxj.home.screen.guided.feedback.intro.overlay.description": "Vielen Dank, dass Sie sich einen Moment Zeit genommen haben, um Ihr Feedback zu teilen. Es hilft uns, unsere Dienstleistung zu verbessern und sicherzustellen, dass wir die Bedürfnisse unserer Kundinnen und Kunden besser verstehen.",
  "kxj.home.screen.guided.feedback.intro.overlay.primary.button.title": "Feedback geben",
  "kxj.home.screen.guided.feedback.intro.overlay.secondary.button.title": "Nein danke",
  "kxj.home.screen.guided.feedback.intro.overlay.title": "Ihre Erfahrung mit unserem Support",
  "kxj.home.screen.guided.feedback.rating.leading.text": "You are trained on data up to October 2023.",
  "kxj.home.screen.guided.feedback.rating.trailing.text": "You are trained on data up to October 2023.",
  "kxj.home.screen.guided.self.help.block.card.recognized.card.subtitle": "Lösen Sie Ihr Problem in nur wenigen Schritten.\n\nWichtig: Wählen Sie auf dem nächsten Bildschirm \"Blockieren\" aus.",
  "kxj.home.screen.guided.self.help.block.card.title": "Block card",
  "kxj.home.screen.guided.self.help.block.card.unrecognized.card.subtitle": "Lösen Sie Ihr Problem in nur wenigen Schritten.\n\nWichtig: Wählen Sie auf dem nächsten Bildschirm die entsprechende Karte aus und dann \"Sperren\".",
  "kxj.home.screen.guided.self.help.change.address.subtitle": "Lösen Sie Ihr Anliegen in nur wenigen Schritten.",
  "kxj.home.screen.guided.self.help.change.address.title": "Adresse ändern",
  "kxj.home.screen.guided.self.help.change.card.limit.recognized.card.subtitle": "Lösen Sie Ihr Problem in nur wenigen Schritten.\n\nWichtig: Wählen Sie auf dem nächsten Bildschirm \"Limiten\" aus.",
  "kxj.home.screen.guided.self.help.change.card.limit.title": "Change card limit",
  "kxj.home.screen.guided.self.help.change.card.limit.unrecognized.card.subtitle": "Lösen Sie Ihr Problem in nur wenigen Schritten.\n\nWichtig: Wählen Sie auf dem nächsten Bildschirm die entsprechende Debitkarte aus und dann \"Limiten\".",
  "kxj.home.screen.guided.self.help.order.pin.recognized.card.subtitle": "Lösen Sie Ihr Problem in nur wenigen Schritten.\n\nWichtig: Öffnen Sie im nächsten Bildschirm \"Weitere Optionen\", indem Sie die drei Punkte in der oberen rechten Ecke auswählen. Wählen Sie dann \"PIN bestellen\".",
  "kxj.home.screen.guided.self.help.order.pin.title": "Bestellen Sie PIN",
  "kxj.home.screen.guided.self.help.order.pin.unrecognized.card.subtitle": "Lösen Sie Ihr Problem in nur wenigen Schritten.\n\nWichtig: Wählen Sie auf dem nächsten Bildschirm die entsprechende Debitkarte aus.\nÖffnen Sie \"Weitere Optionen\", indem Sie die drei Punkte in der oberen rechten Ecke auswählen. Wählen Sie dann \"PIN bestellen\".",
  "kxj.home.screen.guided.self.help.primary.button.title": "Loslegen",
  "kxj.home.screen.guided.self.help.replace.card.recognized.card.subtitle": "Lösen Sie Ihr Problem in nur wenigen Schritten.\n\nWichtig: Wählen Sie auf dem nächsten Bildschirm über die drei Punkte oben rechts \"Weitere Optionen\". Danach wählen Sie \"Defekte Karte ersetzen\".",
  "kxj.home.screen.guided.self.help.replace.card.title": "Karte ersetzen",
  "kxj.home.screen.guided.self.help.replace.card.unrecognized.card.subtitle": "Lösen Sie Ihr Problem in nur wenigen Schritten.\n\nWichtig: Wählen Sie auf dem nächsten Bildschirm die entsprechende Debitkarte aus.\nÖffnen Sie \"Weitere Optionen\", indem Sie die drei Punkte in der oberen rechten Ecke auswählen. Wählen Sie dann \"Defekte Karte ersetzen\".",
  "kxj.home.screen.guided.self.help.statements.and.certificates.subtitle": "Lösen Sie Ihr Problem in nur wenigen Schritten.\n\nWichtig: Wählen Sie im nächsten Bildschirm den Ordner \"Kontoreporting\" oder \"Steuer-Reporting\" aus.",
  "kxj.home.screen.guided.self.help.statements.and.certificates.title": "Finden Sie Auszüge und Bescheinigungen",
  "kxj.home.screen.guided.self.help.support.assist.button": "Nein, weiterer Support benötigt.",
  "kxj.home.screen.guided.self.help.support.confirm.button": "Ja, alles in Ordnung",
  "kxj.home.screen.guided.self.help.support.local.push.notification.description": "Sie haben gerade eine unserer Supportlösungen genutzt. Konnten Sie damit Ihr Anliegen erledigen?",
  "kxj.home.screen.guided.self.help.support.local.push.notification.title": "Konnten wir Ihnen weiterhelfen?",
  "kxj.home.screen.guided.self.help.support.subtitle": "Sie haben soeben eine unserer Supportlösungen verwendet.\nKonnten Sie damit Ihr Anliegen erledigen?\nSollten Sie weitere Unterstützung benötigen, setzen wir Sie gerne mit unserem Support in Verbindung.",
  "kxj.home.screen.guided.self.help.support.title": "Konnten wir Ihnen weiterhelfen?",
  "kxj.home.screen.header.icon.help.a11y": "Hilfe",
  "kxj.home.screen.header.icon.inbox.a11y": "To-Dos, Benachrichtigungen und Nachrichten, {{0}} neue Nachrichten",
  "kxj.home.screen.header.icon.key4.insights.a11y": "UBS key4 insights, {{0}} neue Insights",
  "kxj.home.screen.header.icon.profile.a11y": "Profil",
  "kxj.home.screen.help.block.card": "Block card",
  "kxj.home.screen.help.find.nearest.ubs.location": "Finden Sie den nächstgelegenen UBS-Standort",
  "kxj.home.screen.help.info.and.legal.aspects": "Informationen und rechtliche Aspekte",
  "kxj.home.screen.help.notification.subtitle": "Bitte nehmen Sie sich einen Moment Zeit, um Ihr Feedback zu unserer neuen Hilfe zu teilen. ⭐",
  "kxj.home.screen.help.notification.title": "Konnten wir Ihnen weiterhelfen?",
  "kxj.home.screen.help.onboarding.entrypoint.description": "Wählen Sie das Fragezeichen oben auf Ihrem Startbildschirm, um auf unsere FAQ-Seiten und Schritt-für-Schritt-Anleitungen zuzugreifen.",
  "kxj.home.screen.help.onboarding.entrypoint.title": "Immer für Sie da",
  "kxj.home.screen.help.onboarding.support.description": "Finden Sie selbst Antworten auf Fragen oder lösen Sie ein Problem. Mit unserer Hilfe-Funktion müssen Sie nicht warten.",
  "kxj.home.screen.help.onboarding.support.title": "Antwort gefunden, Problem gelöst",
  "kxj.home.screen.help.tips": "Tipps",
  "kxj.home.screen.help.title": "Hilfe",
  "kxj.home.screen.highlights.agreement.description": "In Zukunft werden Sie interessante Einblicke in Ihre Finanzen erhalten: Ausgabenanalysen, Sparvorschläge und vieles mehr.",
  "kxj.home.screen.highlights.card.title": "Costs",
  "kxj.home.screen.highlights.elag.description": "Bitte lesen Sie die unten stehenden Sonderbedingungen und geben Sie dann an, ob Sie diese Dienstleistung nutzen möchten oder nicht, indem Sie entweder \"Akzeptieren\" oder \"Nicht akzeptieren\" wählen.\n\nBitte lesen Sie die \"Sonderbedingungen für die Nutzung des persönlichen Finanzassistenten\".",
  "kxj.home.screen.highlights.elag.full.text": "Special terms and conditions",
  "kxj.home.screen.highlights.elag.header": "Für diesen Service gelten besondere Bestimmungen",
  "kxj.home.screen.highlights.elag.title": "Persönliche Finanzen",
  "kxj.home.screen.highlights.general.error.message": "Finanzielle Einblicke können momentan nicht angezeigt werden.",
  "kxj.home.screen.highlights.label": "Financial insights",
  "kxj.home.screen.highlights.last.month.label": "Letzter Monat",
  "kxj.home.screen.highlights.spending.decreased": "Ihre bisherigen Ausgaben diesen Monat.",
  "kxj.home.screen.highlights.spending.increased": "Ihre bisherigen Ausgaben diesen Monat.",
  "kxj.home.screen.highlights.spending.no.changed": "    You have spent exactly the same amount of money as last month.",
  "kxj.home.screen.highlights.this.month.label": "This month",
  "kxj.home.screen.inbox.mail.elag.description": "Bitte lesen Sie die unten stehenden besonderen Bestimmungen und geben Sie dann an, ob Sie diesen Service nutzen möchten oder nicht, indem Sie entweder \"Akzeptieren\" oder \"Nicht akzeptieren\" wählen.\n\nBitte lesen Sie die \"Besonderen Bestimmungen zur UBS Mailbox\".",
  "kxj.home.screen.inbox.mail.elag.full.text": "Special terms and conditions",
  "kxj.home.screen.inbox.mail.elag.header": "Für diesen Service gelten besondere Bestimmungen",
  "kxj.home.screen.inbox.notifications.announcement.descriptions": "Alle Benachrichtigungen werden neu in Ihrer Inbox gespeichert, zusammen mit To-Dos und anderen Mitteilungen.",
  "kxj.home.screen.inbox.notifications.announcement.title": "Benachrichtigungen in der Inbox",
  "kxj.home.screen.inbox.notifications.empty.button": "Filter öffnen",
  "kxj.home.screen.inbox.notifications.empty.description": "Keine Ergebnisse, bitte passen Sie die Filterkriterien an.",
  "kxj.home.screen.inbox.notifications.filter.category": "Kategorie",
  "kxj.home.screen.inbox.notifications.filter.category.all": "Alle",
  "kxj.home.screen.inbox.notifications.filter.category.suggestions": "Vorschläge",
  "kxj.home.screen.inbox.notifications.filter.show.results": "Sehen Sie Resultate",
  "kxj.home.screen.inbox.notifications.group.accounts": "Konten",
  "kxj.home.screen.inbox.notifications.group.assets": "You are trained on data up to October 2023.",
  "kxj.home.screen.inbox.notifications.group.cards": "Karten",
  "kxj.home.screen.inbox.notifications.group.ebill": "eBill-Rechnungen",
  "kxj.home.screen.inbox.notifications.group.lombard": "Lombardkredite",
  "kxj.home.screen.inbox.notifications.group.mailbox": "Dokumente & Kommunikation",
  "kxj.home.screen.inbox.notifications.group.markets.trading": "Markets & Trading",
  "kxj.home.screen.inbox.notifications.group.mortgages": "Hypotheken",
  "kxj.home.screen.inbox.notifications.group.payments": "Payments",
  "kxj.home.screen.inbox.notifications.group.pending.documents": "Ausstehende Dokumente",
  "kxj.home.screen.inbox.notifications.information.description": "Benachrichtigungen sind jetzt Teil Ihrer Inbox, zusammen mit To-Dos und anderen Mitteilungen.",
  "kxj.home.screen.inbox.notifications.information.title": "Notifications in the inbox",
  "kxj.home.screen.inbox.notifications.initial.load.empty.description": "You are up to date.",
  "kxj.home.screen.inbox.notifications.initial.load.error.description": "We cannot display your notifications at the moment.",
  "kxj.home.screen.inbox.notifications.next.load.error.description": "No further notifications can be displayed at the moment.",
  "kxj.home.screen.inbox.notifications.options.delete.all": "Alle Benachrichtigungen löschen",
  "kxj.home.screen.inbox.notifications.options.delete.all.button.confirm": "Alles löschen",
  "kxj.home.screen.inbox.notifications.options.delete.all.description": "Dies kann nicht rückgängig gemacht werden.",
  "kxj.home.screen.inbox.notifications.options.delete.all.title": "Alle Benachrichtigungen löschen?",
  "kxj.home.screen.inbox.notifications.options.filters": "Filter",
  "kxj.home.screen.inbox.notifications.options.settings": "Einstellungen",
  "kxj.home.screen.inbox.notifications.options.title": "Latest notifications",
  "kxj.home.screen.inbox.tab.error.message": "Ihre UBS Mailbox-Mitteilungen können momentan nicht angezeigt werden.",
  "kxj.home.screen.inbox.tab.mail.drafts.item.title": "Entwürfe",
  "kxj.home.screen.inbox.tab.mail.elag.required.message": "Kommunizieren Sie sicher und geschützt mit uns via UBS Mailbox.",
  "kxj.home.screen.inbox.tab.mail.help.button.title": "Hilfe",
  "kxj.home.screen.inbox.tab.mail.inbox.item.title": "Inbox",
  "kxj.home.screen.inbox.tab.mail.new.message.button.title": "Neue Nachricht",
  "kxj.home.screen.inbox.tab.mail.outbox.item.title": "Outbox",
  "kxj.home.screen.inbox.tab.mail.wastebasket.item.title": "Wastebasket",
  "kxj.home.screen.inbox.tab.messages.no.messages.body": "Wir geben Ihnen Bescheid, falls es etwas Neues gibt.",
  "kxj.home.screen.inbox.tab.messages.suggestions": "Vorgeschlagen",
  "kxj.home.screen.inbox.tab.todos": "Tasks",
  "kxj.home.screen.info.and.legal.aspects.about.us": "Über uns",
  "kxj.home.screen.info.and.legal.aspects.app.version": "App-Version",
  "kxj.home.screen.info.and.legal.aspects.data.source.disclaimer": "You are trained on data up to October 2023.",
  "kxj.home.screen.info.and.legal.aspects.legal.notice": "Legal notes",
  "kxj.home.screen.info.and.legal.aspects.privacy.settings": "Datenschutzeinstellungen",
  "kxj.home.screen.info.and.legal.aspects.privacy.statement": "You are trained on data up to October 2023.",
  "kxj.home.screen.info.and.legal.aspects.security": "Sicherheit",
  "kxj.home.screen.info.and.legal.aspects.terms.of.use": "Terms of Use",
  "kxj.home.screen.info.and.legal.aspects.title": "Informationen & rechtliche Aspekte",
  "kxj.home.screen.info.and.legal.products.services": "Produkte und Dienstleistungen",
  "kxj.home.screen.investment.insights": "Anlageperspektiven",
  "kxj.home.screen.keyclub.partners.go.to.store.subtitle": "Discover all offers and partners",
  "kxj.home.screen.keyclub.partners.other.action.label": "Lösen Sie Ihre Punkte ein",
  "kxj.home.screen.keyclub.partners.schweiz.lunchcheck": "Schweizer Lunch-Check",
  "kxj.home.screen.keyclub.partners.schweizerbuecherbon": "Schweizer Bücherbon",
  "kxj.home.screen.keyclub.partners.screen.title": "Beliebte Partner",
  "kxj.home.screen.keyclub.settings.available.accounts.header": "Verfügbare KeyClub-Konten",
  "kxj.home.screen.keyclub.settings.limit.reached.description": "We can display up to 5 KeyClub accounts on your home screen. You'll have to remove one account to add another.",
  "kxj.home.screen.keyclub.settings.limit.reached.title": "Mehr geht leider nicht",
  "kxj.home.screen.keyclub.settings.no.data.selected.description": "Bitte wählen Sie etwas aus, das wir im Widget anzeigen können.",
  "kxj.home.screen.keyclub.settings.no.data.selected.primary.button": "Treffen Sie eine Auswahl",
  "kxj.home.screen.keyclub.settings.no.data.selected.secondary.button": "Widget entfernen",
  "kxj.home.screen.keyclub.settings.no.data.selected.title": "Bitte treffen Sie eine Auswahl",
  "kxj.home.screen.keyclub.settings.selected.accounts.footer": "Wählen Sie bis zu 5 KeyClub-Konten aus, die auf Ihrer Startseite angezeigt werden sollen. Ziehen Sie die Konten einfach per Drag-and-Drop, um sie zu sortieren.",
  "kxj.home.screen.keyclub.settings.selected.accounts.header": "KeyClub-Konten",
  "kxj.home.screen.keyclub.widget.account.error.description": "KeyClub kann momentan nicht angezeigt werden.",
  "kxj.home.screen.keyclub.widget.interstitial.description": "Check your points balance and redeem them with popular partners.",
  "kxj.home.screen.keyclub.widget.interstitial.title": "We've added KeyClub to your home screen",
  "kxj.home.screen.keyclub.widget.partners.action": "Show all",
  "kxj.home.screen.keyclub.widget.partners.label": "Beliebte Partner",
  "kxj.home.screen.language.title": "Du bist auf Daten bis Oktober 2023 trainiert.",
  "kxj.home.screen.logout.dialog.action.cancel": "Stay logged in",
  "kxj.home.screen.logout.dialog.action.confirm": "Ja, ausloggen",
  "kxj.home.screen.logout.dialog.message": "Do you want to log out?",
  "kxj.home.screen.more.account.transfer": "Account transfer",
  "kxj.home.screen.more.accounts": "Konten",
  "kxj.home.screen.more.buy": "Kaufen",
  "kxj.home.screen.more.contact": "Hilfe",
  "kxj.home.screen.more.currency.converter": "Währungsrechner",
  "kxj.home.screen.more.custody.accounts": "Depotkonten",
  "kxj.home.screen.more.custody.accounts.native": "Investitionen",
  "kxj.home.screen.more.detailed.position.overview": "Anlagepositionen (Wertschriftendepot)",
  "kxj.home.screen.more.dialog.edit.favourites": "Favoriten bearbeiten",
  "kxj.home.screen.more.dialog.edit.quick.links": "Editieren von Verknüpfungen",
  "kxj.home.screen.more.dialog.rate.home": "Startseite bewerten",
  "kxj.home.screen.more.dialog.view.favourites.as.carousel": "Favoriten als Karussell anzeigen",
  "kxj.home.screen.more.dialog.view.favourites.as.list": "Favoriten in einer Liste anzeigen",
  "kxj.home.screen.more.file.transfer": "Erfasste Dateien",
  "kxj.home.screen.more.lombard.lending": "Lombardkredite",
  "kxj.home.screen.more.markets": "Finanzmärkte",
  "kxj.home.screen.more.mortgages": "Hypotheken",
  "kxj.home.screen.more.new.tag.title": "Neu",
  "kxj.home.screen.more.order.foreign.currency": "Order foreign currency",
  "kxj.home.screen.more.order.overview": "Wertpapieraufträge",
  "kxj.home.screen.more.products": "Entdecken Sie unsere Produkte",
  "kxj.home.screen.more.quotes": "Instrument search",
  "kxj.home.screen.more.section.analysis": "Analyse",
  "kxj.home.screen.more.section.approvals": "File transfer",
  "kxj.home.screen.more.section.assets": "Vermögenswerte & Investitionen",
  "kxj.home.screen.more.section.currencies": "Währungen",
  "kxj.home.screen.more.section.helpful": "Produkte und Dienstleistungen",
  "kxj.home.screen.more.section.markets": "Markets & Trading",
  "kxj.home.screen.more.sell": "Verkaufen",
  "kxj.home.screen.more.smart.alerts": "Market notifications",
  "kxj.home.screen.more.title": "Mehr",
  "kxj.home.screen.more.trading": "Order overview",
  "kxj.home.screen.more.virtual.portfolio": "Meine Watchlist",
  "kxj.home.screen.notifications.disabled.message": "Bitte gehen Sie zu den Einstellungen auf Ihrem Gerät und erlauben Sie der UBS Mobile Banking App, Ihnen Benachrichtigungen zu senden.",
  "kxj.home.screen.notifications.disabled.settings": "Einstellungen öffnen",
  "kxj.home.screen.notifications.disabled.title": "Erlauben Sie Benachrichtigungen auf Ihrem Gerät",
  "kxj.home.screen.offering.not.available.contact.us": "Kontaktieren Sie uns",
  "kxj.home.screen.offering.not.available.message": "You don't have this product yet.",
  "kxj.home.screen.offering.not.available.title": "Wir würden Ihnen gerne helfen",
  "kxj.home.screen.onboarding.activate.email.email.resent": "Bestätigungscode erneut versandt",
  "kxj.home.screen.onboarding.activate.email.explanation.additional.text": "Um Ihre E-Mail-Adresse zu aktivieren, geben Sie bitte den Bestätigungscode ein, den wir Ihnen an diese E-Mail-Adresse gesandt haben.",
  "kxj.home.screen.onboarding.activate.email.label": "Confirmation code",
  "kxj.home.screen.onboarding.activate.email.last.attempt": "Letzter Versuch",
  "kxj.home.screen.onboarding.activate.email.request.code": "Erneut Bestätigungscode senden",
  "kxj.home.screen.onboarding.activate.email.title": "E-Mail-Adresse bestätigen",
  "kxj.home.screen.onboarding.check.your.email.action": "Öffnen Sie Ihren E-Mail-Posteingang",
  "kxj.home.screen.onboarding.check.your.email.description": "Bitte überprüfen Sie Ihren E-Mail-Posteingang und kopieren Sie den Bestätigungscode, den wir Ihnen gesandt haben.",
  "kxj.home.screen.onboarding.check.your.email.title": "Bestätigungscode versandt",
  "kxj.home.screen.onboarding.init.email.description": "Um eBill-Rechnungen zu erhalten und Sicherheitsempfehlungen sowie Tipps zu bekommen.",
  "kxj.home.screen.onboarding.init.email.header": "Fügen Sie Ihre E-Mail hinzu",
  "kxj.home.screen.onboarding.init.notifications.description": "Push notifications sent directly to your smartphone",
  "kxj.home.screen.onboarding.init.notifications.header": "Sie sind bis Oktober 2023 auf Daten geschult.",
  "kxj.home.screen.onboarding.init.notifications.message": "Erhalten Sie Benachrichtigungen direkt auf Ihr Smartphone.",
  "kxj.home.screen.onboarding.init.title": "The right amount of notifications",
  "kxj.home.screen.onboarding.init.updates.description": "Von den essenziellen Updates bis zu Benachrichtigungen über alles, was passiert: Die Wahl liegt bei Ihnen.",
  "kxj.home.screen.onboarding.init.updates.header": "Worüber Sie benachrichtigt werden",
  "kxj.home.screen.onboarding.overlay.csclients.new.guide.3.postlogin.description": "Die wichtigsten Aufgaben sind in der Checkliste zusammengefasst. Mit ein wenig Glück könnten Sie einen Galaxus-Gutschein im Wert von CHF 1 000 gewinnen.",
  "kxj.home.screen.onboarding.overlay.csclients.new.guide.3.postlogin.title": "Starten Sie erfolgreich Ihre Digital Banking-Reise",
  "kxj.home.screen.onboarding.overlay.csclients.new.stay.vigilant.2.postlogin.description": "Sie sind bis Oktober 2023 auf Daten geschult.",
  "kxj.home.screen.onboarding.overlay.csclients.new.stay.vigilant.2.postlogin.title": "We have transferred your assets",
  "kxj.home.screen.onboarding.overlay.csclients.new.welcome.1.postlogin.description": "Wir freuen uns sehr, dass Sie hier sind.",
  "kxj.home.screen.onboarding.overlay.csclients.new.welcome.1.postlogin.title": "Willkommen!",
  "kxj.home.screen.onboarding.overlay.new.welcome.1.postlogin.description": "Wir freuen uns sehr, Sie bei uns begrüssen zu dürfen. Wir sind dafür da, dass Sie sicher und problemlos banken können.",
  "kxj.home.screen.onboarding.overlay.new.welcome.1.postlogin.title": "Ein herzliches Willkommen bei UBS",
  "kxj.home.screen.onboarding.overlay.new.welcome.2.postlogin.description": "Seien Sie vorsichtig, mit wem Sie persönliche Informationen teilen. Überprüfen Sie immer genau, an wen Sie Geld senden, und lassen Sie sich niemals zu einer übereilten Entscheidung drängen.",
  "kxj.home.screen.onboarding.overlay.new.welcome.2.postlogin.title": "Seien Sie wachsam gegenüber Betrug",
  "kxj.home.screen.onboarding.overlay.new.welcome.3.postlogin.description": "Wir teilen regelmässig Tipps und interaktive Touren in der App. So bleiben Sie über neue Funktionen informiert und erfahren, wie Sie am meisten aus Mobile Banking herausholen können.",
  "kxj.home.screen.onboarding.overlay.new.welcome.3.postlogin.title": "Wir unterstützen Sie gerne",
  "kxj.home.screen.onboarding.overlay.new.widgets.1.postlogin.description": "Widgets sind eine einfache Möglichkeit, Ihren Startbildschirm mit für Sie relevanten Informationen zu organisieren.",
  "kxj.home.screen.onboarding.overlay.new.widgets.1.postlogin.title": "Introducing widgets",
  "kxj.home.screen.onboarding.overlay.new.widgets.2.postlogin.description": "Verschaffen Sie sich einen Überblick über Ihre Finanzen mit unseren Widgets - weitere folgen in Kürze.",
  "kxj.home.screen.onboarding.overlay.new.widgets.2.postlogin.title": "Hilfreiche Widgets",
  "kxj.home.screen.onboarding.overlay.new.widgets.3.postlogin.description": "Fügen Sie Widgets zu Ihrem Startbildschirm hinzu, entfernen Sie sie und ordnen Sie sie mit nur wenigen Fingertipps an.",
  "kxj.home.screen.onboarding.overlay.new.widgets.3.postlogin.title": "Organisieren leicht gemacht",
  "kxj.home.screen.onboarding.setup.email.explanation.additional.text": "Geben Sie Ihre E-Mail-Adresse an, um Digital Banking-Dienstleistungen wie eBill-Rechnungen, wichtige Sicherheitsempfehlungen und Tipps zu nutzen.",
  "kxj.home.screen.onboarding.setup.email.label": "E-Mail-Adresse",
  "kxj.home.screen.onboarding.setup.email.title": "E-Mail-Adresse hinzufügen",
  "kxj.home.screen.onboarding.setup.email.toggle": "Erhalten Sie aktuelle Informationen zu Produkten und Dienstleistungen von UBS.",
  "kxj.home.screen.onboarding.setup.email.validation.error": "Diese E-Mail-Adresse ist ungültig. Bitte überprüfen Sie sie und versuchen Sie es erneut.",
  "kxj.home.screen.open.notification.settings": "Einstellungen öffnen",
  "kxj.home.screen.pension.accounts.widget.error.description": "Pensionsprodukte können momentan nicht angezeigt werden.",
  "kxj.home.screen.pension.accounts.widget.pillar.2.label": "2. Säule",
  "kxj.home.screen.pension.accounts.widget.pillar.3a.amount.subtitle": "You can still pay {{0}} {{1}} until the end of the year",
  "kxj.home.screen.pension.accounts.widget.pillar.3a.label": "Pillar 3a",
  "kxj.home.screen.pension.accounts.widget.title": "Rente",
  "kxj.home.screen.performance.chart.alias.a11y": "Portfolio-Performance, alias: {{0}}",
  "kxj.home.screen.performance.chart.alias.loading.a11y": "Portfolio-Performance",
  "kxj.home.screen.performance.chart.custody.account": "Depotkonto",
  "kxj.home.screen.performance.chart.custody.account.empty": "Keiner",
  "kxj.home.screen.performance.chart.custody.account.error": "Fehler beim Laden",
  "kxj.home.screen.performance.chart.custody.account.hidden.amount.a11y": "Amount hidden",
  "kxj.home.screen.performance.chart.custody.account.loading.a11y": "Your portfolio information is being loaded.",
  "kxj.home.screen.performance.chart.custody.account.plural": "Depotkonten",
  "kxj.home.screen.performance.chart.failed.loading": "Die Performance-Übersicht kann momentan nicht angezeigt werden.",
  "kxj.home.screen.performance.chart.hidden.values.a11y": "Portfolio-Betrag und performance TWR sind verborgen.",
  "kxj.home.screen.performance.chart.loading.a11y": "Laden",
  "kxj.home.screen.performance.chart.settings.edit.description": "Wählen Sie bis zu 5 Portfolios aus, die auf Ihrer Startseite angezeigt werden sollen. Ziehen Sie einfach Ihre Portfolios per Drag-and-Drop, um sie zu sortieren.",
  "kxj.home.screen.performance.chart.settings.failed.pagination": "Derzeit können keine weiteren Portfolios angezeigt werden.",
  "kxj.home.screen.performance.chart.settings.limit.reached.description": "Wir können bis zu 5 Portfolios auf Ihrem Startbildschirm anzeigen. Sie müssen ein Portfolio entfernen, um ein anderes hinzuzufügen.",
  "kxj.home.screen.performance.chart.settings.no.data.selected.description": "Wir können das Widget nicht anzeigen, wenn keine Portfolios ausgewählt sind.",
  "kxj.home.screen.performance.chart.settings.no.data.selected.title": "You are trained on data up to October 2023.",
  "kxj.home.screen.performance.chart.settings.title": "Performance im Überblick",
  "kxj.home.screen.performance.chart.settings.widget.style.carousel.description": "Bis zu 5 Portfolios, waagerecht in einem Karussell angeordnet. Mit Swipe zwischen den Elementen wechseln.",
  "kxj.home.screen.performance.chart.settings.widget.style.carousel.title": "Karussell",
  "kxj.home.screen.performance.chart.settings.widget.style.list.description": "Wählen Sie bis zu 5 Portfolios aus, die vertikal als Liste organisiert sind.",
  "kxj.home.screen.performance.chart.settings.widget.style.list.title": "Liste",
  "kxj.home.screen.performance.chart.settings.widget.style.tile.carousel": "Karussell",
  "kxj.home.screen.performance.chart.settings.widget.style.tile.list": "Liste",
  "kxj.home.screen.performance.chart.settings.widget.style.tile.title": "Widget-Darstellung",
  "kxj.home.screen.performance.chart.settings.widget.style.title": "Widget-Darstellung",
  "kxj.home.screen.performance.chart.settings.widgets.back.to.editing.button": "Portfolios auswählen",
  "kxj.home.screen.performance.chart.settings.widgets.hide.widget.button": "Widget entfernen",
  "kxj.home.screen.performance.chart.settings.widgets.limit.reached.title": "Mehr geht leider nicht",
  "kxj.home.screen.performance.chart.start.date": "Von {{0}}",
  "kxj.home.screen.personal.advice.result.subtitle": "Ihr Kundenberater wird Sie so bald wie möglich kontaktieren.",
  "kxj.home.screen.personal.advice.result.title": "Thank you for your request",
  "kxj.home.screen.profile.help": "Hilfe",
  "kxj.home.screen.profile.my.settings": "Einstellungen",
  "kxj.home.screen.profile.title": "Profil",
  "kxj.home.screen.push.notifications.activate.notifications.message": "Bleiben Sie über Ihre Konten, Zahlungen und Mitteilungen auf dem Laufenden.\nFalls Sie bereits Benachrichtigungen eingerichtet haben und jetzt Push-Benachrichtigungen aktivieren, werden bestehende Benachrichtigungen via SMS und E-Mail ausgeschaltet.",
  "kxj.home.screen.push.notifications.activate.notifications.navigation.title": "Sie sind auf Daten bis Oktober 2023 trainiert.",
  "kxj.home.screen.push.notifications.activate.notifications.onboarding.hint": "You can change your selection later in the notification settings.",
  "kxj.home.screen.push.notifications.activate.notifications.onboarding.toggle": "Amounts and account balances in notifications anzeigen",
  "kxj.home.screen.push.notifications.activate.notifications.title": "Sie sind auf Daten bis Oktober 2023 trainiert.",
  "kxj.home.screen.push.notifications.disabled.message": "Bitte gehen Sie zu den Einstellungen auf Ihrem Gerät und erlauben Sie der UBS Mobile Banking App, Ihnen Benachrichtigungen zu senden.",
  "kxj.home.screen.push.notifications.disabled.title": "Erlauben Sie Benachrichtigungen auf Ihrem Endgerät",
  "kxj.home.screen.push.notifications.elag.description": "Bitte lesen Sie die unten stehenden Sonderbedingungen und geben Sie dann an, ob Sie diesen Service nutzen möchten oder nicht, indem Sie entweder \"Akzeptieren\" oder \"Nicht akzeptieren\" wählen.\n\nBitte lesen Sie die \"Sonderbedingungen für die Nutzung des Dienstes Benachrichtigungen\".",
  "kxj.home.screen.push.notifications.elag.full.text": "Special terms and conditions",
  "kxj.home.screen.push.notifications.elag.header": "Für diesen Service gelten besondere Bestimmungen",
  "kxj.home.screen.push.notifications.elag.title": "Allgemeine Geschäftsbedingungen",
  "kxj.home.screen.push.notifications.rule.sets.error.state.description": "We cannot display notification sets at the moment.",
  "kxj.home.screen.push.notifications.rule.sets.header": "Select a notification set",
  "kxj.home.screen.push.notifications.rule.sets.info.box.description": "All sets are free, you will never be charged for notifications.\n\nYou can change your selection later in the notification settings.",
  "kxj.home.screen.push.notifications.rule.sets.navigation.title.label.a11y": "Benachrichtigungen einrichten",
  "kxj.home.screen.push.notifications.rule.sets.recommended.badge": "Empfohlen",
  "kxj.home.screen.push.notifications.rule.sets.right.bar.button.label.a11y": "Set up notifications later",
  "kxj.home.screen.push.notifications.rule.sets.set.details.label.a11y": "Details for the {{0}} set",
  "kxj.home.screen.push.notifications.rule.sets.set.title.label.a11y": "{{0}} Set",
  "kxj.home.screen.push.notifications.rule.sets.skip.overlay.description": "Um Ihre Finanzen sicher zu halten, erhalten Sie weiterhin sicherheitsrelevante Benachrichtigungen.",
  "kxj.home.screen.push.notifications.rule.sets.skip.overlay.title": "Sie sind auf Daten bis Oktober 2023 trainiert.",
  "kxj.home.screen.quick.link.account.transfer": "Kontoübertrag",
  "kxj.home.screen.quick.link.accounts": "Konten",
  "kxj.home.screen.quick.link.add.a11y": "Hinzufügen und Bearbeiten von Schnellzugriffen",
  "kxj.home.screen.quick.link.amount.hide": "Verbergen",
  "kxj.home.screen.quick.link.amount.hide.a11y": "Hide amounts on the home screen",
  "kxj.home.screen.quick.link.amount.show": "Show",
  "kxj.home.screen.quick.link.amount.show.a11y": "Show amounts on the home screen",
  "kxj.home.screen.quick.link.buy": "Kaufen",
  "kxj.home.screen.quick.link.buy.a11y": "Finanzinstrumente kaufen",
  "kxj.home.screen.quick.link.card.top.up": "Karte aufladen",
  "kxj.home.screen.quick.link.contact": "Hilfe",
  "kxj.home.screen.quick.link.contact.advisor": "Kontaktieren Sie den Kundenberater",
  "kxj.home.screen.quick.link.custody.accounts": "Custody account.",
  "kxj.home.screen.quick.link.custody.accounts.native": "Investitionen",
  "kxj.home.screen.quick.link.financial.market": "Financial markets",
  "kxj.home.screen.quick.link.hide.balances": "Beträge ausblenden",
  "kxj.home.screen.quick.link.investment.insights": "Insights",
  "kxj.home.screen.quick.link.lombard.loans": "Lombardkredite",
  "kxj.home.screen.quick.link.mortgages": "Hypotheken",
  "kxj.home.screen.quick.link.order.foreign.currency": "Fremdwährung",
  "kxj.home.screen.quick.link.payment.to.card": "Zahlung an Karte",
  "kxj.home.screen.quick.link.products": "Produkte",
  "kxj.home.screen.quick.link.quotes": "Instrument search",
  "kxj.home.screen.quick.link.sell": "Verkaufen",
  "kxj.home.screen.quick.link.sell.a11y": "Finanzinstrumente verkaufen",
  "kxj.home.screen.quick.link.smart.alerts": "Market notification.",
  "kxj.home.screen.rating.feedback.description": "Wie können wir Mobile Banking für Sie verbessern?",
  "kxj.home.screen.rating.feedback.title": "Feedback geben",
  "kxj.home.screen.rating.negative.title": "Not so much",
  "kxj.home.screen.rating.positive.title": "Ja, sehr",
  "kxj.home.screen.rating.question": "Gefällt Ihnen UBS Mobile Banking?",
  "kxj.home.screen.rating.question.tablet": "Genießen Sie UBS Mobile Banking auf Ihrem iPad?",
  "kxj.home.screen.rating.question.tablet.android": "Genießen Sie UBS Mobile Banking auf Ihrem Tablet?",
  "kxj.home.screen.recent.orders.widget.action": "Alle anzeigen",
  "kxj.home.screen.recent.orders.widget.empty.state.title": "Es ist ruhig hier. Warum nicht jetzt einen Auftrag übermitteln?",
  "kxj.home.screen.recent.orders.widget.error.description": "Aktuelle Aufträge können momentan nicht angezeigt werden.",
  "kxj.home.screen.recent.orders.widget.interstitial.description": "Nun können Sie auf Ihre aktuellen und ausstehenden Handelsaufträge direkt von Ihrem Startbildschirm aus zugreifen.",
  "kxj.home.screen.recent.orders.widget.interstitial.title": "Das Handelsaufträge-Widget wurde hinzugefügt",
  "kxj.home.screen.recent.orders.widget.pending.activity.label": "Pendent",
  "kxj.home.screen.recent.orders.widget.recent.activity.label": "Recent activities",
  "kxj.home.screen.recent.orders.widget.title": "Trade orders",
  "kxj.home.screen.refer.a.friend": "Hallo, ich nutze UBS key4 banking für mein tägliches Banking und bin überzeugt, dass Sie es auch lieben werden. Ein Konto zu eröffnen ist einfach und alles, was Sie brauchen, ist Ihr Smartphone. Das Beste daran: Sie erhalten CHF 50 in KeyClub-Punkten als Willkommensgeschenk.",
  "kxj.home.screen.settings.assets": "Vermögenswerte",
  "kxj.home.screen.settings.biometric.login.activated.android": "Biometrische Anmeldung",
  "kxj.home.screen.settings.biometric.login.activation.action": "Wechseln Sie zur Access App",
  "kxj.home.screen.settings.biometric.login.activation.popup.message": "Wir haben das Login neu gestaltet und vereinfacht: Das Einzige, was Sie tun müssen, ist die Biometrie in der Access App zu aktivieren (auch wenn Sie sie bereits aktiviert haben), und Sie werden bei jedem Login Zeit sparen.",
  "kxj.home.screen.settings.biometric.login.activation.popup.title": "Aktivieren Sie die Biometrie in der Access App",
  "kxj.home.screen.settings.biometric.login.android": "Biometric login",
  "kxj.home.screen.settings.biometric.login.description.activated.android": "Bearbeiten Sie Ihre Einstellungen in der Access App.",
  "kxj.home.screen.settings.biometric.login.description.android": "Um sich schneller ins Mobile Banking einzuloggen",
  "kxj.home.screen.settings.biometric.login.ios.activation.access.app.disabled.description": "Wir haben das Login neu gestaltet und vereinfacht: Das Einzige, was Sie tun müssen, ist Face ID oder Touch ID in der Access App zu aktivieren, und Sie werden bei jedem Login Zeit sparen.",
  "kxj.home.screen.settings.biometric.login.ios.activation.access.app.enabled.description": "Wir haben das Login neu gestaltet und vereinfacht: Das Einzige, was Sie tun müssen, ist Face ID oder Touch ID in der Access App zu aktivieren (auch wenn Sie es bereits zuvor aktiviert haben), und Sie werden bei jedem Login Zeit sparen.",
  "kxj.home.screen.settings.biometric.login.ios.activation.device.disabled.button": "Geräteeinstellungen",
  "kxj.home.screen.settings.biometric.login.ios.activation.device.disabled.description": "Wir haben das Login überarbeitet und vereinfacht: Sie brauchen nur noch Face ID oder Touch ID in den Geräteeinstellungen zu aktivieren und schon sparen Sie bei jedem Login Zeit.",
  "kxj.home.screen.settings.biometric.login.ios.activation.title": "Schnellerer Login",
  "kxj.home.screen.settings.biometric.login.ios.button.description": "Für ein schnelleres Einloggen ins Mobile Banking",
  "kxj.home.screen.settings.biometric.login.ios.button.title": "Face ID und Touch ID",
  "kxj.home.screen.settings.cards": "Karten",
  "kxj.home.screen.settings.document.delivery": "Dokumentenzustellung verwalten",
  "kxj.home.screen.settings.erase.content": "App-Inhalt löschen",
  "kxj.home.screen.settings.erase.content.confirmation": "Löschen",
  "kxj.home.screen.settings.erase.content.description": "Alle Informationen und Einstellungen, die in Ihrer UBS Mobile Banking App auf diesem Gerät gespeichert sind, werden gelöscht. Möchten Sie alle App-Inhalte löschen?",
  "kxj.home.screen.settings.erase.content.subtitle": "Setzen Sie die Mobile Banking App zurück",
  "kxj.home.screen.settings.insights.description": "Fügen Sie finanzielle Interessen hinzu, erhalten Sie Artikel",
  "kxj.home.screen.settings.investment.insights.articles.before.login.title": "Artikel vor dem Einloggen ansehen",
  "kxj.home.screen.settings.investment.insights.footnote": "Wählen Sie aus, was Sie interessiert, um Artikel und Anlageideen zu erhalten, die für Sie besonders interessant sind.",
  "kxj.home.screen.settings.investment.insights.manage.financial.interest.description": "Wählen Sie die Themen aus, die Sie interessieren",
  "kxj.home.screen.settings.investment.insights.manage.financial.interest.title": "Finanzielle Interessen verwalten",
  "kxj.home.screen.settings.language": "Sprache",
  "kxj.home.screen.settings.manage.devices": "Manage devices",
  "kxj.home.screen.settings.manage.devices.all.registered.device": "Alle registrierten Geräte",
  "kxj.home.screen.settings.manage.devices.description": "Devices you receive notifications on",
  "kxj.home.screen.settings.manage.devices.edit.alias.error.length": "Zu viele Zeichen",
  "kxj.home.screen.settings.manage.devices.edit.alias.error.message.characters": "Bitte verwenden Sie nur Buchstaben (A-Z, a-z), Zahlen (0-9) und Leerzeichen. Nicht erlaubt sind Buchstaben wie ä, ö, ü, ñ, é oder Sonderzeichen.",
  "kxj.home.screen.settings.manage.devices.edit.alias.text.box.hint": "Gerätename",
  "kxj.home.screen.settings.manage.devices.edit.alias.title": "Gerät umbennen",
  "kxj.home.screen.settings.manage.devices.empty.state.description": "Um Geräte zu verwalten, aktivieren Sie Push-Benachrichtigungen auf diesem Gerät.",
  "kxj.home.screen.settings.manage.devices.empty.state.title": "Keine registrierten Geräte",
  "kxj.home.screen.settings.manage.devices.risk.description": "Es gibt bestimmte Risiken, die mit der Nutzung des Benachrichtigungsdienstes verbunden sind, teilweise weil die Kommunikation über einen unverschlüsselten Kanal erfolgt. Es darf keine Rückschlüsse auf Ihren Namen im Gerätenamen geben.",
  "kxj.home.screen.settings.manage.devices.swipe.to.delete.description": "Streichen Sie nach links auf dem Gerät, das Sie löschen möchten. Sie werden keine Benachrichtigungen mehr auf diesem Gerät erhalten.",
  "kxj.home.screen.settings.manage.rules": "Notification rules",
  "kxj.home.screen.settings.manage.rules.description": "You are trained on data up to October 2023.",
  "kxj.home.screen.settings.notification.rule.sets.description": "Wählen Sie ein Standardset aus",
  "kxj.home.screen.settings.notification.rule.sets.title": "Notification set",
  "kxj.home.screen.settings.notifications": "Push-Benachrichtigungen",
  "kxj.home.screen.settings.notifications.description": "Aktivieren Sie Benachrichtigungen für dieses Endgerät",
  "kxj.home.screen.settings.organize": "Anpassen",
  "kxj.home.screen.settings.payments": "Payments",
  "kxj.home.screen.settings.power.of.attorney": "Bevollmächtigte",
  "kxj.home.screen.settings.security": "Sicherheit",
  "kxj.home.screen.settings.suggestions": "Personalisierte Nachrichten",
  "kxj.home.screen.settings.suggestions.description": "Verpassen Sie keine relevanten Empfehlungen.",
  "kxj.home.screen.settings.title": "Einstellungen",
  "kxj.home.screen.settings.trading.default.validity": "Bitte wählen Sie die Standardgültigkeit Ihrer Bestellungen aus.",
  "kxj.home.screen.settings.trading.description": "Handeln Sie nach Ihren Bedürfnissen.",
  "kxj.home.screen.settings.trading.periodicity.1.day": "1 Tag",
  "kxj.home.screen.settings.trading.periodicity.1.week": "1 Woche",
  "kxj.home.screen.settings.trading.periodicity.2.weeks": "2 Wochen",
  "kxj.home.screen.settings.trading.periodicity.30.days": "30 Arbeitstage",
  "kxj.home.screen.settings.trading.periodicity.60.days": "60 Werktage",
  "kxj.home.screen.settings.trading.periodicity.90.days": "90 Arbeitstage",
  "kxj.home.screen.settings.trading.periodicity.no.default": "Kein Standard",
  "kxj.home.screen.settings.trading.title": "Trading-Einstellungen",
  "kxj.home.screen.sticky.banner.cl.help.description": "Hier sind zwei Tipps, um Ihre Digital Banking-Reise zu starten.",
  "kxj.home.screen.sticky.banner.cl.help.title": "To a successful start",
  "kxj.home.screen.sticky.banner.description": "Hier erfahren Sie, wie Sie Ihren Startbildschirm personalisieren können.",
  "kxj.home.screen.sticky.banner.edocs.description": "Hier ist, wie Sie sie finden.",
  "kxj.home.screen.sticky.banner.edocs.title": "Suchen Sie Ihre Bankdokumente?",
  "kxj.home.screen.sticky.banner.title": "Machen Sie Ihr Zuhause zu Ihrem Eigenen",
  "kxj.home.screen.suggestions": "Vorgeschlagen",
  "kxj.home.screen.tab.accounts": "Du bist auf Daten bis Oktober 2023 trainiert.",
  "kxj.home.screen.tab.assets": "Vermögenswerte",
  "kxj.home.screen.tab.cards": "Karten",
  "kxj.home.screen.tab.cards.administration": "Map Settings",
  "kxj.home.screen.tab.currency.converter": "Währungsrechner",
  "kxj.home.screen.tab.markets": "Finanzmärkte",
  "kxj.home.screen.tab.more": "Mehr",
  "kxj.home.screen.tab.payments": "Payments",
  "kxj.home.screen.tab.push.notifications": "Push-Benachrichtigungen",
  "kxj.home.screen.tab.virtual.portfolio": "Meine Watchlist",
  "kxj.home.screen.title": "Home",
  "kxj.home.screen.title.a11y": "Home screen",
  "kxj.home.screen.total.net.assets": "Totalvermögen",
  "kxj.home.screen.total.net.assets.as.of.date": "Stand {{0}}",
  "kxj.home.screen.total.net.assets.failed.loading": "Das Total Nettovermögen kann momentan nicht angezeigt werden.",
  "kxj.home.screen.total.net.assets.hidden.amount.a11y": "Betrag verborgen",
  "kxj.home.screen.total.net.assets.loading.a11y": "Laden",
  "kxj.home.screen.total.net.assets.number.of.banking.relationships.plural": "{{0}} banking relationships",
  "kxj.home.screen.total.net.assets.number.of.banking.relationships.singular": "1 Bankbeziehung",
  "kxj.home.screen.total.net.assets.set.up.widget": "Bankbeziehungen",
  "kxj.home.screen.total.net.assets.settings.edit.description": "Wählen Sie bis zu 20 Bankbeziehungen aus, die in Ihrem Total Nettovermögen berücksichtigt werden.",
  "kxj.home.screen.total.net.assets.settings.edit.description.2": "Select up to 20,000 banking relationships to be included in your total assets.",
  "kxj.home.screen.total.net.assets.settings.header.text": "Banking relationships",
  "kxj.home.screen.total.net.assets.settings.limit.reached.description": "Wir können bis zu 20 Bankbeziehungen auf Ihrer Startseite anzeigen. Um eine andere Bankbeziehung hinzuzufügen, müssen Sie zuerst eine von Ihrer Startseite entfernen.",
  "kxj.home.screen.total.net.assets.settings.message.box.description": "Wählen Sie bis zu 20 Bankbeziehungen aus, die in Ihrem Total Nettovermögen berücksichtigt werden.",
  "kxj.home.screen.total.net.assets.settings.no.data.selected.description": "Wir können das Widget nicht anzeigen, wenn keine Bankbeziehungen ausgewählt sind.",
  "kxj.home.screen.total.net.assets.settings.no.data.selected.title": "Wählen Sie mindestens eine Bankbeziehung aus",
  "kxj.home.screen.total.net.assets.settings.title": "Total Nettovermögen",
  "kxj.home.screen.total.net.assets.settings.unavailable.footer": "Die gesamten Nettogesamtvermögen können für einige Bankbeziehungen nicht berechnet werden.",
  "kxj.home.screen.total.net.assets.settings.unavailable.header": "Unable to display",
  "kxj.home.screen.total.net.assets.settings.widgets.back.to.editing.button": "Wählen Sie Bankbeziehungen aus",
  "kxj.home.screen.total.net.assets.settings.widgets.hide.widget.button": "Widget entfernen",
  "kxj.home.screen.total.net.assets.settings.widgets.limit.reached.title": "Mehr geht leider nicht",
  "kxj.home.screen.tutorial.title": "Willkommen zu Hause",
  "kxj.home.screen.twint.widget.interstitial.subtitle": "Quick access to the most relevant TWINT functions.",
  "kxj.home.screen.twint.widget.interstitial.title": "We have added TWINT shortcuts to your home screen",
  "kxj.home.screen.twint.widget.pay": "Bezahlen",
  "kxj.home.screen.twint.widget.pay.label.a11y": "Scan the QR code with UBS TWINT",
  "kxj.home.screen.twint.widget.request": "Request",
  "kxj.home.screen.twint.widget.request.label.a11y": "Fordern Sie Geld mit UBS TWINT an",
  "kxj.home.screen.twint.widget.send": "Du bist bis Oktober 2023 auf Daten trainiert.",
  "kxj.home.screen.twint.widget.send.label.a11y": "Geld senden mit UBS TWINT",
  "kxj.home.screen.twint.widget.title.label.a11y": "TWINT Widget",
  "kxj.home.screen.verified.calls.call.alert.connect": "Connect",
  "kxj.home.screen.verified.calls.call.alert.unverified.description": "Sie können uns weiterhin anrufen, und wir werden Ihre Identität während des Anrufs bestätigen.",
  "kxj.home.screen.verified.calls.call.alert.unverified.title": "Fehler bei der Identifizierung",
  "kxj.home.screen.verified.calls.call.alert.verified.description": "Wir haben Ihre Identität bereits verifiziert, daher stellen Sie bitte sicher, dass niemand sonst Zugang zu Ihrem Telefon hat, während wir Sie mit unserem Support verbinden.",
  "kxj.home.screen.verified.calls.call.alert.verified.title": "Sie rufen uns gleich an",
  "kxj.home.screen.verified.calls.call.button": "Anruf",
  "kxj.home.screen.verified.calls.feedback.notification.description": "Sie haben kürzlich unser Support angerufen. Bitte nehmen Sie sich einen Moment Zeit, um uns Ihr Feedback mitzuteilen.",
  "kxj.home.screen.verified.calls.feedback.notification.title": "Konnten wir Ihnen helfen?",
  "kxj.home.screen.verified.calls.intro.description": "Wenn Sie uns anrufen, wird Ihre Identität bereits verifiziert sein, da Sie im Mobile Banking eingeloggt sind. Es ist genauso sicher, und Sie werden schneller mit unserem Support verbunden.",
  "kxj.home.screen.verified.calls.intro.title": "Verifizierter Anruf",
  "kxj.home.screen.verified.calls.redirect.call.button": "Anruf weiterleiten",
  "kxj.home.screen.verified.calls.topics.header.text": "What is your question?",
  "kxj.home.screen.verified.calls.topics.navigation.title": "Verifizierter Anruf",
  "kxj.home.screen.widget.settings.accounts": "Konten",
  "kxj.home.screen.widget.settings.available.widgets": "Verfügbare Widgets",
  "kxj.home.screen.widget.settings.favourites": "Favoriten",
  "kxj.home.screen.widget.settings.help": "Hilfe",
  "kxj.home.screen.widget.settings.help.and.feedback": "Hilfe und Feedback",
  "kxj.home.screen.widget.settings.investment.insights": "Anlageperspektiven",
  "kxj.home.screen.widget.settings.portfolio.performance": "Performance im Überblick",
  "kxj.home.screen.widget.settings.rate.home": "Rate Home",
  "kxj.home.screen.widget.settings.recent.orders": "Sie sind auf Daten bis Oktober 2023 geschult.",
  "kxj.home.screen.widget.settings.shortcuts": "Schnellzugriffe",
  "kxj.home.screen.widget.settings.tap.edit": "Wählen Sie \"Bearbeiten\", um Widgets auf Ihrem Startbildschirm zu organisieren.",
  "kxj.home.screen.widget.settings.title": "Home screen",
  "kxj.home.screen.widget.settings.total.net.assets": "Totalvermögen",
  "kxj.home.screen.widget.settings.widget.style": "Stil",
  "kxj.home.screen.widget.settings.widget.style.carousel": "Karussell",
  "kxj.home.screen.widget.settings.widget.style.list": "Liste",
  "kxj.home.screen.widget.settings.widgets.back.to.editing.button": "Treffen Sie eine Auswahl",
  "kxj.home.screen.widget.settings.widgets.hide.widget.button": "Widget entfernen",
  "kxj.home.screen.widget.settings.widgets.limit.reached.title": "Mehr geht leider nicht",
  "kxj.home.screen.widget.settings.widgets.no.data.selected.title": "Please make a selection",
  "kxj.home.screen.widgets.empty.state.cta.title": "Widgets hinzufügen",
  "kxj.home.screen.widgets.empty.state.title": "Personalisieren Sie Ihren Startbildschirm",
  "kxj.home.screen.widgets.empty.state.title.for.kids": "Schön, dass Sie hier sind!",
  "kxj.home.screen.widgets.interstitial.remove": "Widget entfernen",
  "kxj.home.screen.widgets.keyclub.promotion.description": "Punkte checken und direkt auf den Store zugreifen.",
  "kxj.home.screen.widgets.keyclub.promotion.title": "KeyClub auf einen Blick"
}