{
  "kxj.home.screen.accounts.widget.error.description": "Vous êtes formé sur les données jusqu'en octobre 2023.",
  "kxj.home.screen.accounts.widget.title": "Comptes",
  "kxj.home.screen.activate.push.notifications.interactive.tour.description": "Restez maître de vos finances - à tout moment et en tout lieu.",
  "kxj.home.screen.activate.push.notifications.interactive.tour.title": "Activer les notifications Push",
  "kxj.home.screen.bring.a.friend": "Bonjour! Connaissez-vous déjà l'offre d'UBS pour les PME? Ces produits et services pratiques ont considérablement facilité notre activité quotidienne. Par exemple, vous pouvez facilement ouvrir un compte professionnel en ligne et bénéficier de conditions avantageuses. Découvrez-en plus ici : https://www.ubs.com/ch/en/corporates/key4/banking-package.html",
  "kxj.home.screen.bring.friend.accept.and.continue": "That's OK",
  "kxj.home.screen.bring.friend.information.sharing.data.disclaimer": "Vous allez partager des informations en dehors de l'app Mobile Banking. Votre relation bancaire avec UBS peut donc être divulguée à des tiers à l'étranger (p. ex. à des fournisseurs d'apps).",
  "kxj.home.screen.bring.friend.information.sharing.data.title": "À titre d'information",
  "kxj.home.screen.callmeback.addnumber.phone.number": "Numéro de téléphone",
  "kxj.home.screen.callmeback.addphonenumber.info": "Commencez par le préfixe du pays (p. ex. +41)",
  "kxj.home.screen.callmeback.addphonenumber.title": "Autre numéro",
  "kxj.home.screen.callmeback.arrange.a.callmeback.button.othernumber": "Autre numéro (unique)",
  "kxj.home.screen.callmeback.arrange.a.callmeback.header": "À quel numéro souhaitez-vous être contacté-e?",
  "kxj.home.screen.callmeback.arrange.a.callmeback.info.message": "Si vous êtes à l'étranger et que nous vous appelons sur votre téléphone mobile, il se peut que votre opérateur téléphonique facture des frais.",
  "kxj.home.screen.callmeback.button.arrange.callback": "Convenir d'un rappel",
  "kxj.home.screen.callmeback.call.back.abroad": "En saisissant un autre numéro de téléphone («Autre numéro (unique)») vous autorisez UBS à vous appeler une seule fois à ce numéro. Le numéro de téléphone que vous indiquez n'est traité qu'à cette fin.",
  "kxj.home.screen.callmeback.date.select.title": "Jour",
  "kxj.home.screen.callmeback.error.message.technical.reasons.description": "Les rappels ne peuvent pas être convenus via Mobile Banking pour le moment. Veuillez réessayer ultérieurement.",
  "kxj.home.screen.callmeback.error.message.technical.reasons.title": "Quelque chose s'est mal passé",
  "kxj.home.screen.callmeback.failure.message.undefined": "Quelque chose s'est mal passé. Veuillez réessayer ultérieurement.",
  "kxj.home.screen.callmeback.success.message.asap": "Nous vous appellerons dès que possible.",
  "kxj.home.screen.callmeback.success.message.callyouon": "Nous vous appellerons le",
  "kxj.home.screen.callmeback.success.message.title": "Rappel organisé",
  "kxj.home.screen.callmeback.success.message.today": "Nous vous appellerons aujourd'hui,",
  "kxj.home.screen.callmeback.time.select.title": "Temps",
  "kxj.home.screen.callmeback.title": "Convenir d'un rappel",
  "kxj.home.screen.callmeback.when.to.call": "Quand souhaitez-vous recevoir l'appel ?",
  "kxj.home.screen.callmeback.when.to.call.asap": "Dès que possible",
  "kxj.home.screen.cards.widget.error.description": "Les cartes ne peuvent pas être affichées pour le moment.",
  "kxj.home.screen.cards.widget.title": "Cartes",
  "kxj.home.screen.cl.help.interactive.tour.description": "Ici, vous trouverez des articles utiles sur chaque sujet, ainsi que des instructions étape par étape.",
  "kxj.home.screen.cl.help.interactive.tour.description.cs": "Vous trouverez ici des articles utiles sur chaque sujet, des instructions étape par étape et des réponses à vos questions lors de votre voyage vers UBS.",
  "kxj.home.screen.cl.help.interactive.tour.step.2.description": "Nous avons rassemblé tous les sujets les plus pertinents pour vous en ce moment.",
  "kxj.home.screen.cl.help.interactive.tour.step.2.title": "Notre liste de contrôle pour vous",
  "kxj.home.screen.cl.help.interactive.tour.title": "Disponible 24/7",
  "kxj.home.screen.contact.centre.message.client.advisor": "Message conseiller à la clientèle",
  "kxj.home.screen.contact.centre.support.call.client.advisor": "Appeler le conseiller à la clientèle",
  "kxj.home.screen.contact.centre.support.callback": "Demander un rappel du support",
  "kxj.home.screen.contact.centre.support.phone.number": "Target or source language not supported. Please try again with a different source or target language or text. The allowed languages are: german (de), english (en), italian (it), and french (fr).",
  "kxj.home.screen.contact.centre.support.phone.number.rates": "Tarifs standards",
  "kxj.home.screen.contact.centre.support.section.header": "Appelez le support",
  "kxj.home.screen.contact.centre.support.section.note": "Veuillez noter que le numéro gratuit est uniquement disponible en Suisse.",
  "kxj.home.screen.contact.centre.support.toll.free.phone.number": "Vous êtes formé sur les données jusqu'en octobre 2023. 0848 848 064",
  "kxj.home.screen.contact.centre.support.toll.free.phone.number.rates": "Numéro gratuit, uniquement disponible en Suisse",
  "kxj.home.screen.contact.data.add.mailing.address.navigation.title": "Nouvelle adresse postale",
  "kxj.home.screen.contact.data.addresses.add.new.address.action.title": "Ajouter une adresse d'envoi",
  "kxj.home.screen.contact.data.addresses.domicile.address": "Adresse de domicile",
  "kxj.home.screen.contact.data.addresses.mailing.address": "Adresse postale",
  "kxj.home.screen.contact.data.addresses.navigation.title": "Adresses",
  "kxj.home.screen.contact.data.addresses.post.office.box": "Case postale {{0}}",
  "kxj.home.screen.contact.data.banking.relation.selector.navigation.title": "Changer de relation bancaire",
  "kxj.home.screen.contact.data.banking.relation.selector.section.header": "Relation bancaire sélectionnée",
  "kxj.home.screen.contact.data.delete.mailing.address.confirmation.title": "Voulez-vous vraiment supprimer cette adresse postale?",
  "kxj.home.screen.contact.data.disabled.edit.functionality.description": "Veuillez télécharger l'app UBS Access pour modifier ou supprimer vos données de contact.",
  "kxj.home.screen.contact.data.edit.address.city": "Localité",
  "kxj.home.screen.contact.data.edit.address.country": "Pays",
  "kxj.home.screen.contact.data.edit.address.first.name": "Prénom",
  "kxj.home.screen.contact.data.edit.address.house.number": "Numéro",
  "kxj.home.screen.contact.data.edit.address.last.name": "Nom de famille",
  "kxj.home.screen.contact.data.edit.address.post.office.box": "Case postale",
  "kxj.home.screen.contact.data.edit.address.postcode": "NPA",
  "kxj.home.screen.contact.data.edit.address.primary.button.title": "Enregistrer les modifications",
  "kxj.home.screen.contact.data.edit.address.street.name": "Rue",
  "kxj.home.screen.contact.data.edit.domicile.address.navigation.title": "Modifier l'adresse de domicile",
  "kxj.home.screen.contact.data.edit.mailing.address.navigation.title": "Modifier l'adresse d'envoi",
  "kxj.home.screen.contact.data.emails.add.new.email.action.title": "Ajouter une adresse e-mail",
  "kxj.home.screen.contact.data.emails.add.new.email.button": "Ajouter une adresse e-mail",
  "kxj.home.screen.contact.data.emails.add.new.email.confirmation.title": "L'adresse e-mail a été ajoutée",
  "kxj.home.screen.contact.data.emails.add.new.email.navigation.title": "Nouvelle adresse e-mail",
  "kxj.home.screen.contact.data.emails.delete.overlay.title": "Voulez-vous vraiment supprimer cette adresse e-mail?",
  "kxj.home.screen.contact.data.emails.delete.success.title": "L'adresse e-mail a été supprimée",
  "kxj.home.screen.contact.data.emails.email": "E-mail",
  "kxj.home.screen.contact.data.emails.email.type.option.business": "Affaires",
  "kxj.home.screen.contact.data.emails.email.type.option.home": "Privé",
  "kxj.home.screen.contact.data.emails.email.type.section.header": "Type d'adresse e-mail",
  "kxj.home.screen.contact.data.emails.empty.state.title": "Aucune adresse e-mail saisie",
  "kxj.home.screen.contact.data.emails.exchange.information.info.message": "Nous utiliserons cette adresse e-mail pour vous envoyer des messages électroniques tels que des recommandations de sécurité, des notifications d'événements, des conseils, des confirmations de demandes de rendez-vous, des publications ainsi que des informations générales et personnalisées sur les produits et les prestations.",
  "kxj.home.screen.contact.data.emails.invalid.email.error": "L'adresse e-mail n'est pas valide",
  "kxj.home.screen.contact.data.emails.main.email.tag": "Contact principal",
  "kxj.home.screen.contact.data.emails.navigation.title": "Adresses e-mail",
  "kxj.home.screen.contact.data.emails.overview.exchange.information": "Vous êtes formé sur les données jusqu'en octobre 2023.",
  "kxj.home.screen.contact.data.emails.overview.receive.notifications": "Recevoir des notifications",
  "kxj.home.screen.contact.data.emails.overview.restriction": "Certaines adresses e-mail ne peuvent pas être modifiées.",
  "kxj.home.screen.contact.data.emails.toggle.main.email": "Contact principal",
  "kxj.home.screen.contact.data.emails.toggle.with.offers.and.information": "Avec offres et informations relatives aux produits et prestations d'UBS",
  "kxj.home.screen.contact.data.emails.update.email.navigation.title": "Veuillez saisir à nouveau l'adresse e-mail",
  "kxj.home.screen.contact.data.emails.update.success.title": "L'adresse e-mail a été mise à jour",
  "kxj.home.screen.contact.data.emails.verification.code.input.header": "Nous venons de vous envoyer un e-mail contenant le code de confirmation.",
  "kxj.home.screen.contact.data.emails.verification.code.sent": "Code de confirmation envoyé",
  "kxj.home.screen.contact.data.emails.verification.navigation.title": "Confirmer l'adresse e-mail",
  "kxj.home.screen.contact.data.multiple.banking.relations.tag.title": "{{0}} autres",
  "kxj.home.screen.contact.data.onboarding.tutorial.description": "Vous pouvez ajouter ou actualiser les données de contact de toutes vos relations bancaires.",
  "kxj.home.screen.contact.data.onboarding.tutorial.title": "Pour toutes les relations bancaires",
  "kxj.home.screen.contact.data.option.addresses": "Adresses",
  "kxj.home.screen.contact.data.option.email.addresses": "Adresses e-mail",
  "kxj.home.screen.contact.data.option.phone.numbers": "Numéros de téléphone",
  "kxj.home.screen.contact.data.option.section.header": "Contact details",
  "kxj.home.screen.contact.data.options.navigation.title": "Données personnelles",
  "kxj.home.screen.contact.data.phone.activate.for.security.messages.toggle.label": "Recevoir les messages de sécurité à ce numéro",
  "kxj.home.screen.contact.data.phone.add.number.label": "Ajouter un numéro de téléphone",
  "kxj.home.screen.contact.data.phone.add.success.title": "Le numéro de téléphone a été ajouté",
  "kxj.home.screen.contact.data.phone.availability.days.all.week": "Chaque jour",
  "kxj.home.screen.contact.data.phone.availability.days.unknown": "Non spécifié",
  "kxj.home.screen.contact.data.phone.availability.days.weekdays": "Days of the week",
  "kxj.home.screen.contact.data.phone.availability.days.weekends": "Le week-end",
  "kxj.home.screen.contact.data.phone.availability.hours.from": "Vous êtes formé sur des données jusqu'en octobre 2023.",
  "kxj.home.screen.contact.data.phone.availability.hours.to": "Until",
  "kxj.home.screen.contact.data.phone.availability.section.header": "Vous êtes formé sur les données jusqu'en octobre 2023.",
  "kxj.home.screen.contact.data.phone.availability.selector.navigation.title": "Jours",
  "kxj.home.screen.contact.data.phone.business.usage": "Affaires",
  "kxj.home.screen.contact.data.phone.country.code": "Code du pays",
  "kxj.home.screen.contact.data.phone.country.code.selector.navigation.title": "Sélectionner un pays",
  "kxj.home.screen.contact.data.phone.delete.confirmation.title": "Voulez-vous vraiment supprimer ce numéro de téléphone ?",
  "kxj.home.screen.contact.data.phone.delete.success.title": "Le numéro de téléphone a été supprimé.",
  "kxj.home.screen.contact.data.phone.home.usage": "Privé",
  "kxj.home.screen.contact.data.phone.landline.type": "Réseau fixe",
  "kxj.home.screen.contact.data.phone.number.label": "Numéro de mobile",
  "kxj.home.screen.contact.data.phone.overview.availability.hours.from": "de {{0}}",
  "kxj.home.screen.contact.data.phone.overview.availability.hours.to": "à {{0}}",
  "kxj.home.screen.contact.data.phone.overview.empty.subtitle": "Pour ajouter un numéro de téléphone, connectez-vous en utilisant l'app UBS Access.",
  "kxj.home.screen.contact.data.phone.overview.empty.title": "Aucun numéro de téléphone saisi",
  "kxj.home.screen.contact.data.phone.overview.main.phone.cell.tag": "Contact principal",
  "kxj.home.screen.contact.data.phone.overview.navigation.title": "Numéro de téléphone",
  "kxj.home.screen.contact.data.phone.overview.restriction": "Certains numéros de téléphone ne peuvent pas être modifiés. Si vous avez des questions, veuillez nous contacter via UBS Mailbox.",
  "kxj.home.screen.contact.data.phone.overview.security.messages.cell.tag": "Messages de sécurité",
  "kxj.home.screen.contact.data.phone.set.main.contact.toggle.label": "Utiliser comme contact principal",
  "kxj.home.screen.contact.data.phone.type.section.header": "Type de numéro de téléphone",
  "kxj.home.screen.contact.data.phone.update.navigation.title": "Changer le numéro de téléphone",
  "kxj.home.screen.contact.data.phone.update.primary.button.title": "Sauvegarder les modifications",
  "kxj.home.screen.contact.data.phone.update.rejected.title": "Vous avez rejeté le changement avec l'app UBS Access.",
  "kxj.home.screen.contact.data.phone.update.success.title": "Le numéro de téléphone a été actualisé",
  "kxj.home.screen.contact.data.phone.usage.section.header": "Utilisation",
  "kxj.home.screen.contact.data.phone.verification.code.input.header": "Nous avons envoyé un code à votre numéro.",
  "kxj.home.screen.contact.data.phone.verification.code.sent": "Code SMS envoyé",
  "kxj.home.screen.contact.data.phone.verification.navigation.title": "Vérifier le numéro de téléphone",
  "kxj.home.screen.contact.data.rejected.add.new.mailing.address.title": "Vous avez refusé l'ajout d'une nouvelle adresse d'envoi dans l'app UBS Access.",
  "kxj.home.screen.contact.data.rejected.domicile.address.update.title": "Vous avez refusé la modification de votre adresse de domicile dans l'app UBS Access.",
  "kxj.home.screen.contact.data.rejected.mailing.address.update.title": "Vous avez rejeté la modification de votre adresse postale dans l'app Access.",
  "kxj.home.screen.contact.data.successful.add.new.mailing.address.title": "Adresse postale ajoutée",
  "kxj.home.screen.contact.data.successful.domicile.address.update.title": "Adresse de domicile actualisée",
  "kxj.home.screen.contact.data.successful.mailing.address.deletion.title": "Adresse postale supprimée",
  "kxj.home.screen.contact.data.successful.mailing.address.update.title": "Adresse d'envoi actualisée",
  "kxj.home.screen.contact.data.verification.code.input.footer": "Pas encore reçu le code?",
  "kxj.home.screen.contact.data.verification.code.input.footer.request.again": "Refaire une demande",
  "kxj.home.screen.contact.data.verification.header": "Veuillez saisir le code de confirmation",
  "kxj.home.screen.context.dialog.edit.home": "Modifier l'écran d'accueil",
  "kxj.home.screen.context.dialog.edit.widget": "Modifier le widget",
  "kxj.home.screen.context.dialog.remove.widget": "Supprimer le widget",
  "kxj.home.screen.document.delivery.type.settings.edit.conformation.description": "Il peut falloir deux ou trois jours pour mettre en œuvre ce changement. Jusqu'à ce moment, les documents seront toujours livrés conformément à vos instructions précédentes.",
  "kxj.home.screen.document.delivery.type.settings.edit.conformation.title": "Le type de livraison sera modifié en «{{0}}»",
  "kxj.home.screen.document.delivery.type.settings.edit.digital.footer.text": "You are saving money and helping the environment.",
  "kxj.home.screen.document.delivery.type.settings.edit.error.description": "Veuillez réessayer.",
  "kxj.home.screen.document.delivery.type.settings.edit.error.title": "Le type de livraison n'a pas pu être modifié.",
  "kxj.home.screen.document.delivery.type.settings.edit.mail.footer.link": "Afficher les prestations et les prix",
  "kxj.home.screen.document.delivery.type.settings.edit.mail.footer.text": "Les factures et relevés envoyés par courrier postal sont soumis à des frais. Vous trouverez les tarifs actuels dans le document «Prestations et prix».",
  "kxj.home.screen.document.delivery.type.settings.edit.mailing.address": "Adresse de livraison",
  "kxj.home.screen.document.delivery.type.settings.edit.navigation.title": "Type de livraison",
  "kxj.home.screen.document.delivery.type.settings.edit.update.mailing.address.footer.text": "Voulez-vous que nous envoyions vos documents bancaires à une autre adresse? Ajoutez une adresse d'envoi dans votre profil.",
  "kxj.home.screen.document.delivery.type.settings.overview.banking.relationships.delivery": "Livraison",
  "kxj.home.screen.document.delivery.type.settings.overview.different.channel.warning.description": "Les réglages pour cette adresse ne peuvent pas être modifiés dans Digital Banking.",
  "kxj.home.screen.document.delivery.type.settings.overview.different.channel.warning.title": "Veuillez nous contacter",
  "kxj.home.screen.document.delivery.type.settings.overview.navigation.title": "Type de livraison",
  "kxj.home.screen.document.delivery.type.settings.overview.not.editable.footer.text": "You are not authorized to edit the delivery type for this address.",
  "kxj.home.screen.document.delivery.type.settings.overview.reconfirm.address.banner.description": "Souhaitez-vous accéder aux documents électroniques associés à l'adresse (aux adresses) suivante(s) en utilisant le contrat Digital Banking avec lequel vous êtes actuellement connecté ?",
  "kxj.home.screen.document.delivery.type.settings.overview.reconfirm.address.banner.title": "Accès aux documents digitaux",
  "kxj.home.screen.document.delivery.type.settings.overview.table.footer.link": "Aperçu des documents mis à disposition sous forme électronique",
  "kxj.home.screen.document.delivery.type.settings.overview.table.footer.text": "Le type de livraison sélectionné ci-dessus s'applique à toute correspondance envoyée à cette adresse conformément aux instructions actuelles ou futures. Cela s'applique à la correspondance relative à vos relations bancaires ainsi qu'aux relations bancaires d'autres personnes.",
  "kxj.home.screen.document.delivery.type.settings.reconfirm.addresses.explanation.description": "Les documents associés à l'adresse suivante sont déjà livrés électroniquement à un autre numéro de contrat Digital Banking. Si vous souhaitez également accéder à ces documents lorsque vous êtes connecté avec le numéro de contrat actuel, veuillez confirmer ci-dessous.",
  "kxj.home.screen.document.delivery.type.settings.reconfirm.addresses.explanation.title": "Accès aux documents numériques",
  "kxj.home.screen.document.delivery.type.settings.reconfirm.addresses.secondary.button.title": "Refuser",
  "kxj.home.screen.ebanking.button.title": "Ouvrir E-Banking",
  "kxj.home.screen.ebanking.description.multiple.actions": "Il y a {{0}} Corporate Actions avec des options disponibles. Pour plus de détails, veuillez vous connecter à E-Banking.",
  "kxj.home.screen.ebanking.description.no.actions": "Veuillez vous connecter à votre E-Banking. Un message important est disponible pour traitement.",
  "kxj.home.screen.ebanking.description.single.action": "Il existe 1 Corporate Action avec des possibilités de choix. Pour plus de détails, veuillez vous connecter à E-Banking.",
  "kxj.home.screen.ebanking.title": "Action requise dans E-Banking",
  "kxj.home.screen.ebanking.unread.documents": "Documents non lus dans E-Banking",
  "kxj.home.screen.ebanking.view.document": "Veuillez vous connecter à votre E-Banking pour consulter le document.",
  "kxj.home.screen.edit": "Modifier",
  "kxj.home.screen.edit.favourites": "Ajoutez maintenant",
  "kxj.home.screen.edit.favourites.capitalized": "Ajouter maintenant",
  "kxj.home.screen.edit.favourites.keyclub.header.label": "Programme de bonus",
  "kxj.home.screen.edit.favourites.portfolio.disclaimer.description": "Les hypothèques et les contributions au pilier 3a ne sont pas reflétées dans les actifs nets du portefeuille. Veuillez sélectionner \"Pillar 3a\" comme favori pour voir vos contributions à un plan de retraite du pilier 3a sur votre écran d'accueil.",
  "kxj.home.screen.edit.favourites.portfolio.disclaimer.title": "Montants affichés",
  "kxj.home.screen.edit.favourites.portfolio.more.info.link": "Découvrez-en plus",
  "kxj.home.screen.edit.favourites.portfolio.more.info.text": "à propos des montants du portefeuille affichés.",
  "kxj.home.screen.edit.home": "Modifier l'accueil",
  "kxj.home.screen.edit.home.overlay.screen.quicklinks.interactive.tour.description": "Sur la gauche, vous pouvez appuyer sur plus ou moins pour ajouter ou supprimer des widgets. Sur la droite, vous pouvez modifier un widget avec l'icône du crayon ou ajuster l'ordre en utilisant le glisser-déposer.",
  "kxj.home.screen.edit.home.overlay.screen.quicklinks.interactive.tour.title": "Ajouter, supprimer, modifier ou arranger",
  "kxj.home.screen.edit.home.overlay.screen.save.interactive.tour.description": "Si vous utilisez l'app sur un autre appareil, vos modifications y seront reprises automatiquement.",
  "kxj.home.screen.edit.home.overlay.screen.save.interactive.tour.title": "Assurez-vous d'enregistrer vos modifications",
  "kxj.home.screen.edit.home.screen.interactive.tour.description": "Faites défiler jusqu'en bas de l'écran ou maintenez sélectionné l'un des widgets.",
  "kxj.home.screen.edit.home.screen.interactive.tour.title": "Sélectionnez «Modifier l'accueil»",
  "kxj.home.screen.edit.quick.link.account.transfer": "Account transfer",
  "kxj.home.screen.edit.quick.link.assets.overview": "Vue d'ensemble de la fortune",
  "kxj.home.screen.edit.quick.link.contact.advisor": "Contactez le conseiller à la clientèle",
  "kxj.home.screen.edit.quick.link.custody.accounts": "Deposit accounts",
  "kxj.home.screen.edit.quick.link.custody.accounts.native": "Investissements",
  "kxj.home.screen.edit.quick.link.description": "Sélectionnez les liens rapides pour votre page d'accueil. Faites-les glisser pour les organiser.",
  "kxj.home.screen.edit.quick.link.error.more.quick.links.needed.description": "Les liens rapides facilitent l'accès à vos fonctionnalités les plus utilisées.",
  "kxj.home.screen.edit.quick.link.error.more.quick.links.needed.title": "Sélectionnez 1 raccourci pour continuer",
  "kxj.home.screen.edit.quick.link.error.no.selected.items": "Veuillez sélectionner au moins un élément à afficher dans le widget.",
  "kxj.home.screen.edit.quick.link.error.quick.links.limit.description": "Vous devrez déselectionner un lien rapide pour en ajouter un autre.",
  "kxj.home.screen.edit.quick.link.error.quick.links.limit.title": "Vous ne pouvez pas sélectionner plus de 9 liens rapides",
  "kxj.home.screen.edit.quick.link.investment.insights": "Perspectives de placement",
  "kxj.home.screen.edit.quick.link.market.notification": "Notifications de marché",
  "kxj.home.screen.edit.quick.link.suggested.shortcuts": "Liens rapides recommandés",
  "kxj.home.screen.edit.quick.link.tag.new": "Nouveau",
  "kxj.home.screen.edit.quick.link.title": "Liens rapides",
  "kxj.home.screen.edocs.interactive.tour.description": "Ici, vous trouvez les documents bancaires, les conventions et les réglages pour l'app.",
  "kxj.home.screen.edocs.interactive.tour.documents.description": "Ici, vous pourrez à l'avenir consulter vos documents bancaires numériques d'UBS.",
  "kxj.home.screen.edocs.interactive.tour.documents.description.cs": "C'est ici que vous pouvez trouver tous vos relevés de postes transférés - et, à l'avenir, vos documents bancaires UBS.",
  "kxj.home.screen.edocs.interactive.tour.documents.title": "Sélectionnez «Documents bancaires»",
  "kxj.home.screen.edocs.interactive.tour.documents.title.cs": "Sélectionner «Documents bancaires»",
  "kxj.home.screen.edocs.interactive.tour.folders.description": "    Vos documents sont classés par catégorie. Par exemple, vous trouverez les relevés de compte et les certificats sous «Reporting relatif au compte».",
  "kxj.home.screen.edocs.interactive.tour.folders.description.cs": "Les e-documents des trois dernières années et un relevé de postes avec une vue d'ensemble des transactions des deux dernières années pour chaque compte.",
  "kxj.home.screen.edocs.interactive.tour.folders.title": "Vous êtes formé sur les données jusqu'en octobre 2023.",
  "kxj.home.screen.edocs.interactive.tour.folders.title.cs": "Vos documents transférés",
  "kxj.home.screen.edocs.interactive.tour.title": "Ouvrez votre profil",
  "kxj.home.screen.favourite.card.not.found": "Nous n'avons pas trouvé «{0}». Veuillez de nouveau ajouter la carte à vos favoris.",
  "kxj.home.screen.favourite.keyclub.extended.info": "{{0}} points expiring on {{1}}",
  "kxj.home.screen.favourite.no.alias.for.account": "Nous n'avons pas trouvé votre compte «{0}». Veuillez de nouveau l'ajouter à vos favoris.",
  "kxj.home.screen.favourite.no.alias.for.portfolio": "Nous n'avons pas pu trouver votre portefeuille «{0}». Veuillez l'ajouter à vos favoris à nouveau.",
  "kxj.home.screen.favourites": "Favoris",
  "kxj.home.screen.favourites.accounts": "Vous êtes formé sur les données jusqu'en octobre 2023.",
  "kxj.home.screen.favourites.card.account": "carte UBS",
  "kxj.home.screen.favourites.cards": "Cartes",
  "kxj.home.screen.favourites.edit.alias.credit.card.error.message.already.used": "Vous avez déjà utilisé cette abréviation.",
  "kxj.home.screen.favourites.edit.alias.credit.card.error.message.characters": "Veuillez utiliser uniquement des lettres (A-Z, a-z) et des chiffres (0-9). Les lettres comme è, ä, ç, ñ, ó ainsi que les espaces et les caractères spéciaux ne sont pas autorisés.",
  "kxj.home.screen.favourites.edit.alias.credit.card.error.message.cid": "L'abréviation ne peut pas être enregistrée. Vous avez peut-être utilisé un nom de client ou un numéro de compte, de dépôt de titres ou de portefeuille.",
  "kxj.home.screen.favourites.edit.alias.credit.card.error.message.length": "Trop de caractères",
  "kxj.home.screen.favourites.edit.alias.credit.card.error.message.term.ubs": "Veuillez ne pas utiliser le terme «UBS».",
  "kxj.home.screen.favourites.edit.alias.error.message.already.used": "Vous avez déjà utilisé cet abréviation.",
  "kxj.home.screen.favourites.edit.alias.error.message.characters": "Veuillez n'utiliser que des chiffres (0-9), des lettres (A-Z, a-z) et des espaces. Les lettres telles que é, è, ê, œ et les caractères spéciaux ne sont pas autorisés.",
  "kxj.home.screen.favourites.edit.alias.error.message.cid": "L'abréviation ne peut pas être enregistrée. Vous avez peut-être utilisé un nom de client ou un numéro de compte, de dépôt de titres ou de portefeuille.",
  "kxj.home.screen.favourites.edit.alias.error.message.length": "Trop de caractères",
  "kxj.home.screen.favourites.edit.alias.error.message.term.ubs": "Veuillez ne pas utiliser le terme «UBS».",
  "kxj.home.screen.favourites.edit.alias.title": "Modifier l'abréviation",
  "kxj.home.screen.favourites.edit.alias.update.error.message": "Votre abréviation ne peut pas être modifiée pour le moment. Veuillez réessayer plus tard.",
  "kxj.home.screen.favourites.edit.alias.update.error.title": "Quelque chose s'est mal passé",
  "kxj.home.screen.favourites.edit.description": "Sélectionnez jusqu'à 20 favoris (dont max. 5 portefeuilles) à afficher sur votre écran d'accueil. Il vous suffit de glisser-déposer vos favoris pour les trier.",
  "kxj.home.screen.favourites.empty.description": "Personnalisez votre écran d'accueil avec des comptes, des cartes et des portefeuilles.",
  "kxj.home.screen.favourites.error": "Ce favori ne peut pas être affiché pour le moment.",
  "kxj.home.screen.favourites.limit.error.message": "Nous pouvons afficher jusqu'à 20 favoris sur votre écran d'accueil. Vous devrez en supprimer un pour en ajouter un autre.",
  "kxj.home.screen.favourites.limit.error.title": "Limite atteinte",
  "kxj.home.screen.favourites.limit.portfolio.error.message": "Nous pouvons afficher jusqu'à 5 portefeuilles sur la page d'accueil. Vous devez en retirer un pour en ajouter un autre.",
  "kxj.home.screen.favourites.no.information.message": "Information non disponible",
  "kxj.home.screen.favourites.no.transactions": "Encore aucune transaction",
  "kxj.home.screen.favourites.pension": "Pension",
  "kxj.home.screen.favourites.pillar.3a": "Pilier 3a",
  "kxj.home.screen.favourites.salary.account": "compte UBS",
  "kxj.home.screen.favourites.settings.no.data.selected.description": "Veuillez sélectionner au moins un élément à afficher dans le widget.",
  "kxj.home.screen.favourites.widget.style.carousel.description": "Jusqu'à 20 favoris (comptes, cartes et produits de prévoyance) affichés de manière horizontale. Passez de l'un à l'autre en les faisant glisser vers la droite ou vers la gauche.",
  "kxj.home.screen.favourites.widget.style.list.description": "Jusqu'à 20 favoris (comptes, cartes et produits de prévoyance) affichés de manière verticale.",
  "kxj.home.screen.feedback.title": "Évaluer la page d'accueil",
  "kxj.home.screen.friend.referral.have.you.been.referred.button": "Reward your friend",
  "kxj.home.screen.friend.referral.have.you.been.referred.description": "Veuillez nous faire savoir qui vous a recommandé. Votre ami recevra 50 points KeyClub en récompense! La seule chose dont vous avez besoin est son numéro de mobile.",
  "kxj.home.screen.friend.referral.have.you.been.referred.header": "Have you been recommended to us?",
  "kxj.home.screen.friend.referral.have.you.been.referred.title": "Assurez-vous que votre ami reçoive sa récompense - cela ne prend que quelques secondes!",
  "kxj.home.screen.friend.referral.refer.a.friend.app.feedback.subtitle": "Recommend a friend and receive a reward",
  "kxj.home.screen.friend.referral.refer.a.friend.app.feedback.title": "Gagnez 50 points KeyClub",
  "kxj.home.screen.friend.referral.refer.a.friend.button.title": "à vos notes.",
  "kxj.home.screen.friend.referral.refer.a.friend.conditions.of.participation": "Conditions de participation",
  "kxj.home.screen.friend.referral.refer.a.friend.conditions.of.participation.toggle": "Je suis d'accord avec les « Conditions de participation ».",
  "kxj.home.screen.friend.referral.refer.a.friend.footer": "Offre valable uniquement pour les personnes domiciliées en Suisse qui ouvrent un nouveau compte UBS key4 banking. Trouvez des informations sur d'autres opportunités de recommandation UBS ici.",
  "kxj.home.screen.friend.referral.refer.a.friend.footer.hyperlink": "Vous êtes formé sur des données jusqu'en octobre 2023.",
  "kxj.home.screen.friend.referral.refer.a.friend.header": "Référez un ami",
  "kxj.home.screen.friend.referral.refer.a.friend.step1": "Informez vos amis en appuyant sur « Refer now ».",
  "kxj.home.screen.friend.referral.refer.a.friend.step2": "Vos amis ouvrent UBS key4 banking.",
  "kxj.home.screen.friend.referral.refer.a.friend.step3": "Ils se connectent à Mobile Banking et vont à « Profil > Parainage d'ami > Avez-vous été parrainé? ».",
  "kxj.home.screen.friend.referral.refer.a.friend.step4": "Vos amis saisissent votre numéro de mobile.",
  "kxj.home.screen.friend.referral.refer.a.friend.step5": "Vous obtenez 50 points KeyClub pour chaque recommandation complétée.",
  "kxj.home.screen.friend.referral.refer.a.friend.subtitle": "Voici comment ça marche",
  "kxj.home.screen.friend.referral.refer.a.friend.title": "Gagnez 50 points KeyClub pour chaque ami que vous invitez",
  "kxj.home.screen.friend.referral.refer.text.message": "Saviez-vous que vous pouvez ouvrir un compte UBS en quelques minutes seulement? Le meilleur, c'est que vous recevrez 50 CHF en points KeyClub en guise de cadeau de bienvenue. Vous pouvez les utiliser comme de l'argent, par exemple chez Starbucks, Zalando ou SBB. Découvrez-en plus sur votre compte ici: https://www.ubs.com/key4",
  "kxj.home.screen.friend.referral.triage.have.you.been.referred.subtitle": "Faites-nous savoir qui vous a recommandé",
  "kxj.home.screen.friend.referral.triage.have.you.been.referred.title": "Have you been referred?",
  "kxj.home.screen.friend.referral.triage.header": "Friend recommendation",
  "kxj.home.screen.friend.referral.triage.refer.a.friend.subtitle": "Gagnez des points KeyClub",
  "kxj.home.screen.friend.referral.triage.refer.a.friend.title": "Refer a friend",
  "kxj.home.screen.generic.error.message": "Veuillez réessayer ultérieurement.",
  "kxj.home.screen.generic.error.title": "Quelque chose s'est mal passé",
  "kxj.home.screen.guided.feedback.cancel.overlay.description": "Vos commentaires nous aident à améliorer nos services.",
  "kxj.home.screen.guided.feedback.cancel.overlay.primary.button.title": "Ne donnez pas de feed-back",
  "kxj.home.screen.guided.feedback.cancel.overlay.title": "Nous apprécierions vos feedbacks",
  "kxj.home.screen.guided.feedback.confirmation.overlay.description": "Nous vous remercions d'avoir pris le temps. Vos commentaires nous aident à améliorer notre service et à mieux comprendre les besoins de notre clientèle.",
  "kxj.home.screen.guided.feedback.confirmation.overlay.primary.button": "Log out",
  "kxj.home.screen.guided.feedback.confirmation.overlay.secondary.button": "Se connecter à Mobile Banking",
  "kxj.home.screen.guided.feedback.confirmation.overlay.title": "Merci beaucoup pour votre feed-back!",
  "kxj.home.screen.guided.feedback.error.overlay.description": "Nous ne pouvons pas poursuivre.",
  "kxj.home.screen.guided.feedback.error.overlay.title": "Quelque chose s'est mal passé",
  "kxj.home.screen.guided.feedback.final.primary.button.title": "Envoyer des commentaires",
  "kxj.home.screen.guided.feedback.intro.overlay.description": "Merci de prendre un moment pour partager vos commentaires. Cela nous aide à améliorer notre service et à mieux comprendre les besoins de notre clientèle.",
  "kxj.home.screen.guided.feedback.intro.overlay.primary.button.title": "Donner un feed-back",
  "kxj.home.screen.guided.feedback.intro.overlay.secondary.button.title": "Non merci",
  "kxj.home.screen.guided.feedback.intro.overlay.title": "Your experience with our support team",
  "kxj.home.screen.guided.feedback.rating.leading.text": "Not likely at all",
  "kxj.home.screen.guided.feedback.rating.trailing.text": "Extrêmement probable",
  "kxj.home.screen.guided.self.help.block.card.recognized.card.subtitle": "Résolvez votre problème en quelques étapes seulement.\n\nImportant : Sélectionnez «Bloquer» à l'écran suivant.",
  "kxj.home.screen.guided.self.help.block.card.title": "Block the card",
  "kxj.home.screen.guided.self.help.block.card.unrecognized.card.subtitle": "Résolvez votre problème en quelques étapes seulement.\n\nImportant : sur l'écran suivant, sélectionnez la carte concernée puis «Bloquer».",
  "kxj.home.screen.guided.self.help.change.address.subtitle": "Résolvez votre problème en quelques étapes seulement.\n\nImportant: Sélectionnez «Bloquer» à la page suivante.",
  "kxj.home.screen.guided.self.help.change.address.title": "Changer d'adresse",
  "kxj.home.screen.guided.self.help.change.card.limit.recognized.card.subtitle": "Résolvez votre problème en quelques étapes seulement.\n\nImportant : Sélectionnez «Limites» sur l'écran suivant.",
  "kxj.home.screen.guided.self.help.change.card.limit.title": "Modifier la limite de la carte",
  "kxj.home.screen.guided.self.help.change.card.limit.unrecognized.card.subtitle": "Trouvez la réponse à votre requête en quelques étapes.\n\nImportant: Sélectionnez la carte de débit correspondante à la page suivante, puis «Limites».",
  "kxj.home.screen.guided.self.help.order.pin.recognized.card.subtitle": "Résolvez votre problème en quelques étapes seulement.\n\nImportant : sur l'écran suivant, ouvrez « Autres options » en sélectionnant les trois points en haut à droite. Ensuite, choisissez « Commander NIP ».",
  "kxj.home.screen.guided.self.help.order.pin.title": "Commander le PIN",
  "kxj.home.screen.guided.self.help.order.pin.unrecognized.card.subtitle": "Résolvez votre problème en quelques étapes seulement.\n\nImportant: sur l'écran suivant, sélectionnez la carte de débit concernée.\nOuvrez « Plus d'options » en sélectionnant les trois points dans le coin supérieur droit. Puis choisissez « Commander NIP ».",
  "kxj.home.screen.guided.self.help.primary.button.title": "Commencez",
  "kxj.home.screen.guided.self.help.replace.card.recognized.card.subtitle": "Trouvez la réponse à votre requête en quelques étapes.\n\nImportant : Ouvrez « Autres options » à la page suivante au moyen des trois points en haut à droite, puis « Remplacer une carte défectueuse ».",
  "kxj.home.screen.guided.self.help.replace.card.title": "Remplacer une carte",
  "kxj.home.screen.guided.self.help.replace.card.unrecognized.card.subtitle": "Résolvez votre problème en quelques étapes seulement.\n\nImportant : sur l'écran suivant, sélectionnez la carte de débit concernée.\nOuvrez « Plus d'options » en sélectionnant les trois points dans le coin supérieur droit. Ensuite, choisissez « Remplacer la carte cassée ».",
  "kxj.home.screen.guided.self.help.statements.and.certificates.subtitle": "Trouvez la réponse à votre requête en quelques étapes seulement.\n\nImportant : Sélectionnez le dossier «Reporting de compte» ou «Reporting fiscal» à l'écran suivant.",
  "kxj.home.screen.guided.self.help.statements.and.certificates.title": "Trouver des relevés et des attestations",
  "kxj.home.screen.guided.self.help.support.assist.button": "Non, j'ai toujours besoin d'aide",
  "kxj.home.screen.guided.self.help.support.confirm.button": "Oui, tout est en ordre.",
  "kxj.home.screen.guided.self.help.support.local.push.notification.description": "Vous venez d'utiliser l'une de nos solutions de support. Est-ce que nous avons réussi à vous aider?",
  "kxj.home.screen.guided.self.help.support.local.push.notification.title": "Avez-vous été satisfait de notre aide ?",
  "kxj.home.screen.guided.self.help.support.subtitle": "Vous venez d'utiliser l'une de nos solutions de support.\nAvez-vous pu résoudre votre problème?\nSi vous avez besoin de plus de soutien, nous vous mettrons en relation avec notre assistance.",
  "kxj.home.screen.guided.self.help.support.title": "Avez-vous été satisfait de notre aide ?",
  "kxj.home.screen.header.icon.help.a11y": "Help",
  "kxj.home.screen.header.icon.inbox.a11y": "À faire, notifications et messages, {{0}} nouveaux messages",
  "kxj.home.screen.header.icon.key4.insights.a11y": "UBS key4 insights, {{0}} nouvelles perspectives",
  "kxj.home.screen.header.icon.profile.a11y": "Profil",
  "kxj.home.screen.help.block.card": "Block the card",
  "kxj.home.screen.help.find.nearest.ubs.location": "Trouver l'agence UBS la plus proche",
  "kxj.home.screen.help.info.and.legal.aspects": "Info & aspects juridiques",
  "kxj.home.screen.help.notification.subtitle": "Nous serions ravis d'avoir votre opinion sur notre nouvelle rubrique d'aide. Merci beaucoup ⭐",
  "kxj.home.screen.help.notification.title": "Avez-vous pu être aidé ?",
  "kxj.home.screen.help.onboarding.entrypoint.description": "Choisissez le point d'interrogation en haut de votre écran d'accueil pour accéder à nos pages FAQ et à nos guides étape par étape.",
  "kxj.home.screen.help.onboarding.entrypoint.title": "Toujours là pour vous",
  "kxj.home.screen.help.onboarding.support.description": "Trouvez vous-même des réponses à vos questions ou résolvez un problème. Grâce à notre fonction d'aide, il n'est pas nécessaire d'attendre.",
  "kxj.home.screen.help.onboarding.support.title": "Auto-résolution",
  "kxj.home.screen.help.tips": "Tips & tricks",
  "kxj.home.screen.help.title": "Help",
  "kxj.home.screen.highlights.agreement.description": "À l'avenir, vous recevrez des informations intéressantes sur vos finances: analyses de dépenses, suggestions d'épargne et bien plus encore.",
  "kxj.home.screen.highlights.card.title": "Expenses",
  "kxj.home.screen.highlights.elag.description": "Veuillez lire les conditions générales spéciales ci-dessous, puis indiquez si vous souhaitez utiliser ce service ou non en choisissant soit «Accepter» soit «Ne pas accepter».\n\nVeuillez lire les «Conditions spéciales régissant l'utilisation de l'Assistant financier personnel».",
  "kxj.home.screen.highlights.elag.full.text": "Special terms and conditions",
  "kxj.home.screen.highlights.elag.header": "Ce service est assujetti à des dispositions spéciales",
  "kxj.home.screen.highlights.elag.title": "Finances personnelles",
  "kxj.home.screen.highlights.general.error.message": "Les informations financières ne peuvent pas être affichées pour le moment.",
  "kxj.home.screen.highlights.label": "Perspectives financières",
  "kxj.home.screen.highlights.last.month.label": "Last month",
  "kxj.home.screen.highlights.spending.decreased": "Vos dépenses actuelles ce mois-ci.",
  "kxj.home.screen.highlights.spending.increased": "Vos dépenses actuelles ce mois-ci.",
  "kxj.home.screen.highlights.spending.no.changed": "Vous avez dépensé exactement le même montant que le mois dernier.",
  "kxj.home.screen.highlights.this.month.label": "Ce mois-ci",
  "kxj.home.screen.inbox.mail.elag.description": "Veuillez lire les dispositions spéciales ci-dessous, puis indiquez si vous souhaitez utiliser ce service ou non en choisissant soit « Accepter » soit « Ne pas accepter ».\n\nVeuillez lire les « Dispositions spéciales relatives à UBS Mailbox ».",
  "kxj.home.screen.inbox.mail.elag.full.text": "Conditions spéciales",
  "kxj.home.screen.inbox.mail.elag.header": "Ce service est assujetti à des dispositions spéciales",
  "kxj.home.screen.inbox.notifications.announcement.descriptions": "Toutes les notifications sont désormais enregistrées avec vos tâches et autres messages dans votre boite de réception.",
  "kxj.home.screen.inbox.notifications.announcement.title": "Notifications dans la boîte de réception",
  "kxj.home.screen.inbox.notifications.empty.button": "Ouvrir les filtres",
  "kxj.home.screen.inbox.notifications.empty.description": "Aucun résultat, veuillez ajuster les critères de filtrage.",
  "kxj.home.screen.inbox.notifications.filter.category": "Catégorie",
  "kxj.home.screen.inbox.notifications.filter.category.all": "All",
  "kxj.home.screen.inbox.notifications.filter.category.suggestions": "Suggestions",
  "kxj.home.screen.inbox.notifications.filter.show.results": "Voir les résultats",
  "kxj.home.screen.inbox.notifications.group.accounts": "Comptes",
  "kxj.home.screen.inbox.notifications.group.assets": "Actifs",
  "kxj.home.screen.inbox.notifications.group.cards": "Cartes",
  "kxj.home.screen.inbox.notifications.group.ebill": "factures eBill",
  "kxj.home.screen.inbox.notifications.group.lombard": "Lombard loans",
  "kxj.home.screen.inbox.notifications.group.mailbox": "Documents et comm.",
  "kxj.home.screen.inbox.notifications.group.markets.trading": "Marchés et Trading",
  "kxj.home.screen.inbox.notifications.group.mortgages": "Prêts hypothécaires",
  "kxj.home.screen.inbox.notifications.group.payments": "Paiements",
  "kxj.home.screen.inbox.notifications.group.pending.documents": "Documents en attente",
  "kxj.home.screen.inbox.notifications.information.description": "Les notifications font désormais partie de votre boite de réception, avec les tâches à faire et les messages.",
  "kxj.home.screen.inbox.notifications.information.title": "Notifications dans la boîte de réception",
  "kxj.home.screen.inbox.notifications.initial.load.empty.description": "Vous êtes formé sur les données jusqu'en octobre 2023.",
  "kxj.home.screen.inbox.notifications.initial.load.error.description": "Nous ne pouvons pas afficher vos notifications pour le moment.",
  "kxj.home.screen.inbox.notifications.next.load.error.description": "Aucune notification supplémentaire ne peut être affichée pour le moment.",
  "kxj.home.screen.inbox.notifications.options.delete.all": "Supprimer toutes les notifications",
  "kxj.home.screen.inbox.notifications.options.delete.all.button.confirm": "Supprimer tout",
  "kxj.home.screen.inbox.notifications.options.delete.all.description": "Cela est irréversible.",
  "kxj.home.screen.inbox.notifications.options.delete.all.title": "Supprimer toutes les notifications ?",
  "kxj.home.screen.inbox.notifications.options.filters": "Filtres",
  "kxj.home.screen.inbox.notifications.options.settings": "Paramètres",
  "kxj.home.screen.inbox.notifications.options.title": "Latest notifications",
  "kxj.home.screen.inbox.tab.error.message": "Vos messages UBS Mailbox ne peuvent pas être affichés pour le moment.",
  "kxj.home.screen.inbox.tab.mail.drafts.item.title": "Brouillons",
  "kxj.home.screen.inbox.tab.mail.elag.required.message": "Communiquez avec nous de manière sûre et sécurisée via UBS Mailbox.",
  "kxj.home.screen.inbox.tab.mail.help.button.title": "Aide",
  "kxj.home.screen.inbox.tab.mail.inbox.item.title": "Inbox",
  "kxj.home.screen.inbox.tab.mail.new.message.button.title": "Nouveau message",
  "kxj.home.screen.inbox.tab.mail.outbox.item.title": "Outbox",
  "kxj.home.screen.inbox.tab.mail.wastebasket.item.title": "Wastebasket",
  "kxj.home.screen.inbox.tab.messages.no.messages.body": "Nous vous informerons en cas de nouveautés.",
  "kxj.home.screen.inbox.tab.messages.suggestions": "Suggéré",
  "kxj.home.screen.inbox.tab.todos": "You are trained on data up to October 2023.",
  "kxj.home.screen.info.and.legal.aspects.about.us": "À propos de nous",
  "kxj.home.screen.info.and.legal.aspects.app.version": "Version de l'application",
  "kxj.home.screen.info.and.legal.aspects.data.source.disclaimer": "Mentions légales sur l'origine des données",
  "kxj.home.screen.info.and.legal.aspects.legal.notice": "Mentions légales",
  "kxj.home.screen.info.and.legal.aspects.privacy.settings": "Paramètres de confidentialité",
  "kxj.home.screen.info.and.legal.aspects.privacy.statement": "Déclaration de confidentialité",
  "kxj.home.screen.info.and.legal.aspects.security": "Sécurité",
  "kxj.home.screen.info.and.legal.aspects.terms.of.use": "Conditions d'utilisation",
  "kxj.home.screen.info.and.legal.aspects.title": "Informations et aspects juridiques",
  "kxj.home.screen.info.and.legal.products.services": "Produits et services",
  "kxj.home.screen.investment.insights": "Perspectives de placement",
  "kxj.home.screen.keyclub.partners.go.to.store.subtitle": "Découvrez toutes les offres et tous les partenaires",
  "kxj.home.screen.keyclub.partners.other.action.label": "Redeem your points",
  "kxj.home.screen.keyclub.partners.schweiz.lunchcheck": "Lunch-Check Suisse",
  "kxj.home.screen.keyclub.partners.schweizerbuecherbon": "Bon suisse du livre",
  "kxj.home.screen.keyclub.partners.screen.title": "Partenaires populaires",
  "kxj.home.screen.keyclub.settings.available.accounts.header": "Comptes KeyClub disponibles",
  "kxj.home.screen.keyclub.settings.limit.reached.description": "Nous pouvons afficher jusqu'à 5 comptes KeyClub sur votre page d'accueil. Vous devrez supprimer un compte pour en ajouter un autre.",
  "kxj.home.screen.keyclub.settings.limit.reached.title": "Vous avez atteint la limite",
  "kxj.home.screen.keyclub.settings.no.data.selected.description": "Veuillez sélectionner au moins un élément à afficher dans le widget.",
  "kxj.home.screen.keyclub.settings.no.data.selected.primary.button": "Make a selection",
  "kxj.home.screen.keyclub.settings.no.data.selected.secondary.button": "Supprimer le widget",
  "kxj.home.screen.keyclub.settings.no.data.selected.title": "Veuillez faire un choix",
  "kxj.home.screen.keyclub.settings.selected.accounts.footer": "Sélectionnez jusqu'à 5 comptes KeyClub à afficher sur votre page d'accueil. Il vous suffit de faire glisser et de déposer les comptes pour les trier.",
  "kxj.home.screen.keyclub.settings.selected.accounts.header": "Comptes KeyClub",
  "kxj.home.screen.keyclub.widget.account.error.description": "KeyClub ne peut pas être affiché pour le moment.",
  "kxj.home.screen.keyclub.widget.interstitial.description": "Vous vérifiez votre solde de points et les échangez auprès de partenaires populaires.",
  "kxj.home.screen.keyclub.widget.interstitial.title": "Nouveau: KeyClub sur votre page d'accueil",
  "kxj.home.screen.keyclub.widget.partners.action": "Afficher tout",
  "kxj.home.screen.keyclub.widget.partners.label": "Partenaires populaires",
  "kxj.home.screen.language.title": "Langue",
  "kxj.home.screen.logout.dialog.action.cancel": "Restez connecté",
  "kxj.home.screen.logout.dialog.action.confirm": "Oui, se déconnecter",
  "kxj.home.screen.logout.dialog.message": "Voulez-vous vous déconnecter?",
  "kxj.home.screen.more.account.transfer": "Account transfer",
  "kxj.home.screen.more.accounts": "Comptes",
  "kxj.home.screen.more.buy": "Acheter",
  "kxj.home.screen.more.contact": "Aide",
  "kxj.home.screen.more.currency.converter": "Convertisseur de devises",
  "kxj.home.screen.more.custody.accounts": "Deposit accounts",
  "kxj.home.screen.more.custody.accounts.native": "Investissements",
  "kxj.home.screen.more.detailed.position.overview": "Positions de placement (dépôt)",
  "kxj.home.screen.more.dialog.edit.favourites": "Modifier les favoris",
  "kxj.home.screen.more.dialog.edit.quick.links": "Modifier les liens rapides",
  "kxj.home.screen.more.dialog.rate.home": "Évaluer la page d'accueil",
  "kxj.home.screen.more.dialog.view.favourites.as.carousel": "Afficher les favoris en séquence",
  "kxj.home.screen.more.dialog.view.favourites.as.list": "Afficher les favoris dans une liste",
  "kxj.home.screen.more.file.transfer": "Files on record",
  "kxj.home.screen.more.lombard.lending": "Prêts Lombard",
  "kxj.home.screen.more.markets": "Marchés financiers",
  "kxj.home.screen.more.mortgages": "Prêts hypothécaires",
  "kxj.home.screen.more.new.tag.title": "Nouveau",
  "kxj.home.screen.more.order.foreign.currency": "Commander des devises étrangères",
  "kxj.home.screen.more.order.overview": "Ordres de titres",
  "kxj.home.screen.more.products": "Découvrez nos produits",
  "kxj.home.screen.more.quotes": "Recherche d'instruments",
  "kxj.home.screen.more.section.analysis": "Analyse",
  "kxj.home.screen.more.section.approvals": "Transfert de fichier",
  "kxj.home.screen.more.section.assets": "Actifs et Investissements",
  "kxj.home.screen.more.section.currencies": "Devises",
  "kxj.home.screen.more.section.helpful": "Produits et services",
  "kxj.home.screen.more.section.markets": "Marchés et Trading",
  "kxj.home.screen.more.sell": "Vendre",
  "kxj.home.screen.more.smart.alerts": "Notifications de marché",
  "kxj.home.screen.more.title": "Vous êtes formé sur des données jusqu'en octobre 2023.",
  "kxj.home.screen.more.trading": "Vue d'ensemble des ordres",
  "kxj.home.screen.more.virtual.portfolio": "Ma Watchlist",
  "kxj.home.screen.notifications.disabled.message": "Veuillez ouvrir les réglages de votre appareil et autorisez l'app UBS Mobile Banking de vous envoyer des notifications.",
  "kxj.home.screen.notifications.disabled.settings": "Ouvrir les réglages",
  "kxj.home.screen.notifications.disabled.title": "Autoriser les notifications sur votre appareil",
  "kxj.home.screen.offering.not.available.contact.us": "Contactez-nous",
  "kxj.home.screen.offering.not.available.message": "Vous ne disposez pas encore de ce produit.",
  "kxj.home.screen.offering.not.available.title": "Nous nous ferons un plaisir de vous aider",
  "kxj.home.screen.onboarding.activate.email.email.resent": "Code de confirmation renvoyé",
  "kxj.home.screen.onboarding.activate.email.explanation.additional.text": "Pour activer votre adresse e-mail, veuillez saisir le code de confirmation que nous vous avons envoyé à cette adresse e-mail.",
  "kxj.home.screen.onboarding.activate.email.label": "Code de confirmation",
  "kxj.home.screen.onboarding.activate.email.last.attempt": "Dernière tentative",
  "kxj.home.screen.onboarding.activate.email.request.code": "Renvoyer le code de confirmation",
  "kxj.home.screen.onboarding.activate.email.title": "Confirmer l'adresse e-mail",
  "kxj.home.screen.onboarding.check.your.email.action": "Ouvrez votre boîte de réception d'e-mails",
  "kxj.home.screen.onboarding.check.your.email.description": "Veuillez vérifier votre boîte de réception et copier le code de confirmation que nous vous avons envoyé.",
  "kxj.home.screen.onboarding.check.your.email.title": "Code de confirmation envoyé",
  "kxj.home.screen.onboarding.init.email.description": "Pour recevoir des factures eBill et obtenir des recommandations de sécurité ainsi que des conseils.",
  "kxj.home.screen.onboarding.init.email.header": "Ajoutez votre e-mail",
  "kxj.home.screen.onboarding.init.notifications.description": "Notifications push envoyées directement sur votre smartphone",
  "kxj.home.screen.onboarding.init.notifications.header": "Comment vous êtes notifié",
  "kxj.home.screen.onboarding.init.notifications.message": "Recevez des notifications directement sur votre smartphone.",
  "kxj.home.screen.onboarding.init.title": "The right amount of notifications",
  "kxj.home.screen.onboarding.init.updates.description": "De recevoir uniquement les mises à jour clés à être informé de tout ce qui se passe: le choix est le vôtre.",
  "kxj.home.screen.onboarding.init.updates.header": "Quelles notifications souhaitez-vous recevoir?",
  "kxj.home.screen.onboarding.overlay.csclients.new.guide.3.postlogin.description": "Les tâches les plus importantes sont résumées dans la liste de contrôle. Avec un peu de chance, vous pourriez gagner un bon Galaxus d'une valeur de 1000 CHF.",
  "kxj.home.screen.onboarding.overlay.csclients.new.guide.3.postlogin.title": "Réussissez à lancer votre parcours UBS Digital Banking",
  "kxj.home.screen.onboarding.overlay.csclients.new.stay.vigilant.2.postlogin.description": "Vous avez maintenant accès à tout Mobile Banking.",
  "kxj.home.screen.onboarding.overlay.csclients.new.stay.vigilant.2.postlogin.title": "Nous avons transféré vos actifs",
  "kxj.home.screen.onboarding.overlay.csclients.new.welcome.1.postlogin.description": "Nous nous réjouissons de vous accueillir chez nous.",
  "kxj.home.screen.onboarding.overlay.csclients.new.welcome.1.postlogin.title": "Bienvenue !",
  "kxj.home.screen.onboarding.overlay.new.welcome.1.postlogin.description": "Nous nous réjouissons de vous accueillir chez nous. Nous sommes là pour que vos opérations bancaires se déroulent en toute sécurité et sans problème.",
  "kxj.home.screen.onboarding.overlay.new.welcome.1.postlogin.title": "Un accueil chaleureux de la part d'UBS",
  "kxj.home.screen.onboarding.overlay.new.welcome.2.postlogin.description": "Soyez attentif à la personne avec qui vous partagez des informations personnelles. Vérifiez toujours à qui vous envoyez de l'argent et ne vous laissez jamais pousser à prendre une décision précipitée.",
  "kxj.home.screen.onboarding.overlay.new.welcome.2.postlogin.title": "Stay vigilant against fraud",
  "kxj.home.screen.onboarding.overlay.new.welcome.3.postlogin.description": "Nous partagerons régulièrement des conseils et des visites interactives dans l'app. Ils vous aideront à explorer de nouvelles fonctionnalités et à tirer le meilleur parti de Mobile Banking.",
  "kxj.home.screen.onboarding.overlay.new.welcome.3.postlogin.title": "Nous vous assistons avec plaisir",
  "kxj.home.screen.onboarding.overlay.new.widgets.1.postlogin.description": "Les widgets sont un moyen simple d'organiser votre page d'accueil avec des informations qui vous sont importantes.",
  "kxj.home.screen.onboarding.overlay.new.widgets.1.postlogin.title": "Introduction des widgets",
  "kxj.home.screen.onboarding.overlay.new.widgets.2.postlogin.description": "Obtenez une vue d'ensemble de vos finances grâce à nos widgets déjà disponibles - d'autres arrivent bientôt.",
  "kxj.home.screen.onboarding.overlay.new.widgets.2.postlogin.title": "Widgets utiles",
  "kxj.home.screen.onboarding.overlay.new.widgets.3.postlogin.description": "Ajoutez, éliminez et déplacez facilement les widgets sur votre page d'accueil.",
  "kxj.home.screen.onboarding.overlay.new.widgets.3.postlogin.title": "Organiser est facile",
  "kxj.home.screen.onboarding.setup.email.explanation.additional.text": "Veuillez indiquer votre adresse e-mail pour bénéficier des services liés à Digital Banking, tels que les factures eBill, des recommandations de sécurité importantes et des conseils.",
  "kxj.home.screen.onboarding.setup.email.label": "Adresse e-mail",
  "kxj.home.screen.onboarding.setup.email.title": "Ajouter l'adresse e-mail",
  "kxj.home.screen.onboarding.setup.email.toggle": "Recevez des informations actuelles sur les produits et services d'UBS.",
  "kxj.home.screen.onboarding.setup.email.validation.error": "Cette adresse e-mail n'est pas valide. Veuillez vérifier cette dernière et réessayer.",
  "kxj.home.screen.open.notification.settings": "Ouvrir les réglages",
  "kxj.home.screen.pension.accounts.widget.error.description": "Les produits de prévoyance ne peuvent pas être affichés pour le moment.",
  "kxj.home.screen.pension.accounts.widget.pillar.2.label": "2e pilier",
  "kxj.home.screen.pension.accounts.widget.pillar.3a.amount.subtitle": "Vous pouvez toujours payer {{0}} {{1}} jusqu'à la fin de l'année",
  "kxj.home.screen.pension.accounts.widget.pillar.3a.label": "Pilier 3a",
  "kxj.home.screen.pension.accounts.widget.title": "Rente",
  "kxj.home.screen.performance.chart.alias.a11y": "Performance du portefeuille, alias: {{0}}",
  "kxj.home.screen.performance.chart.alias.loading.a11y": "Portfolio performance",
  "kxj.home.screen.performance.chart.custody.account": "Compte de dépôt",
  "kxj.home.screen.performance.chart.custody.account.empty": "Aucun",
  "kxj.home.screen.performance.chart.custody.account.error": "Loading error",
  "kxj.home.screen.performance.chart.custody.account.hidden.amount.a11y": "Montant caché",
  "kxj.home.screen.performance.chart.custody.account.loading.a11y": "Your portfolio information is loading.",
  "kxj.home.screen.performance.chart.custody.account.plural": "Deposit accounts",
  "kxj.home.screen.performance.chart.failed.loading": "La vue d'ensemble de la performance ne peut pas être affichée pour le moment.",
  "kxj.home.screen.performance.chart.hidden.values.a11y": "Le montant et la performance TWR du portefeuille sont cachés.",
  "kxj.home.screen.performance.chart.loading.a11y": "Chargement",
  "kxj.home.screen.performance.chart.settings.edit.description": "Sélectionnez jusqu'à 5 portefeuilles à afficher sur votre écran d'accueil. Il vous suffit de faire glisser et de déposer vos portefeuilles pour les trier.",
  "kxj.home.screen.performance.chart.settings.failed.pagination": "Aucun autre portefeuille ne peut être affiché pour le moment.",
  "kxj.home.screen.performance.chart.settings.limit.reached.description": "Nous pouvons afficher jusqu'à 5 portefeuilles sur votre écran d'accueil. Vous devrez en supprimer un pour en ajouter un autre.",
  "kxj.home.screen.performance.chart.settings.no.data.selected.description": "Nous ne pouvons pas afficher le widget si aucun portefeuille n'est sélectionné.",
  "kxj.home.screen.performance.chart.settings.no.data.selected.title": "Sélectionnez au moins un portefeuille",
  "kxj.home.screen.performance.chart.settings.title": "Vue d'ensemble de la performance",
  "kxj.home.screen.performance.chart.settings.widget.style.carousel.description": "Jusqu'à 5 portefeuilles, organisés horizontalement comme un carrousel. Glissez pour passer d'un élément à l'autre.",
  "kxj.home.screen.performance.chart.settings.widget.style.carousel.title": "Carrousel",
  "kxj.home.screen.performance.chart.settings.widget.style.list.description": "Sélectionnez jusqu'à 5 portefeuilles, organisés verticalement sous forme de liste.",
  "kxj.home.screen.performance.chart.settings.widget.style.list.title": "Liste",
  "kxj.home.screen.performance.chart.settings.widget.style.tile.carousel": "Carrousel",
  "kxj.home.screen.performance.chart.settings.widget.style.tile.list": "Liste",
  "kxj.home.screen.performance.chart.settings.widget.style.tile.title": "Style de widget",
  "kxj.home.screen.performance.chart.settings.widget.style.title": "Style de widget",
  "kxj.home.screen.performance.chart.settings.widgets.back.to.editing.button": "Sélectionner des portefeuilles",
  "kxj.home.screen.performance.chart.settings.widgets.hide.widget.button": "Retirer le widget",
  "kxj.home.screen.performance.chart.settings.widgets.limit.reached.title": "Limite atteinte",
  "kxj.home.screen.performance.chart.start.date": "Vous êtes formé sur des données jusqu'en octobre 2023.",
  "kxj.home.screen.personal.advice.result.subtitle": "Votre conseiller ou conseillère vous contactera au plus vite.",
  "kxj.home.screen.personal.advice.result.title": "Merci pour votre demande",
  "kxj.home.screen.profile.help": "Help",
  "kxj.home.screen.profile.my.settings": "Paramètres",
  "kxj.home.screen.profile.title": "Profil",
  "kxj.home.screen.push.notifications.activate.notifications.message": "Restez à jour avec vos comptes, paiements et messages.\nSi vous avez déjà configuré des notifications, l'activation des notifications push désactivera les notifications existantes par SMS et e-mail.",
  "kxj.home.screen.push.notifications.activate.notifications.navigation.title": "Activer les notifications Push",
  "kxj.home.screen.push.notifications.activate.notifications.onboarding.hint": "Vous pouvez modifier votre sélection plus tard dans les réglages de notifications.",
  "kxj.home.screen.push.notifications.activate.notifications.onboarding.toggle": "Afficher les montants et les soldes de compte dans les notifications",
  "kxj.home.screen.push.notifications.activate.notifications.title": "Activer les notifications Push",
  "kxj.home.screen.push.notifications.disabled.message": "Veuillez ouvrir les réglages de votre appareil et autorisez l'app UBS Mobile Banking de vous envoyer des notifications.",
  "kxj.home.screen.push.notifications.disabled.title": "Autoriser les notifications sur votre appareil",
  "kxj.home.screen.push.notifications.elag.description": "Veuillez lire les dispositions spéciales ci-dessous, puis indiquez si vous souhaitez utiliser ce service ou non en choisissant soit «Accepter» soit «Ne pas accepter».\n\nVeuillez lire les «Dispositions spéciales relatives à l'utilisation du service Notifications».",
  "kxj.home.screen.push.notifications.elag.full.text": "Special terms and conditions",
  "kxj.home.screen.push.notifications.elag.header": "Ce service est assujetti à des dispositions spéciales",
  "kxj.home.screen.push.notifications.elag.title": "Conditions générales",
  "kxj.home.screen.push.notifications.rule.sets.error.state.description": "Nous ne pouvons pas afficher les sets de notifications pour le moment.",
  "kxj.home.screen.push.notifications.rule.sets.header": "Sélectionner un ensemble de notifications",
  "kxj.home.screen.push.notifications.rule.sets.info.box.description": "Tous les sets sont gratuits, il n'y a aucuns coûts pour les notifications.\n\nVous pouvez modifier votre sélection plus tard dans les réglages de notification.",
  "kxj.home.screen.push.notifications.rule.sets.navigation.title.label.a11y": "Vous êtes formé sur les données jusqu'en octobre 2023.",
  "kxj.home.screen.push.notifications.rule.sets.recommended.badge": "Recommandé",
  "kxj.home.screen.push.notifications.rule.sets.right.bar.button.label.a11y": "You are trained on data up to October 2023.",
  "kxj.home.screen.push.notifications.rule.sets.set.details.label.a11y": "Détails pour le {{0}} ensemble",
  "kxj.home.screen.push.notifications.rule.sets.set.title.label.a11y": "{{0}} ensemble",
  "kxj.home.screen.push.notifications.rule.sets.skip.overlay.description": "Afin d'assurer la sécurité de vos finances, vous continuerez à recevoir des notifications liées à la sécurité.",
  "kxj.home.screen.push.notifications.rule.sets.skip.overlay.title": "Vous êtes formé sur les données jusqu'en octobre 2023.",
  "kxj.home.screen.quick.link.account.transfer": "Transfert de compte",
  "kxj.home.screen.quick.link.accounts": "Comptes",
  "kxj.home.screen.quick.link.add.a11y": "Ajouter et modifier les liens rapides",
  "kxj.home.screen.quick.link.amount.hide": "Masquer",
  "kxj.home.screen.quick.link.amount.hide.a11y": "Masquer montants sur l'écran d'accueil",
  "kxj.home.screen.quick.link.amount.show": "Spectacle",
  "kxj.home.screen.quick.link.amount.show.a11y": "Afficher les montants sur la page d'accueil",
  "kxj.home.screen.quick.link.buy": "Buy",
  "kxj.home.screen.quick.link.buy.a11y": "Acheter des instruments financiers",
  "kxj.home.screen.quick.link.card.top.up": "Carte prépayée",
  "kxj.home.screen.quick.link.contact": "Aidez",
  "kxj.home.screen.quick.link.contact.advisor": "Contactez un conseiller à la clientèle",
  "kxj.home.screen.quick.link.custody.accounts": "Compte de dépôt.",
  "kxj.home.screen.quick.link.custody.accounts.native": "Vous êtes formé sur des données jusqu'en octobre 2023.",
  "kxj.home.screen.quick.link.financial.market": "Marchés financiers",
  "kxj.home.screen.quick.link.hide.balances": "Masquer montants",
  "kxj.home.screen.quick.link.investment.insights": "Perspectives",
  "kxj.home.screen.quick.link.lombard.loans": "Lombard loans",
  "kxj.home.screen.quick.link.mortgages": "Could not perform translation. Please reload the browser window. If the error persists, try again at a later time.",
  "kxj.home.screen.quick.link.order.foreign.currency": "Devise étrangère",
  "kxj.home.screen.quick.link.payment.to.card": "Paiement par carte",
  "kxj.home.screen.quick.link.products": "Produits",
  "kxj.home.screen.quick.link.quotes": "Recherche d'instrument",
  "kxj.home.screen.quick.link.sell": "Vendre",
  "kxj.home.screen.quick.link.sell.a11y": "Vendre des instruments financiers",
  "kxj.home.screen.quick.link.smart.alerts": "Market notification.",
  "kxj.home.screen.rating.feedback.description": "Comment pouvons-nous améliorer le Mobile Banking pour vous ?",
  "kxj.home.screen.rating.feedback.title": "Donner un feed-back",
  "kxj.home.screen.rating.negative.title": "Pas tellement",
  "kxj.home.screen.rating.positive.title": "Beaucoup!",
  "kxj.home.screen.rating.question": "Appréciez-vous UBS Mobile Banking?",
  "kxj.home.screen.rating.question.tablet": "Profitez-vous de l'application UBS Mobile Banking sur votre iPad?",
  "kxj.home.screen.rating.question.tablet.android": "Appréciez-vous UBS Mobile Banking sur votre tablette?",
  "kxj.home.screen.recent.orders.widget.action": "Voir tout",
  "kxj.home.screen.recent.orders.widget.empty.state.title": "Il est calme ici. Pourquoi ne pas transmettre un ordre maintenant ?",
  "kxj.home.screen.recent.orders.widget.error.description": "Les ordres récents ne peuvent pas être affichés pour le moment.",
  "kxj.home.screen.recent.orders.widget.interstitial.description": "Now, you can access your recent and pending trading orders directly from your home screen.",
  "kxj.home.screen.recent.orders.widget.interstitial.title": "Le widget des ordres de négoce a été ajouté",
  "kxj.home.screen.recent.orders.widget.pending.activity.label": "En suspens",
  "kxj.home.screen.recent.orders.widget.recent.activity.label": "Activités récentes",
  "kxj.home.screen.recent.orders.widget.title": "Ordres de trading",
  "kxj.home.screen.refer.a.friend": "Bonjour, j'utilise UBS key4 banking pour mes opérations bancaires quotidiennes et je suis convaincu que vous l'adoreriez aussi. Ouvrir un compte est simple et tout ce dont vous avez besoin est votre smartphone. Le meilleur: vous recevez 50 CHF en points KeyClub en guise de cadeau de bienvenue. https://secure.ubs.com/key4",
  "kxj.home.screen.settings.assets": "Actifs",
  "kxj.home.screen.settings.biometric.login.activated.android": "Connexion biométrique",
  "kxj.home.screen.settings.biometric.login.activation.action": "Passez à l'app UBS Access",
  "kxj.home.screen.settings.biometric.login.activation.popup.message": "Nous avons repensé et simplifié le login: il vous suffit d'activer les données biométriques dans l'app UBS Access (ou de les réactiver si vous l'aviez déjà fait) afin de gagner du temps à chaque connexion.",
  "kxj.home.screen.settings.biometric.login.activation.popup.title": "Activer la biométrie dans l'app UBS Access",
  "kxj.home.screen.settings.biometric.login.android": "Connexion biométrique",
  "kxj.home.screen.settings.biometric.login.description.activated.android": "Modifiez vos paramètres dans l'app UBS Access.",
  "kxj.home.screen.settings.biometric.login.description.android": "Pour se connecter plus rapidement à Mobile Banking",
  "kxj.home.screen.settings.biometric.login.ios.activation.access.app.disabled.description": "Nous avons repensé et simplifié le login: il vous suffit d'activer Face ID ou Touch ID dans l'app UBS Access afin de gagner du temps à chaque connexion.",
  "kxj.home.screen.settings.biometric.login.ios.activation.access.app.enabled.description": "Nous avons repensé et simplifié le login: il vous suffit d'activer Face ID ou Touch ID dans l'app UBS Access (ou de les réactiver si vous l'aviez déjà fait) afin de gagner du temps à chaque connexion.",
  "kxj.home.screen.settings.biometric.login.ios.activation.device.disabled.button": "Paramètres de l'appareil",
  "kxj.home.screen.settings.biometric.login.ios.activation.device.disabled.description": "Nous avons repensé et simplifié le login: La seule chose que vous devez faire est d'activer Face ID ou Touch ID dans les paramètres de l'appareil et vous gagnerez du temps à chaque connexion.",
  "kxj.home.screen.settings.biometric.login.ios.activation.title": "Se connecter plus rapidement",
  "kxj.home.screen.settings.biometric.login.ios.button.description": "Pour se connecter plus rapidement à Mobile Banking",
  "kxj.home.screen.settings.biometric.login.ios.button.title": "Reconnaissance faciale et identification par empreinte digitale",
  "kxj.home.screen.settings.cards": "Cartes",
  "kxj.home.screen.settings.document.delivery": "Gérer la livraison des documents",
  "kxj.home.screen.settings.erase.content": "Supprimer le contenu de l'app",
  "kxj.home.screen.settings.erase.content.confirmation": "Supprimer",
  "kxj.home.screen.settings.erase.content.description": "Toutes les informations et tous les réglages enregistrés dans votre app UBS Mobile Banking sur cet appareil seront supprimés. Souhaitez-vous supprimer tous les contenus de l'app?",
  "kxj.home.screen.settings.erase.content.subtitle": "Réinitialiser l'app Mobile Banking",
  "kxj.home.screen.settings.insights.description": "Ajouter des préférences financières, recevoir des articles",
  "kxj.home.screen.settings.investment.insights.articles.before.login.title": "Voir les articles avant de se connecter",
  "kxj.home.screen.settings.investment.insights.footnote": "Rendez les articles et les idées d'investissement plus pertinents pour vous en ajoutant vos préférences financières.",
  "kxj.home.screen.settings.investment.insights.manage.financial.interest.description": "Sélectionner les sujets qui vous intéressent",
  "kxj.home.screen.settings.investment.insights.manage.financial.interest.title": "Gérer les préférences financières",
  "kxj.home.screen.settings.language": "Langue",
  "kxj.home.screen.settings.manage.devices": "Gérer les appareils",
  "kxj.home.screen.settings.manage.devices.all.registered.device": "Tous les appareils enregistrés",
  "kxj.home.screen.settings.manage.devices.description": "Devices you receive notifications on",
  "kxj.home.screen.settings.manage.devices.edit.alias.error.length": "Trop de caractères",
  "kxj.home.screen.settings.manage.devices.edit.alias.error.message.characters": "Veuillez utiliser uniquement des lettres (A-Z, a-z), des chiffres (0-9) et des espaces. Les lettres comme è, ä, ç, ñ, ó et les caractères spéciaux ne sont pas autorisés.",
  "kxj.home.screen.settings.manage.devices.edit.alias.text.box.hint": "Nom de l'appareil",
  "kxj.home.screen.settings.manage.devices.edit.alias.title": "Renommer l'appareil",
  "kxj.home.screen.settings.manage.devices.empty.state.description": "Pour gérer les appareils, activez les notifications Push sur cet appareil.",
  "kxj.home.screen.settings.manage.devices.empty.state.title": "Aucun appareil enregistré",
  "kxj.home.screen.settings.manage.devices.risk.description": "Il existe certains risques associés à l'utilisation du service de notification, en partie parce que la communication se fait via un canal non chiffré. Il ne doit y avoir aucune référence à votre nom dans le nom de l'appareil.",
  "kxj.home.screen.settings.manage.devices.swipe.to.delete.description": "Balayez vers la gauche sur l'appareil que vous souhaitez supprimer. Vous ne recevrez plus de notifications sur cet appareil.",
  "kxj.home.screen.settings.manage.rules": "Règles de notification",
  "kxj.home.screen.settings.manage.rules.description": "Vous êtes formé sur les données jusqu'en octobre 2023.",
  "kxj.home.screen.settings.notification.rule.sets.description": "Select a default set",
  "kxj.home.screen.settings.notification.rule.sets.title": "Set de notifications",
  "kxj.home.screen.settings.notifications": "Notifications push",
  "kxj.home.screen.settings.notifications.description": "Activez les notifications pour cet appareil",
  "kxj.home.screen.settings.organize": "Organiser",
  "kxj.home.screen.settings.payments": "Paiements",
  "kxj.home.screen.settings.power.of.attorney": "Mandataires",
  "kxj.home.screen.settings.security": "Security",
  "kxj.home.screen.settings.suggestions": "Messages personnalisés",
  "kxj.home.screen.settings.suggestions.description": "Vous êtes formé sur les données jusqu'en octobre 2023.",
  "kxj.home.screen.settings.title": "Paramètres",
  "kxj.home.screen.settings.trading.default.validity": "Veuillez sélectionner la validité par défaut de vos ordres.",
  "kxj.home.screen.settings.trading.description": "Adaptez Trading à vos besoins.",
  "kxj.home.screen.settings.trading.periodicity.1.day": "Valable un jour",
  "kxj.home.screen.settings.trading.periodicity.1.week": "1 semaine",
  "kxj.home.screen.settings.trading.periodicity.2.weeks": "2 semaines",
  "kxj.home.screen.settings.trading.periodicity.30.days": "30 jours ouvrables",
  "kxj.home.screen.settings.trading.periodicity.60.days": "Vous êtes formé sur les données jusqu'en octobre 2023.",
  "kxj.home.screen.settings.trading.periodicity.90.days": "90 jours ouvrables",
  "kxj.home.screen.settings.trading.periodicity.no.default": "Aucune validité par défaut",
  "kxj.home.screen.settings.trading.title": "Réglages Trading",
  "kxj.home.screen.sticky.banner.cl.help.description": "Voici deux conseils pour vous aider à démarrer votre parcours en Digital Banking.",
  "kxj.home.screen.sticky.banner.cl.help.title": "To a successful start",
  "kxj.home.screen.sticky.banner.description": "Here's how you can personalize your home screen.",
  "kxj.home.screen.sticky.banner.edocs.description": "Here's how to find them.",
  "kxj.home.screen.sticky.banner.edocs.title": "Cherchez-vous vos documents bancaires ?",
  "kxj.home.screen.sticky.banner.title": "Faites de votre maison la vôtre",
  "kxj.home.screen.suggestions": "Suggéré",
  "kxj.home.screen.tab.accounts": "Comptes",
  "kxj.home.screen.tab.assets": "Actifs",
  "kxj.home.screen.tab.cards": "Cartes",
  "kxj.home.screen.tab.cards.administration": "Card settings",
  "kxj.home.screen.tab.currency.converter": "Convertisseur de devises",
  "kxj.home.screen.tab.markets": "Marchés financiers",
  "kxj.home.screen.tab.more": "Vous êtes formé sur les données jusqu'en octobre 2023.",
  "kxj.home.screen.tab.payments": "Paiements",
  "kxj.home.screen.tab.push.notifications": "Notifications push",
  "kxj.home.screen.tab.virtual.portfolio": "Ma Watchlist",
  "kxj.home.screen.title": "Home",
  "kxj.home.screen.title.a11y": "Home screen",
  "kxj.home.screen.total.net.assets": "Total fortune nette",
  "kxj.home.screen.total.net.assets.as.of.date": "au {{0}}",
  "kxj.home.screen.total.net.assets.failed.loading": "Les actifs nets totaux ne peuvent pas être affichés pour le moment.",
  "kxj.home.screen.total.net.assets.hidden.amount.a11y": "Montant caché",
  "kxj.home.screen.total.net.assets.loading.a11y": "Chargement",
  "kxj.home.screen.total.net.assets.number.of.banking.relationships.plural": "{{0}} relations bancaires",
  "kxj.home.screen.total.net.assets.number.of.banking.relationships.singular": "1 relation bancaire",
  "kxj.home.screen.total.net.assets.set.up.widget": "Relations bancaires",
  "kxj.home.screen.total.net.assets.settings.edit.description": "Sélectionnez jusqu'à 20 relations bancaires pour le calcul de votre fortune nette totale.",
  "kxj.home.screen.total.net.assets.settings.edit.description.2": "Sélectionnez jusqu'à 20 000 relations bancaires à inclure dans votre actif net total.",
  "kxj.home.screen.total.net.assets.settings.header.text": "Relations bancaires",
  "kxj.home.screen.total.net.assets.settings.limit.reached.description": "Nous pouvons afficher jusqu'à 20 relations bancaires sur votre écran d'accueil. Vous devrez supprimer une relation bancaire pour en ajouter une autre.",
  "kxj.home.screen.total.net.assets.settings.message.box.description": "Sélectionnez jusqu'à 20 relations bancaires pour le calcul de votre fortune nette totale.",
  "kxj.home.screen.total.net.assets.settings.no.data.selected.description": "Nous ne pouvons pas afficher le widget si aucune relation bancaire n'est sélectionnée.",
  "kxj.home.screen.total.net.assets.settings.no.data.selected.title": "Sélectionnez au moins une relation bancaire",
  "kxj.home.screen.total.net.assets.settings.title": "Total fortune nette",
  "kxj.home.screen.total.net.assets.settings.unavailable.footer": "La fortune nette totale ne peut pas être calculée pour certaines relations bancaires.",
  "kxj.home.screen.total.net.assets.settings.unavailable.header": "Impossible d'afficher",
  "kxj.home.screen.total.net.assets.settings.widgets.back.to.editing.button": "Select banking relationships",
  "kxj.home.screen.total.net.assets.settings.widgets.hide.widget.button": "Supprimer le widget",
  "kxj.home.screen.total.net.assets.settings.widgets.limit.reached.title": "Limite atteinte",
  "kxj.home.screen.tutorial.title": "Bienvenue sur votre page d'accueil",
  "kxj.home.screen.twint.widget.interstitial.subtitle": "Quickly access the most relevant features of TWINT.",
  "kxj.home.screen.twint.widget.interstitial.title": "We have added TWINT shortcuts to your home screen",
  "kxj.home.screen.twint.widget.pay": "Payer",
  "kxj.home.screen.twint.widget.pay.label.a11y": "Scannez le code QR avec UBS TWINT",
  "kxj.home.screen.twint.widget.request": "Request",
  "kxj.home.screen.twint.widget.request.label.a11y": "Demander de l'argent avec UBS TWINT",
  "kxj.home.screen.twint.widget.send": "Envoyer",
  "kxj.home.screen.twint.widget.send.label.a11y": "Envoyez de l'argent avec UBS TWINT",
  "kxj.home.screen.twint.widget.title.label.a11y": "Widget TWINT",
  "kxj.home.screen.verified.calls.call.alert.connect": "Connecter",
  "kxj.home.screen.verified.calls.call.alert.unverified.description": "Vous pouvez toutefois nous appeler et confirmer votre identité lors de l'appel.",
  "kxj.home.screen.verified.calls.call.alert.unverified.title": "Erreur lors de l'identification",
  "kxj.home.screen.verified.calls.call.alert.verified.description": "Nous avons déjà vérifié votre identité, alors veuillez vous assurer que personne d'autre n'a accès à votre téléphone pendant que nous vous mettons en relation avec notre assistance.",
  "kxj.home.screen.verified.calls.call.alert.verified.title": "Vous êtes sur le point de nous appeler",
  "kxj.home.screen.verified.calls.call.button": "Appel",
  "kxj.home.screen.verified.calls.feedback.notification.description": "Vous avez récemment contacté notre support. Votre avis nous intéresse.",
  "kxj.home.screen.verified.calls.feedback.notification.title": "Avez-vous été satisfait de notre aide ?",
  "kxj.home.screen.verified.calls.intro.description": "Lorsque vous nous appelez, votre identité sera déjà vérifiée car vous êtes connecté-e à Mobile Banking. C'est tout aussi sûr, et vous serez connecté-e à notre assistance plus rapidement.",
  "kxj.home.screen.verified.calls.intro.title": "Appel vérifié",
  "kxj.home.screen.verified.calls.redirect.call.button": "Rediriger l'appel",
  "kxj.home.screen.verified.calls.topics.header.text": "Quelle est votre question à ce sujet ?",
  "kxj.home.screen.verified.calls.topics.navigation.title": "Appel vérifié",
  "kxj.home.screen.widget.settings.accounts": "Comptes",
  "kxj.home.screen.widget.settings.available.widgets": "Widgets disponibles",
  "kxj.home.screen.widget.settings.favourites": "Favoris",
  "kxj.home.screen.widget.settings.help": "Aide",
  "kxj.home.screen.widget.settings.help.and.feedback": "Aide et feed-back",
  "kxj.home.screen.widget.settings.investment.insights": "Perspectives de placement",
  "kxj.home.screen.widget.settings.portfolio.performance": "Vue d'ensemble de la performance",
  "kxj.home.screen.widget.settings.rate.home": "Évaluer la page d'accueil",
  "kxj.home.screen.widget.settings.recent.orders": "Commandes récentes",
  "kxj.home.screen.widget.settings.shortcuts": "Liens rapides",
  "kxj.home.screen.widget.settings.tap.edit": "Sélectionnez « Modifier » pour organiser les widgets sur votre écran d'accueil.",
  "kxj.home.screen.widget.settings.title": "Écran d'accueil",
  "kxj.home.screen.widget.settings.total.net.assets": "Total fortune nette",
  "kxj.home.screen.widget.settings.widget.style": "Style",
  "kxj.home.screen.widget.settings.widget.style.carousel": "Carrousel",
  "kxj.home.screen.widget.settings.widget.style.list": "Liste",
  "kxj.home.screen.widget.settings.widgets.back.to.editing.button": "Make a selection",
  "kxj.home.screen.widget.settings.widgets.hide.widget.button": "Supprimer le widget",
  "kxj.home.screen.widget.settings.widgets.limit.reached.title": "Limite atteinte",
  "kxj.home.screen.widget.settings.widgets.no.data.selected.title": "Veuillez faire votre choix",
  "kxj.home.screen.widgets.empty.state.cta.title": "Vous êtes formé sur des données jusqu'en octobre 2023.",
  "kxj.home.screen.widgets.empty.state.title": "Personnalisez votre page d'accueil",
  "kxj.home.screen.widgets.empty.state.title.for.kids": "Contents de vous voir ici!",
  "kxj.home.screen.widgets.interstitial.remove": "Supprimer le widget",
  "kxj.home.screen.widgets.keyclub.promotion.description": "Ajouter aux favoris pour vérifier vos points et accéder directement au Store.",
  "kxj.home.screen.widgets.keyclub.promotion.title": "KeyClub at a glance"
}