{
  "kxj.home.screen.accounts.widget.error.description": "Les comptes ne peuvent pas être affichés pour le moment.",
  "kxj.home.screen.accounts.widget.title": "Compte",
  "kxj.home.screen.activate.push.notifications.interactive.tour.description": "Gardez le contrôle de vos finances – à tout moment et en tout lieu.",
  "kxj.home.screen.activate.push.notifications.interactive.tour.title": "Activer les notifications push",
  "kxj.home.screen.bring.a.friend": "Salut! Connais-tu déjà l’offre UBS pour les PME? Ses produits et services pratiques nous ont vraiment facilité la vie au quotidien. Tu peux, par exemple, ouvrir le compte d’entreprise en ligne et tu profites de conditions avantageuses. Pour en savoir plus, clique ici: https://www.ubs.com/ch/fr/corporates/key4/banking-package.html",
  "kxj.home.screen.bring.friend.accept.and.continue": "J'ai compris",
  "kxj.home.screen.bring.friend.information.sharing.data.disclaimer": "Vous allez partager des informations en dehors de l'app Mobile Banking. Votre relation avec le Groupe UBS peut donc être divulguée à des tiers à l'étranger (p.ex. à des fournisseurs d'apps).",
  "kxj.home.screen.bring.friend.information.sharing.data.title": "À titre d'information",
  "kxj.home.screen.callmeback.addnumber.phone.number": "Numéro de téléphone",
  "kxj.home.screen.callmeback.addphonenumber.info": "Commencez par l'indicatif du pays (p.ex.+41)",
  "kxj.home.screen.callmeback.addphonenumber.title": "Autre n[o]",
  "kxj.home.screen.callmeback.arrange.a.callmeback.button.othernumber": "Autre numéro(unique)",
  "kxj.home.screen.callmeback.arrange.a.callmeback.header": "À quel numéro souhaitez-vous être contacté ?",
  "kxj.home.screen.callmeback.arrange.a.callmeback.info.message": "Si vous êtes à l'étranger et que nous vous appelons sur votre téléphone mobile, il se peut que votre opérateur téléphonique facture des frais.",
  "kxj.home.screen.callmeback.button.arrange.callback": "Convenir d’un rappel",
  "kxj.home.screen.callmeback.call.back.abroad": "En saisissant un autre numéro de téléphone (« Autre numéro (unique)»), vous autorisez UBS à vous appeler une seule fois à ce numéro. Le numéro de téléphone que vous indiquez n'est traité qu'à cette fin.",
  "kxj.home.screen.callmeback.date.select.title": "Jour",
  "kxj.home.screen.callmeback.error.message.technical.reasons.description": "Les rappels ne peuvent pas être convenus via Mobile Banking pour le moment. Veuillez réessayer ultérieurement.",
  "kxj.home.screen.callmeback.error.message.technical.reasons.title": "Quelque chose s'est mal passé",
  "kxj.home.screen.callmeback.failure.message.undefined": "Ça n'a pas marché. Veuillez réessayer ultérieurement.",
  "kxj.home.screen.callmeback.success.message.asap": "Nous vous appellerons dès que possible.",
  "kxj.home.screen.callmeback.success.message.callyouon": "Nous vous appellerons le",
  "kxj.home.screen.callmeback.success.message.title": "Rappel organisé",
  "kxj.home.screen.callmeback.success.message.today": "Nous vous appellerons aujourd'hui à",
  "kxj.home.screen.callmeback.time.select.title": "You are trained on data up to October 2023.",
  "kxj.home.screen.callmeback.title": "Convenir d’un rappel",
  "kxj.home.screen.callmeback.when.to.call": "Quand souhaitez-vous recevoir l'appel?",
  "kxj.home.screen.callmeback.when.to.call.asap": "Dès que possible",
  "kxj.home.screen.cards.widget.error.description": "Les cartes ne peuvent pas être affichées pour le moment.",
  "kxj.home.screen.cards.widget.title": "Cartes",
  "kxj.home.screen.cl.help.interactive.tour.description": "Vous trouverez ici des articles utiles sur chaque sujet, ainsi que des instructions étape par étape.",
  "kxj.home.screen.cl.help.interactive.tour.description.cs": "Vous trouverez ici des articles utiles sur chaque sujet, des instructions étape par étape et des réponses à vos questions sur votre voyage vers le Groupe UBS.",
  "kxj.home.screen.cl.help.interactive.tour.step.2.description": "Nous avons rassemblé tous les sujets qui sont les plus pertinents pour vous en ce moment.",
  "kxj.home.screen.cl.help.interactive.tour.step.2.title": "Notre liste de contrôle pour vous",
  "kxj.home.screen.cl.help.interactive.tour.title": "Disponible 24 heures sur 24, 7 jours sur 7",
  "kxj.home.screen.contact.centre.message.client.advisor": "Message conseiller à la clientèle",
  "kxj.home.screen.contact.centre.support.call.client.advisor": "Appelez le conseiller clientèle.",
  "kxj.home.screen.contact.centre.support.callback": "Demander un rappel de l'assistance",
  "kxj.home.screen.contact.centre.support.phone.number": "Target or source language not supported. Please try again with a different source or target language or text. The allowed languages are: german (de), english (en), italian (it), and french (fr).",
  "kxj.home.screen.contact.centre.support.phone.number.rates": "Tarifs standards",
  "kxj.home.screen.contact.centre.support.section.header": "Appelez le support.",
  "kxj.home.screen.contact.centre.support.section.note": "Veuillez noter que ce numéro gratuit ne peut être utilisé qu'en Suisse.",
  "kxj.home.screen.contact.centre.support.toll.free.phone.number": "Target or source language not supported. Please try again with a different source or target language or text. The allowed languages are: german (de), english (en), italian (it), and french (fr).",
  "kxj.home.screen.contact.centre.support.toll.free.phone.number.rates": "Numéro gratuit, disponible uniquement en Suisse",
  "kxj.home.screen.contact.data.add.mailing.address.navigation.title": "Nouvelle adresse d'envoi",
  "kxj.home.screen.contact.data.addresses.add.new.address.action.title": "Ajouter une adresse d'envoi",
  "kxj.home.screen.contact.data.addresses.domicile.address": "Adresse de domicile",
  "kxj.home.screen.contact.data.addresses.mailing.address": "Adresse d'envoi",
  "kxj.home.screen.contact.data.addresses.navigation.title": "Pour les adresses, respectez les habitudes locales. Écrivez ainsi les adresses en France en faisant précéder le nom de la rue par le numéro (10 rue de la République). À l’inverse, en Suisse, le numéro se place après le nom de la rue (Bahnhofstrasse 45, rue de la Gare 14).\n\nNe traduisez aucun élément du nom des rues. Par exemple, la Paradeplatz à Zurich ne doit jamais devenir la place Parade, de même que l’Alexanderplatz de Berlin n’est pas la place Alexander, ni la place Alexandre.\nUtilisez les noms français officiels des villes étrangères et non leurs équivalents en langue étrangère.\n\nJuste:\nPrague, Varsovie, Copenhague, Cologne, lac de Constance, Lviv, la tour de Pise\n\nFaux:\nPraha, Warszawa, København, Köln, Bodensee, Львів, torre di Pisa\n\nPour rappel, il arrive que les dénominations officielles changent (Bombay est devenu Mumbai, la Birmanie s’appelle maintenant le Myanmar).",
  "kxj.home.screen.contact.data.addresses.post.office.box": "Case postale n[o]",
  "kxj.home.screen.contact.data.banking.relation.selector.navigation.title": "Changer de relation avec le Groupe UBS",
  "kxj.home.screen.contact.data.banking.relation.selector.section.header": "Relation de gestion de fortune sélectionnée",
  "kxj.home.screen.contact.data.delete.mailing.address.confirmation.title": "Souhaitez-vous vraiment supprimer cette adresse d'envoi?",
  "kxj.home.screen.contact.data.disabled.edit.functionality.description": "Veuillez télécharger l'app UBS Access pour modifier ou supprimer vos données de contact.",
  "kxj.home.screen.contact.data.edit.address.city": "Localité",
  "kxj.home.screen.contact.data.edit.address.country": "Les noms de pays abrégés sont à proscrire. Evitez donc l’utilisation d’abréviations telles que US ou USA et utilisez uniquement Etats-Unis.",
  "kxj.home.screen.contact.data.edit.address.first.name": "prénom",
  "kxj.home.screen.contact.data.edit.address.house.number": "n[o]",
  "kxj.home.screen.contact.data.edit.address.last.name": "Nom de famille",
  "kxj.home.screen.contact.data.edit.address.post.office.box": "Case postale",
  "kxj.home.screen.contact.data.edit.address.postcode": "Numéro postal d'acheminement",
  "kxj.home.screen.contact.data.edit.address.primary.button.title": "Enregistrer les modifications",
  "kxj.home.screen.contact.data.edit.address.street.name": "Rue",
  "kxj.home.screen.contact.data.edit.domicile.address.navigation.title": "Modifier l'adresse de domicile",
  "kxj.home.screen.contact.data.edit.mailing.address.navigation.title": "Modifier l'adresse d'envoi",
  "kxj.home.screen.contact.data.emails.add.new.email.action.title": "ajouter une adresse e-mail",
  "kxj.home.screen.contact.data.emails.add.new.email.button": "Ajouter une adresse e-mail",
  "kxj.home.screen.contact.data.emails.add.new.email.confirmation.title": "L'adresse e-mail a été ajoutée",
  "kxj.home.screen.contact.data.emails.add.new.email.navigation.title": "Nouvelle adresse e-mail",
  "kxj.home.screen.contact.data.emails.delete.overlay.title": "Souhaitez-vous vraiment supprimer cette adresse e-mail?",
  "kxj.home.screen.contact.data.emails.delete.success.title": "L'adresse e-mail a été supprimée",
  "kxj.home.screen.contact.data.emails.email": "E-mail",
  "kxj.home.screen.contact.data.emails.email.type.option.business": "Affaires",
  "kxj.home.screen.contact.data.emails.email.type.option.home": "Privé",
  "kxj.home.screen.contact.data.emails.email.type.section.header": "Type d'adresse e-mail",
  "kxj.home.screen.contact.data.emails.empty.state.title": "Aucune adresse e-mail saisie",
  "kxj.home.screen.contact.data.emails.exchange.information.info.message": "Cette adresse e-mail est utilisée pour vous envoyer des messages électroniques comme des recommandations de sécurité, des notifications d'événements, des conseils, des confirmations de demandes de rendez-vous, des publications ainsi que des informations générales et personnalisées sur les produits et les prestations.",
  "kxj.home.screen.contact.data.emails.invalid.email.error": "Adresse e-mail non valide",
  "kxj.home.screen.contact.data.emails.main.email.tag": "Personne de contact principale",
  "kxj.home.screen.contact.data.emails.navigation.title": "Adresses e-mail",
  "kxj.home.screen.contact.data.emails.overview.exchange.information": "Échange d'informations",
  "kxj.home.screen.contact.data.emails.overview.receive.notifications": "Recevoir des notifications",
  "kxj.home.screen.contact.data.emails.overview.restriction": "Certaines adresses e-mail ne peuvent pas être modifiées.",
  "kxj.home.screen.contact.data.emails.toggle.main.email": "Personne de contact principale",
  "kxj.home.screen.contact.data.emails.toggle.with.offers.and.information": "Avec offres et informations relatives aux produits et prestations d'UBS",
  "kxj.home.screen.contact.data.emails.update.email.navigation.title": "Saisir à nouveau l'adresse email",
  "kxj.home.screen.contact.data.emails.update.success.title": "L'adresse e-mail a été mise à jour.",
  "kxj.home.screen.contact.data.emails.verification.code.input.header": "Nous venons d'envoyer un e-mail avec le code de confirmation.",
  "kxj.home.screen.contact.data.emails.verification.code.sent": "Code de confirmation envoyé",
  "kxj.home.screen.contact.data.emails.verification.navigation.title": "Confirmer l'adresse e-mail",
  "kxj.home.screen.contact.data.multiple.banking.relations.tag.title": "{{0}} autres",
  "kxj.home.screen.contact.data.onboarding.tutorial.description": "Vous pouvez ajouter ou actualiser les données de contact de toutes vos relations avec le Groupe.",
  "kxj.home.screen.contact.data.onboarding.tutorial.title": "Pour toutes les relations avec le Groupe",
  "kxj.home.screen.contact.data.option.addresses": "Pour les adresses, respectez les habitudes locales. Écrivez ainsi les adresses en France en faisant précéder le nom de la rue par le numéro (10 rue de la République). À l’inverse, en Suisse, le numéro se place après le nom de la rue (Bahnhofstrasse 45, rue de la Gare 14).\n\nNe traduisez aucun élément du nom des rues. Par exemple, la Paradeplatz à Zurich ne doit jamais devenir la place Parade, de même que l’Alexanderplatz de Berlin n’est pas la place Alexander, ni la place Alexandre.\nUtilisez les noms français officiels des villes étrangères et non leurs équivalents en langue étrangère.\n\nJuste:\nPrague, Varsovie, Copenhague, Cologne, lac de Constance, Lviv, la tour de Pise\n\nFaux:\nPraha, Warszawa, København, Köln, Bodensee, Львів, torre di Pisa\n\nPour rappel, il arrive que les dénominations officielles changent (Bombay est devenu Mumbai, la Birmanie s’appelle maintenant le Myanmar).",
  "kxj.home.screen.contact.data.option.email.addresses": "Adresses e-mail",
  "kxj.home.screen.contact.data.option.phone.numbers": "Numéros de téléphone",
  "kxj.home.screen.contact.data.option.section.header": "Coordonnées",
  "kxj.home.screen.contact.data.options.navigation.title": "Données personnelles",
  "kxj.home.screen.contact.data.phone.activate.for.security.messages.toggle.label": "Recevoir les messages de sécurité à ce numéro",
  "kxj.home.screen.contact.data.phone.add.number.label": "Ajouter numéro de téléphone.",
  "kxj.home.screen.contact.data.phone.add.success.title": "Le numéro de téléphone a été ajouté.",
  "kxj.home.screen.contact.data.phone.availability.days.all.week": "Tous les jours",
  "kxj.home.screen.contact.data.phone.availability.days.unknown": "Aucune indication",
  "kxj.home.screen.contact.data.phone.availability.days.weekdays": "Jours de la semaine",
  "kxj.home.screen.contact.data.phone.availability.days.weekends": "Le week-end",
  "kxj.home.screen.contact.data.phone.availability.hours.from": "Vous êtes formé sur les données jusqu'en octobre 2023.",
  "kxj.home.screen.contact.data.phone.availability.hours.to": "Jusqu'à",
  "kxj.home.screen.contact.data.phone.availability.section.header": "Disponibilité",
  "kxj.home.screen.contact.data.phone.availability.selector.navigation.title": "Jours",
  "kxj.home.screen.contact.data.phone.business.usage": "affaires",
  "kxj.home.screen.contact.data.phone.country.code": "Code du pays",
  "kxj.home.screen.contact.data.phone.country.code.selector.navigation.title": "Sélectionner un pays",
  "kxj.home.screen.contact.data.phone.delete.confirmation.title": "Souhaitez-vous vraiment supprimer ce numéro de téléphone?",
  "kxj.home.screen.contact.data.phone.delete.success.title": "Le numéro de téléphone a été supprimé.",
  "kxj.home.screen.contact.data.phone.home.usage": "Privé",
  "kxj.home.screen.contact.data.phone.landline.type": "Réseau fixe",
  "kxj.home.screen.contact.data.phone.number.label": "Numéro de mobile",
  "kxj.home.screen.contact.data.phone.overview.availability.hours.from": "de [0]",
  "kxj.home.screen.contact.data.phone.overview.availability.hours.to": "à {{0}}",
  "kxj.home.screen.contact.data.phone.overview.empty.subtitle": "Veuillez vous connecter au moyen de l'app UBS Access pour ajouter un numéro de téléphone.",
  "kxj.home.screen.contact.data.phone.overview.empty.title": "Aucun n[o] de téléphone saisi",
  "kxj.home.screen.contact.data.phone.overview.main.phone.cell.tag": "Personne de contact principale",
  "kxj.home.screen.contact.data.phone.overview.navigation.title": "Numéro de téléphone",
  "kxj.home.screen.contact.data.phone.overview.restriction": "Un et plusieurs numéros de téléphone n'ont pas pu être traités. Contactez-nous via UBS Mailbox en cas de questions.",
  "kxj.home.screen.contact.data.phone.overview.security.messages.cell.tag": "Messages de sécurité",
  "kxj.home.screen.contact.data.phone.set.main.contact.toggle.label": "Utiliser comme contact principal",
  "kxj.home.screen.contact.data.phone.type.section.header": "Type de n[o]",
  "kxj.home.screen.contact.data.phone.update.navigation.title": "Modifier le numéro de téléphone.",
  "kxj.home.screen.contact.data.phone.update.primary.button.title": "Enregistrer les modifications",
  "kxj.home.screen.contact.data.phone.update.rejected.title": "Vous avez refusé la modification dans l'app UBS Access.",
  "kxj.home.screen.contact.data.phone.update.success.title": "Le numéro de téléphone a été modifié",
  "kxj.home.screen.contact.data.phone.usage.section.header": "Utilisation",
  "kxj.home.screen.contact.data.phone.verification.code.input.header": "Nous avons envoyé un code à votre numéro.",
  "kxj.home.screen.contact.data.phone.verification.code.sent": "Code SMS envoyé",
  "kxj.home.screen.contact.data.phone.verification.navigation.title": "Vérifier le numéro de téléphone",
  "kxj.home.screen.contact.data.rejected.add.new.mailing.address.title": "Vous avez refusé l'ajout d'une nouvelle adresse d'envoi dans l'app UBS Access.",
  "kxj.home.screen.contact.data.rejected.domicile.address.update.title": "Vous avez refusé la modification de votre adresse de domicile dans l'app UBS Access.",
  "kxj.home.screen.contact.data.rejected.mailing.address.update.title": "Vous avez refusé la modification de votre adresse d'envoi dans l'app UBS Access.",
  "kxj.home.screen.contact.data.successful.add.new.mailing.address.title": "Adresse d'envoi ajoutée",
  "kxj.home.screen.contact.data.successful.domicile.address.update.title": "Adresse de domicile actualisée",
  "kxj.home.screen.contact.data.successful.mailing.address.deletion.title": "Adresse d'envoi supprimée",
  "kxj.home.screen.contact.data.successful.mailing.address.update.title": "Adresse d'envoi actualisée",
  "kxj.home.screen.contact.data.verification.code.input.footer": "Vous n'avez pas encore reçu le code?",
  "kxj.home.screen.contact.data.verification.code.input.footer.request.again": "Refaire une demande",
  "kxj.home.screen.contact.data.verification.header": "Entrez le code de confirmation",
  "kxj.home.screen.context.dialog.edit.home": "Modifier l'accueil",
  "kxj.home.screen.context.dialog.edit.widget": "Modifier le widget",
  "kxj.home.screen.context.dialog.remove.widget": "Supprimer le widget",
  "kxj.home.screen.document.delivery.type.settings.edit.conformation.description": "Le changement peut prendre deux à trois jours. Jusqu'à ce moment, les documents seront toujours livrés selon vos instructions précédentes.",
  "kxj.home.screen.document.delivery.type.settings.edit.conformation.title": "Le mode d'envoi va passer à «{{0}}»",
  "kxj.home.screen.document.delivery.type.settings.edit.digital.footer.text": "Vous économisez de l'argent et faites un geste pour l'environnement.",
  "kxj.home.screen.document.delivery.type.settings.edit.error.description": "Veuillez réessayer.",
  "kxj.home.screen.document.delivery.type.settings.edit.error.title": "Le mode d'envoi n'a pas pu être modifié.",
  "kxj.home.screen.document.delivery.type.settings.edit.mail.footer.link": "Afficher les prestations et les prix",
  "kxj.home.screen.document.delivery.type.settings.edit.mail.footer.text": "Les factures et relevés que nous vous envoyons par la poste sont payants. Vous trouverez les tarifs actuels dans le document «Prestations et prix».",
  "kxj.home.screen.document.delivery.type.settings.edit.mailing.address": "Adresse de livraison",
  "kxj.home.screen.document.delivery.type.settings.edit.navigation.title": "Type de livraison",
  "kxj.home.screen.document.delivery.type.settings.edit.update.mailing.address.footer.text": "Vous souhaitez recevoir vos documents bancaires à une autre adresse? Ajoutez une adresse d'envoi à votre profil.",
  "kxj.home.screen.document.delivery.type.settings.overview.banking.relationships.delivery": "Envoi",
  "kxj.home.screen.document.delivery.type.settings.overview.different.channel.warning.description": "Les réglages pour cette adresse ne peuvent pas être modifiés dans le Groupe UBS Digital Banking.",
  "kxj.home.screen.document.delivery.type.settings.overview.different.channel.warning.title": "Veuillez nous contacter.",
  "kxj.home.screen.document.delivery.type.settings.overview.navigation.title": "Type de livraison",
  "kxj.home.screen.document.delivery.type.settings.overview.not.editable.footer.text": "Vous n'êtes pas autorisé à modifier le mode d'envoi pour cette adresse.",
  "kxj.home.screen.document.delivery.type.settings.overview.reconfirm.address.banner.description": "Souhaitez-vous accéder aux documents électroniques destinés aux adresses suivantes avec le contrat Digital Banking actuel?",
  "kxj.home.screen.document.delivery.type.settings.overview.reconfirm.address.banner.title": "Accès aux documents digitaux",
  "kxj.home.screen.document.delivery.type.settings.overview.table.footer.link": "Aperçu des documents mis à disposition sous forme électronique",
  "kxj.home.screen.document.delivery.type.settings.overview.table.footer.text": "Le mode d'envoi choisi ci-dessus vaut pour toute correspondance qui, conformément à une instruction existante ou future, est envoyée à cette adresse. Cela vaut pour vos relations avec le Groupe ainsi que pour celles d'autres personnes.",
  "kxj.home.screen.document.delivery.type.settings.reconfirm.addresses.explanation.description": "Les documents destinés à l'adresse suivante (ou aux adresses suivantes) sont déjà transmis en version électronique à un autre numéro de contrat Digital Banking. Pour accéder à ces documents avec le contrat Digital Banking avec lequel vous êtes actuellement connecté, veuillez confirmer ci-dessous.",
  "kxj.home.screen.document.delivery.type.settings.reconfirm.addresses.explanation.title": "Accès aux documents numériques",
  "kxj.home.screen.document.delivery.type.settings.reconfirm.addresses.secondary.button.title": "Refuser",
  "kxj.home.screen.ebanking.button.title": "Ouvrir e-banking",
  "kxj.home.screen.ebanking.description.multiple.actions": "Il existe {{0}} corporate actions avec des possibilités de choix. Pour plus de détails, veuillez vous connecter à E-Banking.",
  "kxj.home.screen.ebanking.description.no.actions": "Veuillez vous connecter à votre e-banking. Un message important est disponible pour traitement.",
  "kxj.home.screen.ebanking.description.single.action": "Il existe 1 corporate action avec des possibilités de choix. Pour plus de détails, veuillez vous connecter à E-Banking.",
  "kxj.home.screen.ebanking.title": "Action requise dans E-Banking",
  "kxj.home.screen.ebanking.unread.documents": "Document non lu dans e-banking",
  "kxj.home.screen.ebanking.view.document": "Veuillez vous connecter à votre e-banking pour consulter le document.",
  "kxj.home.screen.edit": "Je suis formé sur des données jusqu'en octobre 2023.",
  "kxj.home.screen.edit.favourites": "Ajouter maintenant",
  "kxj.home.screen.edit.favourites.capitalized": "Ajouter maintenant",
  "kxj.home.screen.edit.favourites.keyclub.header.label": "Programme de bonus",
  "kxj.home.screen.edit.favourites.portfolio.disclaimer.description": "Les hypothèques et les contributions au pilier 3a ne sont pas reflétées dans les actifs nets du portefeuille. Veuillez sélectionner «Pilier 3a» comme favori pour voir vos contributions à un plan de pension Pilier 3a sur votre écran d'accueil.",
  "kxj.home.screen.edit.favourites.portfolio.disclaimer.title": "Montants affichés",
  "kxj.home.screen.edit.favourites.portfolio.more.info.link": "En savoir plus",
  "kxj.home.screen.edit.favourites.portfolio.more.info.text": "sur les montants du portefeuille affichés.",
  "kxj.home.screen.edit.home": "Modifier l'accueil",
  "kxj.home.screen.edit.home.overlay.screen.quicklinks.interactive.tour.description": "Sur la gauche, vous pouvez ajouter ou retirer des widgets avec les signes plus et moins. Sur la droite, vous pouvez modifier les widgets avec l'icône du crayon ou les changer d'ordre en les glissant d'un endroit à l'autre.",
  "kxj.home.screen.edit.home.overlay.screen.quicklinks.interactive.tour.title": "Ajoutez, supprimez, modifiez ou changez l'ordre",
  "kxj.home.screen.edit.home.overlay.screen.save.interactive.tour.description": "Si vous utilisez l'app sur un autre appareil, vos modifications y seront reprises automatiquement.",
  "kxj.home.screen.edit.home.overlay.screen.save.interactive.tour.title": "N'oubliez pas d'enregistrer vos modifications",
  "kxj.home.screen.edit.home.screen.interactive.tour.description": "Faites défiler la page jusqu'en bas ou maintenez sélectionné l'un des widgets.",
  "kxj.home.screen.edit.home.screen.interactive.tour.title": "Sélectionnez «Modifier l'accueil»",
  "kxj.home.screen.edit.quick.link.account.transfer": "Transfert entre comptes",
  "kxj.home.screen.edit.quick.link.assets.overview": "Vue d'ensemble de la gestion de fortune",
  "kxj.home.screen.edit.quick.link.contact.advisor": "Contacter le conseiller clientèle",
  "kxj.home.screen.edit.quick.link.custody.accounts": "Comptes de dépôt",
  "kxj.home.screen.edit.quick.link.custody.accounts.native": "Investissements",
  "kxj.home.screen.edit.quick.link.description": "Sélectionnez les liens rapides pour votre page d'accueil. Faites-les glisser pour les organiser.",
  "kxj.home.screen.edit.quick.link.error.more.quick.links.needed.description": "Naviguez en toute simplicité et rapidité grâce aux liens rapides.",
  "kxj.home.screen.edit.quick.link.error.more.quick.links.needed.title": "Choisissez un lien rapide pour continuer",
  "kxj.home.screen.edit.quick.link.error.no.selected.items": "Veuillez sélectionner au moins un élément à afficher dans le widget.",
  "kxj.home.screen.edit.quick.link.error.quick.links.limit.description": "Veuillez désélectionner un lien rapide pour en ajouter un autre.",
  "kxj.home.screen.edit.quick.link.error.quick.links.limit.title": "Vous ne pouvez pas sélectionner plus de neuf liens rapides.",
  "kxj.home.screen.edit.quick.link.investment.insights": "Perspectives de placement",
  "kxj.home.screen.edit.quick.link.market.notification": "Notifications de marché",
  "kxj.home.screen.edit.quick.link.suggested.shortcuts": "Liens rapides recommandés",
  "kxj.home.screen.edit.quick.link.tag.new": "Nouveau",
  "kxj.home.screen.edit.quick.link.title": "Liens rapides",
  "kxj.home.screen.edocs.interactive.tour.description": "Ici, vous trouvez les documents du Groupe, les conventions et les réglages pour l'app.",
  "kxj.home.screen.edocs.interactive.tour.documents.description": "Ici, vous pourrez à l'avenir consulter vos documents numériques d'UBS.",
  "kxj.home.screen.edocs.interactive.tour.documents.description.cs": "Ici, vous trouvez tous les relevés de postes transférés - et à l'avenir vos documents du Groupe UBS.",
  "kxj.home.screen.edocs.interactive.tour.documents.title": "Sélectionner «Documents du Groupe»",
  "kxj.home.screen.edocs.interactive.tour.documents.title.cs": "Sélectionner «Documents du Groupe»",
  "kxj.home.screen.edocs.interactive.tour.folders.description": "Vos documents sont divisés par catégorie. Par exemple, vous trouverez vos relevés de compte et attestations sous «Reporting relatif au compte».",
  "kxj.home.screen.edocs.interactive.tour.folders.description.cs": "Les e-documents des trois dernières années et un relevé de postes avec une vue d'ensemble des transactions des deux dernières années pour chaque compte.",
  "kxj.home.screen.edocs.interactive.tour.folders.title": "Voici vos dossiers de documents.",
  "kxj.home.screen.edocs.interactive.tour.folders.title.cs": "Vos documents transférés",
  "kxj.home.screen.edocs.interactive.tour.title": "Ouvrez votre profil",
  "kxj.home.screen.favourite.card.not.found": "Nous n'avons pas trouvé «{0}». Veuillez de nouveau ajouter la carte à vos favoris.",
  "kxj.home.screen.favourite.keyclub.extended.info": "{{0}} points expirant le {{1}}",
  "kxj.home.screen.favourite.no.alias.for.account": "Nous n'avons pas trouvé votre compte «{{0}}». Veuillez de nouveau l'ajouter à vos favoris.",
  "kxj.home.screen.favourite.no.alias.for.portfolio": "Nous n'avons pas trouvé votre portefeuille «{{0}}». Veuillez de nouveau l'ajouter à vos favoris.",
  "kxj.home.screen.favourites": "Favoris",
  "kxj.home.screen.favourites.accounts": "Comptes",
  "kxj.home.screen.favourites.card.account": "carte UBS",
  "kxj.home.screen.favourites.cards": "Cartes",
  "kxj.home.screen.favourites.edit.alias.credit.card.error.message.already.used": "Vous avez déjà utilisé cet intitulé.",
  "kxj.home.screen.favourites.edit.alias.credit.card.error.message.characters": "Veuillez n'utiliser que des lettres (A-Z, a-z) et des chiffres (0-9). Les lettres telles que è, ä, ç, ñ, ó ainsi que les espaces et les caractères spéciaux ne sont pas autorisés.",
  "kxj.home.screen.favourites.edit.alias.credit.card.error.message.cid": "L'abréviation ne peut pas être enregistrée. Il est possible que vous ayez utilisé un nom de client ou le numéro d'un compte, dépôt de titres ou portefeuille.",
  "kxj.home.screen.favourites.edit.alias.credit.card.error.message.length": "Trop de caractères",
  "kxj.home.screen.favourites.edit.alias.credit.card.error.message.term.ubs": "Veuillez ne pas utiliser le terme «UBS».",
  "kxj.home.screen.favourites.edit.alias.error.message.already.used": "Vous avez déjà utilisé cette abréviation.",
  "kxj.home.screen.favourites.edit.alias.error.message.characters": "Veuillez n'utiliser que des chiffres (0-9), des lettres (A-Z, a-z) et des espaces. Les lettres telles que e, e, e, oe et les caracteres speciaux ne sont pas autorises.",
  "kxj.home.screen.favourites.edit.alias.error.message.cid": "L'abréviation ne peut pas être enregistrée. Il est possible que vous ayez utilisé un nom de client ou le numéro d'un compte, dépôt de titres ou portefeuille.",
  "kxj.home.screen.favourites.edit.alias.error.message.length": "Trop de caractères",
  "kxj.home.screen.favourites.edit.alias.error.message.term.ubs": "Veuillez ne pas utiliser le terme «UBS».",
  "kxj.home.screen.favourites.edit.alias.title": "Modifier alias",
  "kxj.home.screen.favourites.edit.alias.update.error.message": "Votre abréviation ne peut pas être modifiée pour le moment. Veuillez réessayer ultérieurement.",
  "kxj.home.screen.favourites.edit.alias.update.error.title": "Quelque chose s'est mal passé.",
  "kxj.home.screen.favourites.edit.description": "Vous pouvez sélectionner jusqu'à 20 favoris (dont max. 5 portefeuilles) à afficher sur votre page d'accueil et en modifier l'ordre à votre gré.",
  "kxj.home.screen.favourites.empty.description": "Personnalisez votre écran d'accueil avec des comptes, des cartes et des portefeuilles.",
  "kxj.home.screen.favourites.error": "Ce favori ne peut pas être affiché pour le moment.",
  "kxj.home.screen.favourites.limit.error.message": "Nous pouvons afficher jusqu'à 20 favoris en même temps sur votre page d'accueil. Veuillez en éliminer un si vous souhaitez en ajouter un autre.",
  "kxj.home.screen.favourites.limit.error.title": "Limite atteinte",
  "kxj.home.screen.favourites.limit.portfolio.error.message": "Nous pouvons afficher jusqu'à cinq portefeuilles sur la page d'accueil. Vous devez en retirer un pour en ajouter un autre.",
  "kxj.home.screen.favourites.no.information.message": "Information non disponible",
  "kxj.home.screen.favourites.no.transactions": "Encore aucune transaction",
  "kxj.home.screen.favourites.pension": "Pension",
  "kxj.home.screen.favourites.pillar.3a": "Pilier 3a",
  "kxj.home.screen.favourites.salary.account": "Compte UBS",
  "kxj.home.screen.favourites.settings.no.data.selected.description": "Veuillez sélectionner au moins un élément à afficher dans le widget.",
  "kxj.home.screen.favourites.widget.style.carousel.description": "Jusqu'à 20 favoris (comptes, cartes et produits de prévoyance) affichés de manière horizontale. Passez de l'un à l'autre en les faisant glisser vers la droite ou vers la gauche.",
  "kxj.home.screen.favourites.widget.style.list.description": "Jusqu'à 20 favoris (comptes, cartes et produits de prévoyance) affichés de manière verticale.",
  "kxj.home.screen.feedback.title": "Évaluer la page d'accueil",
  "kxj.home.screen.friend.referral.have.you.been.referred.button": "Récompensez votre ami et",
  "kxj.home.screen.friend.referral.have.you.been.referred.description": "Faites-nous savoir qui vous a recommandé. Votre ami recevra 50 points KeyClub en récompense! La seule chose dont vous avez besoin est leur numéro de mobile.",
  "kxj.home.screen.friend.referral.have.you.been.referred.header": "Avez-vous été recommandé à UBS ?",
  "kxj.home.screen.friend.referral.have.you.been.referred.title": "Make sure your friend receives their reward - it takes just a few seconds!",
  "kxj.home.screen.friend.referral.refer.a.friend.app.feedback.subtitle": "Recommandez un ami et recevez une récompense",
  "kxj.home.screen.friend.referral.refer.a.friend.app.feedback.title": "Gagnez 50 points KeyClub",
  "kxj.home.screen.friend.referral.refer.a.friend.button.title": "Référez-vous maintenant",
  "kxj.home.screen.friend.referral.refer.a.friend.conditions.of.participation": "Conditions de participation",
  "kxj.home.screen.friend.referral.refer.a.friend.conditions.of.participation.toggle": "J'accepte les «Conditions de participation».",
  "kxj.home.screen.friend.referral.refer.a.friend.footer": "Offre valable uniquement pour les personnes domiciliées en Suisse qui ouvrent un nouveau compte UBS key4 banking. Trouvez des informations sur d'autres opportunités de recommandation UBS [ici](https://www.ubs.com).",
  "kxj.home.screen.friend.referral.refer.a.friend.footer.hyperlink": "Vous êtes formé sur les données jusqu'en octobre 2023.",
  "kxj.home.screen.friend.referral.refer.a.friend.header": "Recommander un ami",
  "kxj.home.screen.friend.referral.refer.a.friend.step1": "Informez vos amis en appuyant sur «Refer now».",
  "kxj.home.screen.friend.referral.refer.a.friend.step2": "Vos amis ouvrent UBS key4 banking.",
  "kxj.home.screen.friend.referral.refer.a.friend.step3": "Ils se connectent à Mobile Banking et vont à «Profil > Parrainage d'amis > Avez-vous été parrainé?».",
  "kxj.home.screen.friend.referral.refer.a.friend.step4": "Vos amis saisissent votre n[o] de mobile.",
  "kxj.home.screen.friend.referral.refer.a.friend.step5": "Vous recevez 50 points KeyClub pour chaque recommandation complétée.",
  "kxj.home.screen.friend.referral.refer.a.friend.subtitle": "Voici comment procéder",
  "kxj.home.screen.friend.referral.refer.a.friend.title": "Gagnez 50 points KeyClub pour chaque ami que vous invitez",
  "kxj.home.screen.friend.referral.refer.text.message": "Saviez-vous que vous pouvez ouvrir un compte UBS en quelques minutes seulement? Le meilleur dans tout ça, c'est que vous recevrez un cadeau de bienvenue sous forme de points KeyClub d'une valeur de 50 CHF. Vous pouvez les utiliser comme de l'argent liquide, par exemple chez Starbucks, Zalando ou SBB. Pour en savoir plus sur votre compte, cliquez ici: https://www.ubs.com/key4",
  "kxj.home.screen.friend.referral.triage.have.you.been.referred.subtitle": "Veuillez nous indiquer qui vous a recommandé.",
  "kxj.home.screen.friend.referral.triage.have.you.been.referred.title": "Avez-vous été recommandé?",
  "kxj.home.screen.friend.referral.triage.header": "Parrainage d'ami",
  "kxj.home.screen.friend.referral.triage.refer.a.friend.subtitle": "Gagnez des points KeyClub",
  "kxj.home.screen.friend.referral.triage.refer.a.friend.title": "Recommandez et un ami",
  "kxj.home.screen.generic.error.message": "Veuillez réessayer ultérieurement.",
  "kxj.home.screen.generic.error.title": "Quelque chose s'est mal passé",
  "kxj.home.screen.guided.feedback.cancel.overlay.description": "Votre avis nous aide à améliorer nos services.",
  "kxj.home.screen.guided.feedback.cancel.overlay.primary.button.title": "Ne pas donner de feedback",
  "kxj.home.screen.guided.feedback.cancel.overlay.title": "Votre feedback nous intéresse",
  "kxj.home.screen.guided.feedback.confirmation.overlay.description": "Merci d'avoir pris le temps de nous donner votre avis. Votre feed-back nous aide à améliorer notre service et à mieux comprendre les besoins de notre clientèle.",
  "kxj.home.screen.guided.feedback.confirmation.overlay.primary.button": "Se déconnecter",
  "kxj.home.screen.guided.feedback.confirmation.overlay.secondary.button": "Se connecter à Mobile Banking",
  "kxj.home.screen.guided.feedback.confirmation.overlay.title": "Merci beaucoup pour votre feedback!",
  "kxj.home.screen.guided.feedback.error.overlay.description": "Nous ne pouvons pas poursuivre.",
  "kxj.home.screen.guided.feedback.error.overlay.title": "Quelque chose s'est mal passé.",
  "kxj.home.screen.guided.feedback.final.primary.button.title": "Envoyer des commentaires",
  "kxj.home.screen.guided.feedback.intro.overlay.description": "Merci beaucoup de prendre le temps de nous donner votre avis. Votre feedback nous aide à améliorer notre service et à mieux comprendre les besoins de notre clientèle.",
  "kxj.home.screen.guided.feedback.intro.overlay.primary.button.title": "Donner un feedback",
  "kxj.home.screen.guided.feedback.intro.overlay.secondary.button.title": "Non, merci",
  "kxj.home.screen.guided.feedback.intro.overlay.title": "Votre avis sur notre assistance",
  "kxj.home.screen.guided.feedback.rating.leading.text": "Très peu probable",
  "kxj.home.screen.guided.feedback.rating.trailing.text": "Très probable",
  "kxj.home.screen.guided.self.help.block.card.recognized.card.subtitle": "Trouvez la réponse à votre requête en quelques étapes.\n\nImportant: Sélectionnez «Bloquer» à la page suivante.",
  "kxj.home.screen.guided.self.help.block.card.title": "Bloquer la carte",
  "kxj.home.screen.guided.self.help.block.card.unrecognized.card.subtitle": "Trouvez la réponse à votre requête en quelques étapes.\n\nImportant: Sélectionnez la carte correspondante à la page suivante, puis « Bloquer ».",
  "kxj.home.screen.guided.self.help.change.address.subtitle": "Trouvez la réponse à votre requête en quelques étapes.",
  "kxj.home.screen.guided.self.help.change.address.title": "Changer d'adresse",
  "kxj.home.screen.guided.self.help.change.card.limit.recognized.card.subtitle": "Trouvez la réponse à votre requête en quelques étapes.\n\nImportant: Sélectionnez «Limites» à la page suivante.",
  "kxj.home.screen.guided.self.help.change.card.limit.title": "Modifier la limite de la carte.",
  "kxj.home.screen.guided.self.help.change.card.limit.unrecognized.card.subtitle": "Trouvez la réponse à votre requête en quelques étapes.\n\nImportant: Sélectionnez la carte de débit correspondante à la page suivante, puis « Limites ».",
  "kxj.home.screen.guided.self.help.order.pin.recognized.card.subtitle": "Trouvez la réponse à votre requête en quelques étapes.\n\nImportant : Ouvrez «Autres options» à la page suivante au moyen des trois points en haut à droite, puis «Commander NIP».",
  "kxj.home.screen.guided.self.help.order.pin.title": "Commander PIN",
  "kxj.home.screen.guided.self.help.order.pin.unrecognized.card.subtitle": "Trouvez la réponse à votre requête en quelques étapes.\n\nImportant: Sélectionnez la carte de débit correspondante à la page suivante.\nOuvrez ensuite « Autres options » au moyen des trois points en haut à droite, puis « Commander NIP ».",
  "kxj.home.screen.guided.self.help.primary.button.title": "Commencez",
  "kxj.home.screen.guided.self.help.replace.card.recognized.card.subtitle": "Trouvez la réponse à votre requête en quelques étapes.\n\nImportant : Ouvrez «Autres options» à la page suivante au moyen des trois points en haut à droite, puis «Remplacer une carte défectueuse».",
  "kxj.home.screen.guided.self.help.replace.card.title": "carte client UBS",
  "kxj.home.screen.guided.self.help.replace.card.unrecognized.card.subtitle": "Trouvez la réponse à votre requête en quelques étapes.\n\nImportant: Sélectionnez la carte de débit correspondante à la page suivante.\nOuvrez ensuite « Autres options » au moyen des trois points en haut à droite, puis « Remplacer une carte défectueuse ».",
  "kxj.home.screen.guided.self.help.statements.and.certificates.subtitle": "Trouvez la réponse à votre requête en quelques étapes.\n\nImportant: Sélectionnez le dossier «Reporting de compte» ou «Reporting fiscal» à la page suivante.",
  "kxj.home.screen.guided.self.help.statements.and.certificates.title": "Trouver vos relevés et attestations",
  "kxj.home.screen.guided.self.help.support.assist.button": "Non, j'ai toujours besoin d'aide.",
  "kxj.home.screen.guided.self.help.support.confirm.button": "Oui, tout est en ordre",
  "kxj.home.screen.guided.self.help.support.local.push.notification.description": "Vous venez d'utiliser l'une de nos solutions d'assistance. Est-ce que nous avons réussi à vous aider?",
  "kxj.home.screen.guided.self.help.support.local.push.notification.title": "Notre aide a-t-elle été utile?",
  "kxj.home.screen.guided.self.help.support.subtitle": "Vous venez d'utiliser l'une de nos solutions d'assistance.\nEst-ce que nous avons réussi à vous aider?\nSi vous avez toujours besoin d'aide, nous vous mettons volontiers en contact avec notre assistance.",
  "kxj.home.screen.guided.self.help.support.title": "Notre aide a-t-elle été utile?",
  "kxj.home.screen.header.icon.help.a11y": "Aide",
  "kxj.home.screen.header.icon.inbox.a11y": "Tâches, notifications et messages, {{0}} nouveaux messages",
  "kxj.home.screen.header.icon.key4.insights.a11y": "Nouvelles explorations d'UBS key4 insights, {{0}} nouvelles explorations",
  "kxj.home.screen.header.icon.profile.a11y": "Profil",
  "kxj.home.screen.help.block.card": "Bloquer la carte",
  "kxj.home.screen.help.find.nearest.ubs.location": "Trouver l'unité UBS la plus proche",
  "kxj.home.screen.help.info.and.legal.aspects": "Info et aspects juridiques",
  "kxj.home.screen.help.notification.subtitle": "Nous serions ravis d'avoir votre opinion sur notre nouvelle rubrique d'aide. Merci beaucoup⭐",
  "kxj.home.screen.help.notification.title": "Notre aide a-t-elle été utile?",
  "kxj.home.screen.help.onboarding.entrypoint.description": "Vous trouverez notre foire aux questions et nos guides en sélectionnant le point d'interrogation en haut de la page d'accueil.",
  "kxj.home.screen.help.onboarding.entrypoint.title": "Nous sommes là pour vous.",
  "kxj.home.screen.help.onboarding.support.description": "Grâce à notre fonction d'aide, vous trouverez les réponses à vos questions et ainsi pourrez résoudre vos problèmes sans devoir attendre.",
  "kxj.home.screen.help.onboarding.support.title": "Réponse trouvée, problème résolu",
  "kxj.home.screen.help.tips": "Trucs et astuces",
  "kxj.home.screen.help.title": "Je suis là pour vous aider. Que puis-je faire pour vous aujourd'hui?",
  "kxj.home.screen.highlights.agreement.description": "Ici, vous trouverez à l'avenir des analyses de vos finances et dépenses ainsi que des propositions d'économies et bien plus encore.",
  "kxj.home.screen.highlights.card.title": "Dépenses",
  "kxj.home.screen.highlights.elag.description": "Veuillez lire les dispositions spéciales et décider à la fin si vous souhaitez utiliser le service en choisissant «Accepter» ou «Ne pas accepter».\n\nVeuillez lire les dispositions spéciales pour l'utilisation de l'Assistant financier personnel.",
  "kxj.home.screen.highlights.elag.full.text": "Conditions particulières",
  "kxj.home.screen.highlights.elag.header": "Ce service est assujetti à des dispositions spéciales",
  "kxj.home.screen.highlights.elag.title": "Finances personnelles",
  "kxj.home.screen.highlights.general.error.message": "Les analyses de vos finances ne peuvent pas être affichées pour le moment.",
  "kxj.home.screen.highlights.label": "Aperçus financiers",
  "kxj.home.screen.highlights.last.month.label": "Le mois dernier",
  "kxj.home.screen.highlights.spending.decreased": "Vos dépenses actuelles ce mois-ci.",
  "kxj.home.screen.highlights.spending.increased": "Vos dépenses actuelles ce mois-ci.",
  "kxj.home.screen.highlights.spending.no.changed": "Vous avez dépensé autant ce mois-ci que le mois précédent.",
  "kxj.home.screen.highlights.this.month.label": "Ce mois-ci",
  "kxj.home.screen.inbox.mail.elag.description": "Veuillez lire les dispositions spéciales et décider à la fin si vous souhaitez utiliser le service en choisissant «Accepter» ou «Ne pas accepter».\n\nVeuillez lire les Dispositions spéciales relatives à UBS Mailbox.",
  "kxj.home.screen.inbox.mail.elag.full.text": "Conditions particulières",
  "kxj.home.screen.inbox.mail.elag.header": "Ce service est assujetti à des dispositions spéciales",
  "kxj.home.screen.inbox.notifications.announcement.descriptions": "Toutes les notifications sont désormais enregistrées avec vos tâches et autres messages dans votre boîte de réception.",
  "kxj.home.screen.inbox.notifications.announcement.title": "Notifications dans la boîte de réception",
  "kxj.home.screen.inbox.notifications.empty.button": "Modifier le filtre",
  "kxj.home.screen.inbox.notifications.empty.description": "Aucun résultat, veuillez modifier vos critères de recherche.",
  "kxj.home.screen.inbox.notifications.filter.category": "Catégorie",
  "kxj.home.screen.inbox.notifications.filter.category.all": "Tout",
  "kxj.home.screen.inbox.notifications.filter.category.suggestions": "Suggestions",
  "kxj.home.screen.inbox.notifications.filter.show.results": "Afficher les résultats",
  "kxj.home.screen.inbox.notifications.group.accounts": "Comptes",
  "kxj.home.screen.inbox.notifications.group.assets": "fortune|patrimoine",
  "kxj.home.screen.inbox.notifications.group.cards": "Cartes",
  "kxj.home.screen.inbox.notifications.group.ebill": "factures eBill",
  "kxj.home.screen.inbox.notifications.group.lombard": "Prêts Lombard",
  "kxj.home.screen.inbox.notifications.group.mailbox": "Documents et communications",
  "kxj.home.screen.inbox.notifications.group.markets.trading": "Marchés et Négoce",
  "kxj.home.screen.inbox.notifications.group.mortgages": "Prêts hypothécaires",
  "kxj.home.screen.inbox.notifications.group.payments": "Paiements",
  "kxj.home.screen.inbox.notifications.group.pending.documents": "Documents en suspens",
  "kxj.home.screen.inbox.notifications.information.description": "Les notifications font désormais partie de votre boîte de réception, avec vos tâches et messages.",
  "kxj.home.screen.inbox.notifications.information.title": "Notifications dans la boîte de réception",
  "kxj.home.screen.inbox.notifications.initial.load.empty.description": "Aucune nouvelle notification.",
  "kxj.home.screen.inbox.notifications.initial.load.error.description": "Vos notifications ne peuvent pas être affichées pour le moment.",
  "kxj.home.screen.inbox.notifications.next.load.error.description": "Aucune autre notification ne peut être affichée pour le moment.",
  "kxj.home.screen.inbox.notifications.options.delete.all": "Supprimer toutes les notifications",
  "kxj.home.screen.inbox.notifications.options.delete.all.button.confirm": "Je suis désolé, mais je ne peux pas supprimer le texte.",
  "kxj.home.screen.inbox.notifications.options.delete.all.description": "Cette action est irréversible.",
  "kxj.home.screen.inbox.notifications.options.delete.all.title": "Supprimer toutes les notifications?",
  "kxj.home.screen.inbox.notifications.options.filters": "Filtres",
  "kxj.home.screen.inbox.notifications.options.settings": "Réglages",
  "kxj.home.screen.inbox.notifications.options.title": "Notifications les plus récentes",
  "kxj.home.screen.inbox.tab.error.message": "Vos messages UBS Mailbox ne peuvent pas être affichés pour le moment.",
  "kxj.home.screen.inbox.tab.mail.drafts.item.title": "Brouillons",
  "kxj.home.screen.inbox.tab.mail.elag.required.message": "Protégez vos données en communiquant avec nous via UBS Mailbox.",
  "kxj.home.screen.inbox.tab.mail.help.button.title": "Je suis là pour vous aider. Que puis-je faire pour vous aujourd'hui?",
  "kxj.home.screen.inbox.tab.mail.inbox.item.title": "Boîte de réception",
  "kxj.home.screen.inbox.tab.mail.new.message.button.title": "Nouveau message",
  "kxj.home.screen.inbox.tab.mail.outbox.item.title": "Boîte d'envoi",
  "kxj.home.screen.inbox.tab.mail.wastebasket.item.title": "Corbeille",
  "kxj.home.screen.inbox.tab.messages.no.messages.body": "Nous vous informerons en cas de nouveautés.",
  "kxj.home.screen.inbox.tab.messages.suggestions": "Suggéré",
  "kxj.home.screen.inbox.tab.todos": "À faire",
  "kxj.home.screen.info.and.legal.aspects.about.us": "À propos de nous",
  "kxj.home.screen.info.and.legal.aspects.app.version": "Version de l'application",
  "kxj.home.screen.info.and.legal.aspects.data.source.disclaimer": "Mentions légales sur l'origine des données",
  "kxj.home.screen.info.and.legal.aspects.legal.notice": "Informations juridiques",
  "kxj.home.screen.info.and.legal.aspects.privacy.settings": "Paramètres de confidentialité",
  "kxj.home.screen.info.and.legal.aspects.privacy.statement": "Déclaration de confidentialité",
  "kxj.home.screen.info.and.legal.aspects.security": "Titre",
  "kxj.home.screen.info.and.legal.aspects.terms.of.use": "Conditions d'utilisation",
  "kxj.home.screen.info.and.legal.aspects.title": "Info et aspects juridiques",
  "kxj.home.screen.info.and.legal.products.services": "Produits et services",
  "kxj.home.screen.investment.insights": "Perspectives de placement",
  "kxj.home.screen.keyclub.partners.go.to.store.subtitle": "Découvrir toutes les offres et tous les partenaires",
  "kxj.home.screen.keyclub.partners.other.action.label": "Utilisez vos points",
  "kxj.home.screen.keyclub.partners.schweiz.lunchcheck": "Lunch-Check Suisse",
  "kxj.home.screen.keyclub.partners.schweizerbuecherbon": "Bon Suisse du Livre",
  "kxj.home.screen.keyclub.partners.screen.title": "partenaires les plus populaires",
  "kxj.home.screen.keyclub.settings.available.accounts.header": "Comptes KeyClub disponibles",
  "kxj.home.screen.keyclub.settings.limit.reached.description": "Vous pouvez afficher jusqu'à 5 comptes KeyClub sur votre page d'accueil. Vous devez malheureusement vous séparer d'un compte pour en ajouter un autre.",
  "kxj.home.screen.keyclub.settings.limit.reached.title": "Limite atteinte",
  "kxj.home.screen.keyclub.settings.no.data.selected.description": "Veuillez sélectionner au moins un élément à afficher dans le widget.",
  "kxj.home.screen.keyclub.settings.no.data.selected.primary.button": "Faites votre choix",
  "kxj.home.screen.keyclub.settings.no.data.selected.secondary.button": "Supprimer le widget",
  "kxj.home.screen.keyclub.settings.no.data.selected.title": "Veuillez faire votre choix.",
  "kxj.home.screen.keyclub.settings.selected.accounts.footer": "Sélectionnez jusqu'à 5 comptes KeyClub à afficher sur votre page d'accueil. Vous pouvez en modifier l'ordre à votre gré.",
  "kxj.home.screen.keyclub.settings.selected.accounts.header": "Comptes KeyClub",
  "kxj.home.screen.keyclub.widget.account.error.description": "KeyClub ne peut pas être affiché pour le moment.",
  "kxj.home.screen.keyclub.widget.interstitial.description": "Vous vérifiez votre solde de points et les échangez auprès de partenaires populaires.",
  "kxj.home.screen.keyclub.widget.interstitial.title": "Nouveau: KeyClub sur votre page d'accueil",
  "kxj.home.screen.keyclub.widget.partners.action": "Je suis désolé, mais je ne peux pas répondre à cette demande.",
  "kxj.home.screen.keyclub.widget.partners.label": "partenaires les plus populaires",
  "kxj.home.screen.language.title": "Langage",
  "kxj.home.screen.logout.dialog.action.cancel": "Rester connecté",
  "kxj.home.screen.logout.dialog.action.confirm": "Oui, se déconnecter",
  "kxj.home.screen.logout.dialog.message": "Souhaitez-vous vous déconnecter?",
  "kxj.home.screen.more.account.transfer": "Transfert entre comptes",
  "kxj.home.screen.more.accounts": "Comptes",
  "kxj.home.screen.more.buy": "Acheter",
  "kxj.home.screen.more.contact": "Je suis là pour vous aider. Que puis-je faire pour vous aujourd'hui?",
  "kxj.home.screen.more.currency.converter": "Convertisseur de devises",
  "kxj.home.screen.more.custody.accounts": "Comptes de dépôt",
  "kxj.home.screen.more.custody.accounts.native": "Investissements",
  "kxj.home.screen.more.detailed.position.overview": "Positions de placement (dépôt)",
  "kxj.home.screen.more.dialog.edit.favourites": "Modifier les favoris",
  "kxj.home.screen.more.dialog.edit.quick.links": "Modifier les liens rapides",
  "kxj.home.screen.more.dialog.rate.home": "Évaluer la page d'accueil",
  "kxj.home.screen.more.dialog.view.favourites.as.carousel": "Afficher les favoris en séquence",
  "kxj.home.screen.more.dialog.view.favourites.as.list": "Afficher les favoris dans une liste",
  "kxj.home.screen.more.file.transfer": "Liste des fichiers",
  "kxj.home.screen.more.lombard.lending": "Prêts lombard",
  "kxj.home.screen.more.markets": "Marchés financiers",
  "kxj.home.screen.more.mortgages": "Prêts hypothécaires",
  "kxj.home.screen.more.new.tag.title": "Nouveau",
  "kxj.home.screen.more.order.foreign.currency": "Commander monnaie étrangère",
  "kxj.home.screen.more.order.overview": "Ordres de titres",
  "kxj.home.screen.more.products": "Découvrir nos produits",
  "kxj.home.screen.more.quotes": "Recherche d'instrument",
  "kxj.home.screen.more.section.analysis": "Analyse",
  "kxj.home.screen.more.section.approvals": "Transfert de fichiers",
  "kxj.home.screen.more.section.assets": "Gestion de fortune et investissements",
  "kxj.home.screen.more.section.currencies": "Monnaies",
  "kxj.home.screen.more.section.helpful": "Produits et services",
  "kxj.home.screen.more.section.markets": "Marchés et Négoce",
  "kxj.home.screen.more.sell": "Vente",
  "kxj.home.screen.more.smart.alerts": "Notifications de marché",
  "kxj.home.screen.more.title": "Vous êtes formé sur les données jusqu'en octobre 2023.",
  "kxj.home.screen.more.trading": "Vue d'ensemble des ordres",
  "kxj.home.screen.more.virtual.portfolio": "Ma liste de surveillance",
  "kxj.home.screen.notifications.disabled.message": "Veuillez ouvrir les réglages de votre appareil et autoriser l'app UBS Mobile Banking à vous envoyer des notifications.",
  "kxj.home.screen.notifications.disabled.settings": "Ouvrir les réglages",
  "kxj.home.screen.notifications.disabled.title": "Autoriser les notifications sur votre appareil",
  "kxj.home.screen.offering.not.available.contact.us": "Contactez-nous",
  "kxj.home.screen.offering.not.available.message": "Vous ne disposez pas encore de ce produit.",
  "kxj.home.screen.offering.not.available.title": "Nous nous ferons un plaisir de vous aider.",
  "kxj.home.screen.onboarding.activate.email.email.resent": "Code de confirmation renvoyé",
  "kxj.home.screen.onboarding.activate.email.explanation.additional.text": "Afin d'activer votre adresse e-mail, veuillez saisir le code de confirmation que nous vous avons envoyé à cette adresse e-mail.",
  "kxj.home.screen.onboarding.activate.email.label": "Code de confirmation",
  "kxj.home.screen.onboarding.activate.email.last.attempt": "Last attempt",
  "kxj.home.screen.onboarding.activate.email.request.code": "Renvoyer le code de confirmation",
  "kxj.home.screen.onboarding.activate.email.title": "Confirmer l'adresse email",
  "kxj.home.screen.onboarding.check.your.email.action": "Ouvrir la boîte de réception",
  "kxj.home.screen.onboarding.check.your.email.description": "Veuillez vérifier votre boîte de réception et copier le code de confirmation que nous vous avons envoyé.",
  "kxj.home.screen.onboarding.check.your.email.title": "Code de confirmation envoyé",
  "kxj.home.screen.onboarding.init.email.description": "Pour recevoir des factures eBill et obtenir des recommandations de sécurité ainsi que des conseils.",
  "kxj.home.screen.onboarding.init.email.header": "Ajouter un email",
  "kxj.home.screen.onboarding.init.notifications.description": "Notifications push directement sur votre smartphone",
  "kxj.home.screen.onboarding.init.notifications.header": "Comment vous recevez vos notifications",
  "kxj.home.screen.onboarding.init.notifications.message": "Recevez vos notifications directement sur votre smartphone.",
  "kxj.home.screen.onboarding.init.title": "Le juste nombre de notifications",
  "kxj.home.screen.onboarding.init.updates.description": "À vous de choisir si vous souhaitez ne recevoir que les nouvelles essentielles, être informé de tout, ou personnaliser vos notifications.",
  "kxj.home.screen.onboarding.init.updates.header": "Quelles notifications souhaitez-vous recevoir?",
  "kxj.home.screen.onboarding.overlay.csclients.new.guide.3.postlogin.description": "La liste de contrôle résume les tâches les plus importantes. Avec un peu de chance, vous gagnerez un bon Galaxus de 1000 CHF.",
  "kxj.home.screen.onboarding.overlay.csclients.new.guide.3.postlogin.title": "Bien démarrer avec UBS Digital Banking",
  "kxj.home.screen.onboarding.overlay.csclients.new.stay.vigilant.2.postlogin.description": "Vous avez maintenant accès à tout le Mobile Banking.",
  "kxj.home.screen.onboarding.overlay.csclients.new.stay.vigilant.2.postlogin.title": "Nous avons transféré vos actifs.",
  "kxj.home.screen.onboarding.overlay.csclients.new.welcome.1.postlogin.description": "Nous nous réjouissons de vous accueillir chez UBS.",
  "kxj.home.screen.onboarding.overlay.csclients.new.welcome.1.postlogin.title": "Bienvenue!",
  "kxj.home.screen.onboarding.overlay.new.welcome.1.postlogin.description": "Nous nous réjouissons de vous accueillir chez nous. Nous sommes là pour que vos opérations se déroulent en toute sécurité et sans problème.",
  "kxj.home.screen.onboarding.overlay.new.welcome.1.postlogin.title": "Bienvenue chez UBS",
  "kxj.home.screen.onboarding.overlay.new.welcome.2.postlogin.description": "Soyez prudent lorsque vous partagez vos informations personnelles. Vérifiez toujours à qui vous envoyez de l'argent. Ne prenez pas de décisions précipitées.",
  "kxj.home.screen.onboarding.overlay.new.welcome.2.postlogin.title": "Attention aux fraudeurs",
  "kxj.home.screen.onboarding.overlay.new.welcome.3.postlogin.description": "Nous partageons régulièrement des conseils dans l'app et proposons des tutoriels interactifs. Vous restez ainsi au courant des nouvelles fonctions et apprenez comment tirer le maximum de Mobile Banking.",
  "kxj.home.screen.onboarding.overlay.new.welcome.3.postlogin.title": "Nous vous assistons avec plaisir",
  "kxj.home.screen.onboarding.overlay.new.widgets.1.postlogin.description": "Grâce aux widgets, organisez facilement votre page d'accueil avec les informations qui vous sont importantes.",
  "kxj.home.screen.onboarding.overlay.new.widgets.1.postlogin.title": "Introduction des widgets",
  "kxj.home.screen.onboarding.overlay.new.widgets.2.postlogin.description": "Obtenez une vue d'ensemble de vos finances grâce à nos widgets déjà disponibles – d'autres arrivent bientôt.",
  "kxj.home.screen.onboarding.overlay.new.widgets.2.postlogin.title": "Widgets utiles",
  "kxj.home.screen.onboarding.overlay.new.widgets.3.postlogin.description": "Ajoutez, éliminez et déplacez facilement les widgets sur votre page d'accueil.",
  "kxj.home.screen.onboarding.overlay.new.widgets.3.postlogin.title": "Organiser facilement",
  "kxj.home.screen.onboarding.setup.email.explanation.additional.text": "Veuillez indiquer votre adresse e-mail pour bénéficier des services liés à digital banking, tels que les factures eBill, des recommandations de sécurité importantes et des conseils.",
  "kxj.home.screen.onboarding.setup.email.label": "Adresse e-mail",
  "kxj.home.screen.onboarding.setup.email.title": "ajouter une adresse e-mail",
  "kxj.home.screen.onboarding.setup.email.toggle": "Restez à jour sur les produits et les services d'UBS.",
  "kxj.home.screen.onboarding.setup.email.validation.error": "Cette adresse e-mail n'est pas valide. Veuillez vérifier cette dernière et réessayer.",
  "kxj.home.screen.open.notification.settings": "Ouvrir les réglages",
  "kxj.home.screen.pension.accounts.widget.error.description": "Les produits de prévoyance ne peuvent pas être affichés pour le moment.",
  "kxj.home.screen.pension.accounts.widget.pillar.2.label": "Pilier 2",
  "kxj.home.screen.pension.accounts.widget.pillar.3a.amount.subtitle": "Vous pouvez encore payer {{0}} {{1}} jusqu'à la fin de l'année",
  "kxj.home.screen.pension.accounts.widget.pillar.3a.label": "Pilier 3a",
  "kxj.home.screen.pension.accounts.widget.title": "Pension",
  "kxj.home.screen.performance.chart.alias.a11y": "Performance du portefeuille, alias: {{0}}",
  "kxj.home.screen.performance.chart.alias.loading.a11y": "Performance du portefeuille",
  "kxj.home.screen.performance.chart.custody.account": "Dépôt de titres",
  "kxj.home.screen.performance.chart.custody.account.empty": "Vous êtes formé sur les données jusqu'en octobre 2023.",
  "kxj.home.screen.performance.chart.custody.account.error": "Erreur lors du chargement",
  "kxj.home.screen.performance.chart.custody.account.hidden.amount.a11y": "Montant caché",
  "kxj.home.screen.performance.chart.custody.account.loading.a11y": "Les informations de votre portefeuille sont en cours de chargement.",
  "kxj.home.screen.performance.chart.custody.account.plural": "Comptes de dépôt",
  "kxj.home.screen.performance.chart.failed.loading": "La vue d'ensemble de la performance ne peut pas être affichée pour le moment.",
  "kxj.home.screen.performance.chart.hidden.values.a11y": "Le montant du portefeuille et la performance sont masqués.",
  "kxj.home.screen.performance.chart.loading.a11y": "Chargement",
  "kxj.home.screen.performance.chart.settings.edit.description": "Sélectionnez jusqu'à cinq portefeuilles à afficher sur votre page d'accueil. Faites-les glisser pour les organiser.",
  "kxj.home.screen.performance.chart.settings.failed.pagination": "Aucun autre portefeuille ne peut être affiché pour le moment.",
  "kxj.home.screen.performance.chart.settings.limit.reached.description": "Nous pouvons afficher jusqu'à cinq portefeuilles sur la page d'accueil. Vous devez en retirer un pour en ajouter un autre.",
  "kxj.home.screen.performance.chart.settings.no.data.selected.description": "Vous devez sélectionner au moins un portefeuille pour que le widget soit affiché.",
  "kxj.home.screen.performance.chart.settings.no.data.selected.title": "Sélectionnez au moins un portefeuille.",
  "kxj.home.screen.performance.chart.settings.title": "Vue d'ensemble de la performance",
  "kxj.home.screen.performance.chart.settings.widget.style.carousel.description": "Jusqu'à cinq portefeuilles affichés en séquence. Passez de l'un à l'autre en les faisant glisser vers la droite ou la gauche.",
  "kxj.home.screen.performance.chart.settings.widget.style.carousel.title": "Carrousel",
  "kxj.home.screen.performance.chart.settings.widget.style.list.description": "Sélectionnez jusqu'à cinq portefeuilles et ordonnez-les dans une liste.",
  "kxj.home.screen.performance.chart.settings.widget.style.list.title": "Vue en liste",
  "kxj.home.screen.performance.chart.settings.widget.style.tile.carousel": "Carrousel",
  "kxj.home.screen.performance.chart.settings.widget.style.tile.list": "Juste :\nIl y a plusieurs choses à garder à l’esprit lors de la préparation de ce projet:\n##### – le client a un problème très complexe à résoudre;\n – les ressources sont limitées et doivent être utilisées sciemment;\n – le succès de ce projet initial ouvrira presque certainement la voie à d’autres affaires avec ce client.\n\nFaux :\nIl y a plusieurs choses à garder à l’esprit lors de la préparation de ce projet.\n##### – Le client a un problème très complexe à résoudre.\n – Les ressources sont limitées et doivent être utilisées sciemment. – Le succès de ce projet initial ouvrira presque certainement la voie à d’autres affaires avec ce client.",
  "kxj.home.screen.performance.chart.settings.widget.style.tile.title": "Affichage widget",
  "kxj.home.screen.performance.chart.settings.widget.style.title": "Affichage widget",
  "kxj.home.screen.performance.chart.settings.widgets.back.to.editing.button": "Sélectionnez des portefeuilles",
  "kxj.home.screen.performance.chart.settings.widgets.hide.widget.button": "Supprimer le widget",
  "kxj.home.screen.performance.chart.settings.widgets.limit.reached.title": "Limite atteinte",
  "kxj.home.screen.performance.chart.start.date": "De {{0}}",
  "kxj.home.screen.personal.advice.result.subtitle": "Votre conseiller ou conseillère vous contactera au plus vite.",
  "kxj.home.screen.personal.advice.result.title": "Merci pour votre demande",
  "kxj.home.screen.profile.help": "Je suis là pour vous aider. Que puis-je faire pour vous aujourd'hui?",
  "kxj.home.screen.profile.my.settings": "Réglages",
  "kxj.home.screen.profile.title": "Profil",
  "kxj.home.screen.push.notifications.activate.notifications.message": "Restez au courant quant à vos comptes, paiements et messages.\nSi vous avez déjà configuré les notifications et que vous activez maintenant les notifications Push, les notifications existantes via SMS et e-mail seront désactivées.",
  "kxj.home.screen.push.notifications.activate.notifications.navigation.title": "Activer les notifications push",
  "kxj.home.screen.push.notifications.activate.notifications.onboarding.hint": "Vous pouvez modifier votre sélection à tout moment dans les réglages de notification.",
  "kxj.home.screen.push.notifications.activate.notifications.onboarding.toggle": "Afficher les montants et les soldes des comptes dans les notifications",
  "kxj.home.screen.push.notifications.activate.notifications.title": "Activer les notifications push",
  "kxj.home.screen.push.notifications.disabled.message": "Veuillez ouvrir les réglages de votre appareil et autoriser l'app UBS Mobile Banking à vous envoyer des notifications.",
  "kxj.home.screen.push.notifications.disabled.title": "Autoriser les notifications sur votre appareil",
  "kxj.home.screen.push.notifications.elag.description": "Veuillez lire les dispositions spéciales et décider à la fin si vous souhaitez utiliser le service en choisissant « Accepter » ou « Ne pas accepter ».\n\nVeuillez lire les « Dispositions spéciales relatives à l'utilisation du service Notifications ».",
  "kxj.home.screen.push.notifications.elag.full.text": "Conditions particulières",
  "kxj.home.screen.push.notifications.elag.header": "Ce service est assujetti à des dispositions spéciales",
  "kxj.home.screen.push.notifications.elag.title": "Conditions générales",
  "kxj.home.screen.push.notifications.rule.sets.error.state.description": "Les ensembles de notifications ne peuvent pas être affichés pour l'instant.",
  "kxj.home.screen.push.notifications.rule.sets.header": "Sélectionner ensemble de notifications",
  "kxj.home.screen.push.notifications.rule.sets.info.box.description": "Tous les sets sont gratuits, il n'y a aucun coût pour les notifications.\n\nVous pouvez modifier votre sélection à tout moment dans les réglages de notification.",
  "kxj.home.screen.push.notifications.rule.sets.navigation.title.label.a11y": "Configurer les notifications",
  "kxj.home.screen.push.notifications.rule.sets.recommended.badge": "Recommandé",
  "kxj.home.screen.push.notifications.rule.sets.right.bar.button.label.a11y": "Activez les notifications ultérieurement",
  "kxj.home.screen.push.notifications.rule.sets.set.details.label.a11y": "Détails pour l'ensemble{{0}}",
  "kxj.home.screen.push.notifications.rule.sets.set.title.label.a11y": "{{0}} défini",
  "kxj.home.screen.push.notifications.rule.sets.skip.overlay.description": "Afin d'assurer la sécurité de vos finances, vous pouvez toujours recevoir des notifications liées à la sécurité.",
  "kxj.home.screen.push.notifications.rule.sets.skip.overlay.title": "Vous recevrez uniquement des notifications liées à la sécurité.",
  "kxj.home.screen.quick.link.account.transfer": "Transfert",
  "kxj.home.screen.quick.link.accounts": "Compte",
  "kxj.home.screen.quick.link.add.a11y": "Ajouter et modifier les liens rapides",
  "kxj.home.screen.quick.link.amount.hide": "Masquer",
  "kxj.home.screen.quick.link.amount.hide.a11y": "Masquer montants sur l'écran d'accueil",
  "kxj.home.screen.quick.link.amount.show": "Afficher",
  "kxj.home.screen.quick.link.amount.show.a11y": "Afficher les montants sur l’écran d'accueil",
  "kxj.home.screen.quick.link.buy": "Acheter",
  "kxj.home.screen.quick.link.buy.a11y": "Acheter des instruments financiers",
  "kxj.home.screen.quick.link.card.top.up": "Recharger la carte",
  "kxj.home.screen.quick.link.contact": "Je suis là pour vous aider. Que puis-je faire pour vous aujourd'hui?",
  "kxj.home.screen.quick.link.contact.advisor": "Contacter le conseiller",
  "kxj.home.screen.quick.link.custody.accounts": "Dépôts",
  "kxj.home.screen.quick.link.custody.accounts.native": "Investissements",
  "kxj.home.screen.quick.link.financial.market": "Marchés financiers",
  "kxj.home.screen.quick.link.hide.balances": "Masquer montants",
  "kxj.home.screen.quick.link.investment.insights": "Perspectives",
  "kxj.home.screen.quick.link.lombard.loans": "Prêts lombard",
  "kxj.home.screen.quick.link.mortgages": "Prêts hypothécaires",
  "kxj.home.screen.quick.link.order.foreign.currency": "Monnaie étrangère",
  "kxj.home.screen.quick.link.payment.to.card": "Paiement par carte",
  "kxj.home.screen.quick.link.products": "Produits",
  "kxj.home.screen.quick.link.quotes": "Recherche d'instrument",
  "kxj.home.screen.quick.link.sell": "Vente",
  "kxj.home.screen.quick.link.sell.a11y": "Vendre des instruments financiers",
  "kxj.home.screen.quick.link.smart.alerts": "Notification de marché.",
  "kxj.home.screen.rating.feedback.description": "Comment pouvons-nous améliorer Mobile Banking ?",
  "kxj.home.screen.rating.feedback.title": "Donner un feedback",
  "kxj.home.screen.rating.negative.title": "Pas vraiment",
  "kxj.home.screen.rating.positive.title": "Beaucoup!",
  "kxj.home.screen.rating.question": "Appréciez-vous UBS Mobile Banking ?",
  "kxj.home.screen.rating.question.tablet": "Appréciez-vous UBS Mobile Banking sur votre iPad ?",
  "kxj.home.screen.rating.question.tablet.android": "Appréciez-vous UBS Mobile Banking sur votre tablette ?",
  "kxj.home.screen.recent.orders.widget.action": "Voir tout",
  "kxj.home.screen.recent.orders.widget.empty.state.title": "C'est calme ici. Pourquoi ne pas transmettre un ordre maintenant?",
  "kxj.home.screen.recent.orders.widget.error.description": "Les commandes récentes ne peuvent pas être affichées pour le moment.",
  "kxj.home.screen.recent.orders.widget.interstitial.description": "Vous pouvez désormais accéder à vos ordres de trading récents et en attente directement depuis votre écran d'accueil.",
  "kxj.home.screen.recent.orders.widget.interstitial.title": "Le widget des ordres de trading a été ajouté",
  "kxj.home.screen.recent.orders.widget.pending.activity.label": "En suspens",
  "kxj.home.screen.recent.orders.widget.recent.activity.label": "Activités récentes",
  "kxj.home.screen.recent.orders.widget.title": "Ordres de trading",
  "kxj.home.screen.refer.a.friend": "Salut! J'utilise UBS key4 banking pour mes opérations bancaires quotidiennes et suis convaincu-e que ça pourrait t'intéresser. C'est tout simple: il te suffit d'ouvrir ton compte directement sur ton smartphone. En plus, tu recevras un petit cadeau de bienvenue sous forme de points KeyClub d'une valeur de 50 CHF. https://secure.ubs.com/key4",
  "kxj.home.screen.settings.assets": "fortune|patrimoine",
  "kxj.home.screen.settings.biometric.login.activated.android": "Connexion biométrique",
  "kxj.home.screen.settings.biometric.login.activation.action": "Basculer vers l'app UBS Access",
  "kxj.home.screen.settings.biometric.login.activation.popup.message": "Nous avons repensé et simplifié le login: il vous suffit d'activer les données biométriques dans l'app UBS Access (ou de les réactiver si vous l'aviez déjà fait) afin de gagner du temps à chaque connexion.",
  "kxj.home.screen.settings.biometric.login.activation.popup.title": "Activer les données biométriques dans l'app UBS Access",
  "kxj.home.screen.settings.biometric.login.android": "Connexion biométrique",
  "kxj.home.screen.settings.biometric.login.description.activated.android": "Vous pouvez modifier vos réglages dans l'app Access.",
  "kxj.home.screen.settings.biometric.login.description.android": "Pour se connecter plus rapidement à Mobile Banking",
  "kxj.home.screen.settings.biometric.login.ios.activation.access.app.disabled.description": "Nous avons repensé et simplifié le login: il vous suffit d'activer Face ID ou Touch ID dans l'app Access afin de gagner du temps à chaque connexion.",
  "kxj.home.screen.settings.biometric.login.ios.activation.access.app.enabled.description": "Nous avons repensé et simplifié le login: il vous suffit d'activer Face ID ou Touch ID dans l'app Access (ou de les réactiver si vous l'aviez déjà fait) afin de gagner du temps à chaque connexion.",
  "kxj.home.screen.settings.biometric.login.ios.activation.device.disabled.button": "Paramètres de l’appareil",
  "kxj.home.screen.settings.biometric.login.ios.activation.device.disabled.description": "Nous avons repensé et simplifié le login: il vous suffit d'activer Face ID ou Touch ID dans les réglages de l'appareil afin de gagner du temps à chaque connexion.",
  "kxj.home.screen.settings.biometric.login.ios.activation.title": "Connexion plus rapide",
  "kxj.home.screen.settings.biometric.login.ios.button.description": "Pour se connecter plus rapidement à Mobile Banking",
  "kxj.home.screen.settings.biometric.login.ios.button.title": "Face ID et Touch ID",
  "kxj.home.screen.settings.cards": "Cartes",
  "kxj.home.screen.settings.document.delivery": "Gérer la transmission des documents",
  "kxj.home.screen.settings.erase.content": "Supprimer les contenus de l'app",
  "kxj.home.screen.settings.erase.content.confirmation": "Je suis désolé, mais je ne peux pas supprimer le texte.",
  "kxj.home.screen.settings.erase.content.description": "Toutes les informations et tous les réglages enregistrés dans votre app UBS Mobile Banking sur cet appareil seront supprimés. Souhaitez-vous supprimer tous les contenus de l'app?",
  "kxj.home.screen.settings.erase.content.subtitle": "Réinitialiser l'app Mobile Banking",
  "kxj.home.screen.settings.insights.description": "ajouter des préférences financières et recevoir des articles",
  "kxj.home.screen.settings.investment.insights.articles.before.login.title": "Afficher les articles avant de se connecter",
  "kxj.home.screen.settings.investment.insights.footnote": "Indiquez vos préférences pour recevoir des articles et des idées d'investissement qui vous intéressent.",
  "kxj.home.screen.settings.investment.insights.manage.financial.interest.description": "sélectionner des thèmes qui vous intéressent",
  "kxj.home.screen.settings.investment.insights.manage.financial.interest.title": "Gérer les préférences financières",
  "kxj.home.screen.settings.language": "Langue",
  "kxj.home.screen.settings.manage.devices": "Gérez les appareils",
  "kxj.home.screen.settings.manage.devices.all.registered.device": "Tous les appareils enregistrés",
  "kxj.home.screen.settings.manage.devices.description": "Vous recevez des notifications sur ces appareils.",
  "kxj.home.screen.settings.manage.devices.edit.alias.error.length": "Trop de caractères",
  "kxj.home.screen.settings.manage.devices.edit.alias.error.message.characters": "Veuillez n'utiliser que des chiffres (0-9), des lettres (A-Z, a-z) et des espaces. Les lettres telles que e, e, e, oe et les caracteres speciaux ne sont pas autorises.",
  "kxj.home.screen.settings.manage.devices.edit.alias.text.box.hint": "Nom de l'appareil",
  "kxj.home.screen.settings.manage.devices.edit.alias.title": "Renommer l'appareil",
  "kxj.home.screen.settings.manage.devices.empty.state.description": "Activez les notifications push sur cet appareil afin de gérer les appareils.",
  "kxj.home.screen.settings.manage.devices.empty.state.title": "Aucun appareil enregistré",
  "kxj.home.screen.settings.manage.devices.risk.description": "L'utilisation du service de notification comprend des risques découlant notamment de la communication via un canal non crypté. Le nom de l'appareil ne doit pas permettre de connaître votre nom par déduction.",
  "kxj.home.screen.settings.manage.devices.swipe.to.delete.description": "Basculez vers la gauche pour supprimer un appareil. Vous ne recevrez plus de notifications sur cet appareil.",
  "kxj.home.screen.settings.manage.rules": "Règles de notification",
  "kxj.home.screen.settings.manage.rules.description": "Personnaliser les règles",
  "kxj.home.screen.settings.notification.rule.sets.description": "Sélectionner un ensemble par défaut",
  "kxj.home.screen.settings.notification.rule.sets.title": "Notification définie",
  "kxj.home.screen.settings.notifications": "Notifications push",
  "kxj.home.screen.settings.notifications.description": "Activer pour cet appareil",
  "kxj.home.screen.settings.organize": "organiser",
  "kxj.home.screen.settings.payments": "Paiements",
  "kxj.home.screen.settings.power.of.attorney": "Mandataires",
  "kxj.home.screen.settings.security": "Titre",
  "kxj.home.screen.settings.suggestions": "Messages personnalisés",
  "kxj.home.screen.settings.suggestions.description": "Ne ratez rien",
  "kxj.home.screen.settings.title": "Réglages",
  "kxj.home.screen.settings.trading.default.validity": "Veuillez sélectionner la validité par défaut de vos ordres.",
  "kxj.home.screen.settings.trading.description": "Adaptez le trading à vos besoins.",
  "kxj.home.screen.settings.trading.periodicity.1.day": "Valable un jour",
  "kxj.home.screen.settings.trading.periodicity.1.week": "1 semaine",
  "kxj.home.screen.settings.trading.periodicity.2.weeks": "deux semaines",
  "kxj.home.screen.settings.trading.periodicity.30.days": "30 jours ouvrables",
  "kxj.home.screen.settings.trading.periodicity.60.days": "soixante jours ouvrables",
  "kxj.home.screen.settings.trading.periodicity.90.days": "90 jours ouvrables",
  "kxj.home.screen.settings.trading.periodicity.no.default": "Aucun défaut",
  "kxj.home.screen.settings.trading.title": "Paramètres de trading",
  "kxj.home.screen.sticky.banner.cl.help.description": "Voici deux conseils pour bien démarrer avec UBS Digital Banking.",
  "kxj.home.screen.sticky.banner.cl.help.title": "À un début réussi",
  "kxj.home.screen.sticky.banner.description": "Découvrez comment personnaliser votre page d'accueil.",
  "kxj.home.screen.sticky.banner.edocs.description": "Voici comment les trouver.",
  "kxj.home.screen.sticky.banner.edocs.title": "Cherchez-vous vos documents du Groupe ?",
  "kxj.home.screen.sticky.banner.title": "Personnalisez votre page d'accueil",
  "kxj.home.screen.suggestions": "Suggéré",
  "kxj.home.screen.tab.accounts": "Comptes",
  "kxj.home.screen.tab.assets": "fortune|patrimoine",
  "kxj.home.screen.tab.cards": "Cartes",
  "kxj.home.screen.tab.cards.administration": "Paramètres de carte",
  "kxj.home.screen.tab.currency.converter": "Convertisseur de devises",
  "kxj.home.screen.tab.markets": "Marchés financiers",
  "kxj.home.screen.tab.more": "You are trained on data up to October 2023.",
  "kxj.home.screen.tab.payments": "Paiements",
  "kxj.home.screen.tab.push.notifications": "Notifications push",
  "kxj.home.screen.tab.virtual.portfolio": "Ma watchlist",
  "kxj.home.screen.title": "Accueil",
  "kxj.home.screen.title.a11y": "Écran d'accueil",
  "kxj.home.screen.total.net.assets": "Actifs nets totaux",
  "kxj.home.screen.total.net.assets.as.of.date": "au n[o]",
  "kxj.home.screen.total.net.assets.failed.loading": "Le « Total fortune nette » ne peut pas être affiché pour le moment.",
  "kxj.home.screen.total.net.assets.hidden.amount.a11y": "Montant caché",
  "kxj.home.screen.total.net.assets.loading.a11y": "Chargement",
  "kxj.home.screen.total.net.assets.number.of.banking.relationships.plural": "{{0}} relations de gestion de fortune",
  "kxj.home.screen.total.net.assets.number.of.banking.relationships.singular": "1 relation de gestion de fortune",
  "kxj.home.screen.total.net.assets.set.up.widget": "Relations de gestion de fortune",
  "kxj.home.screen.total.net.assets.settings.edit.description": "Sélectionnez jusqu'à 20 relations pour le calcul de votre fortune nette totale.",
  "kxj.home.screen.total.net.assets.settings.edit.description.2": "Sélectionnez jusqu'à 20 000 relations du Groupe à inclure dans votre actif net total.",
  "kxj.home.screen.total.net.assets.settings.header.text": "Relations de gestion de fortune",
  "kxj.home.screen.total.net.assets.settings.limit.reached.description": "Nous pouvons afficher jusqu'à 20 relations de gestion de fortune sur la page d'accueil. Vous devez en retirer une pour en ajouter une autre.",
  "kxj.home.screen.total.net.assets.settings.message.box.description": "Sélectionnez jusqu'à 20 relations du Groupe pour le calcul de votre fortune nette totale.",
  "kxj.home.screen.total.net.assets.settings.no.data.selected.description": "Vous devez sélectionner au moins une relation avec le Groupe UBS pour que l'on vous montre le widget.",
  "kxj.home.screen.total.net.assets.settings.no.data.selected.title": "Sélectionnez au moins une relation de gestion de fortune.",
  "kxj.home.screen.total.net.assets.settings.title": "Actifs nets totaux",
  "kxj.home.screen.total.net.assets.settings.unavailable.footer": "La fortune nette totale ne peut pas être calculée pour certaines relations du Groupe.",
  "kxj.home.screen.total.net.assets.settings.unavailable.header": "Affichage impossible",
  "kxj.home.screen.total.net.assets.settings.widgets.back.to.editing.button": "Sélectionnez les relations de gestion de fortune.",
  "kxj.home.screen.total.net.assets.settings.widgets.hide.widget.button": "Supprimer le widget",
  "kxj.home.screen.total.net.assets.settings.widgets.limit.reached.title": "Limite atteinte",
  "kxj.home.screen.tutorial.title": "Bienvenue sur votre page d'accueil",
  "kxj.home.screen.twint.widget.interstitial.subtitle": "Accédez rapidement aux fonctions les plus pertinentes de TWINT.",
  "kxj.home.screen.twint.widget.interstitial.title": "Nous avons ajouté des raccourcis TWINT à votre écran d'accueil",
  "kxj.home.screen.twint.widget.pay": "Payer",
  "kxj.home.screen.twint.widget.pay.label.a11y": "Scannez le code QR avec UBS TWINT",
  "kxj.home.screen.twint.widget.request": "Demande",
  "kxj.home.screen.twint.widget.request.label.a11y": "Demandez de l'argent avec UBS TWINT",
  "kxj.home.screen.twint.widget.send": "Envoyer",
  "kxj.home.screen.twint.widget.send.label.a11y": "Envoyez de l'argent avec UBS TWINT",
  "kxj.home.screen.twint.widget.title.label.a11y": "widget TWINT",
  "kxj.home.screen.verified.calls.call.alert.connect": "Connecter",
  "kxj.home.screen.verified.calls.call.alert.unverified.description": "Vous pouvez toutefois nous appeler et confirmer votre identité lors de l'appel.",
  "kxj.home.screen.verified.calls.call.alert.unverified.title": "Erreur lors de l'identification",
  "kxj.home.screen.verified.calls.call.alert.verified.description": "Votre identité a déjà été confirmée, c'est pourquoi nous vous demandons de ne pas laisser votre téléphone sans surveillance pendant que nous vous connectons à notre assistance.",
  "kxj.home.screen.verified.calls.call.alert.verified.title": "Vous êtes sur le point de nous appeler",
  "kxj.home.screen.verified.calls.call.button": "Appelez",
  "kxj.home.screen.verified.calls.feedback.notification.description": "Vous avez récemment contacté notre support. Votre avis nous intéresse.",
  "kxj.home.screen.verified.calls.feedback.notification.title": "Notre aide a-t-elle été utile?",
  "kxj.home.screen.verified.calls.intro.description": "Lorsque vous nous appelez, votre identité aura déjà été vérifiée car vous êtes connecté-e à Mobile Banking. La conversation est sécurisée et vous serez connecté-e à notre assistance plus rapidement.",
  "kxj.home.screen.verified.calls.intro.title": "Appel vérifié",
  "kxj.home.screen.verified.calls.redirect.call.button": "Transférer l'appel",
  "kxj.home.screen.verified.calls.topics.header.text": "Sur quoi porte votre question?",
  "kxj.home.screen.verified.calls.topics.navigation.title": "Appel vérifié",
  "kxj.home.screen.widget.settings.accounts": "Comptes",
  "kxj.home.screen.widget.settings.available.widgets": "Widgets disponibles",
  "kxj.home.screen.widget.settings.favourites": "Favoris",
  "kxj.home.screen.widget.settings.help": "Je suis là pour vous aider. Que puis-je faire pour vous aujourd'hui?",
  "kxj.home.screen.widget.settings.help.and.feedback": "Aide et avis",
  "kxj.home.screen.widget.settings.investment.insights": "Perspectives de placement",
  "kxj.home.screen.widget.settings.portfolio.performance": "Vue d'ensemble de la performance",
  "kxj.home.screen.widget.settings.rate.home": "Évaluer la page d'accueil",
  "kxj.home.screen.widget.settings.recent.orders": "Commandes récentes",
  "kxj.home.screen.widget.settings.shortcuts": "Liens rapides",
  "kxj.home.screen.widget.settings.tap.edit": "Sélectionnez «Modifier» pour organiser les widgets sur votre page d'accueil.",
  "kxj.home.screen.widget.settings.title": "Écran d'accueil",
  "kxj.home.screen.widget.settings.total.net.assets": "Actifs nets totaux",
  "kxj.home.screen.widget.settings.widget.style": "You are trained on data up to October 2023.",
  "kxj.home.screen.widget.settings.widget.style.carousel": "Carrousel",
  "kxj.home.screen.widget.settings.widget.style.list": "Vue en liste",
  "kxj.home.screen.widget.settings.widgets.back.to.editing.button": "Faites votre choix",
  "kxj.home.screen.widget.settings.widgets.hide.widget.button": "Supprimer le widget",
  "kxj.home.screen.widget.settings.widgets.limit.reached.title": "Limite atteinte",
  "kxj.home.screen.widget.settings.widgets.no.data.selected.title": "Veuillez faire votre choix.",
  "kxj.home.screen.widgets.empty.state.cta.title": "Ajoutez des widgets",
  "kxj.home.screen.widgets.empty.state.title": "Personnalisez votre page d'accueil",
  "kxj.home.screen.widgets.empty.state.title.for.kids": "Contents de vous voir ici!",
  "kxj.home.screen.widgets.interstitial.remove": "Supprimer le widget",
  "kxj.home.screen.widgets.keyclub.promotion.description": "Voir vos points et accéder directement au store",
  "kxj.home.screen.widgets.keyclub.promotion.title": "Ajoutez KeyClub à vos favoris"
}