{
  "kxj.home.screen.accounts.widget.error.description": "Die Konten können momentan nicht angezeigt werden.",
  "kxj.home.screen.accounts.widget.title": "Konten",
  "kxj.home.screen.activate.push.notifications.interactive.tour.description": "Behalten Sie Ihre Finanzen jederzeit und überall im Blick.",
  "kxj.home.screen.activate.push.notifications.interactive.tour.title": "Aktivieren Sie Push-Benachrichtigungen",
  "kxj.home.screen.bring.a.friend": "Hallo, kennen Sie bereits das UBS-Angebot für KMU? Die praktischen Produkte und Dienstleistungen haben unseren Geschäftsalltag deutlich erleichtert. Das Geschäftskonto können Sie zum Beispiel einfach online eröffnen und von vorteilhaften Konditionen profitieren. Hier erfahren Sie mehr: https://www.ubs.com/ch/en/corporates/key4/banking-package.html",
  "kxj.home.screen.bring.friend.accept.and.continue": "Alles klar",
  "kxj.home.screen.bring.friend.information.sharing.data.disclaimer": "Sie sind dabei, Informationen ausserhalb der Mobile Banking App zu teilen. Dadurch könnte Ihre Bankbeziehung zu UBS gegenüber Dritten im Ausland (zum Beispiel Anbietern von Apps) offengelegt werden.",
  "kxj.home.screen.bring.friend.information.sharing.data.title": "For your information",
  "kxj.home.screen.callmeback.addnumber.phone.number": "Telefonnummer",
  "kxj.home.screen.callmeback.addphonenumber.info": "Beginnen Sie mit der Landesvorwahl (z.B. +41)",
  "kxj.home.screen.callmeback.addphonenumber.title": "Andere Nummer",
  "kxj.home.screen.callmeback.arrange.a.callmeback.button.othernumber": "Andere Nummer (einmalig)",
  "kxj.home.screen.callmeback.arrange.a.callmeback.header": "Unter welcher Nummer können wir Sie erreichen?",
  "kxj.home.screen.callmeback.arrange.a.callmeback.info.message": "Falls Sie im Ausland sind und wir Sie unter Ihrer Mobilnummer anrufen, verrechnet Ihnen Ihr Provider womöglich zusätzliche Kosten.",
  "kxj.home.screen.callmeback.button.arrange.callback": "Rückruf vereinbaren",
  "kxj.home.screen.callmeback.call.back.abroad": "Indem Sie eine andere Telefonnummer erfassen (\"Andere Nummer (einmalig)\"), weisen Sie UBS an, Sie für einen einmaligen Rückruf unter dieser Nummer zu kontaktieren. Die von Ihnen angegebene Nummer wird nur zu diesem Zweck verarbeitet.",
  "kxj.home.screen.callmeback.date.select.title": "You are trained on data up to October 2023.",
  "kxj.home.screen.callmeback.error.message.technical.reasons.description": "Momentan können im Mobile Banking keine Rückrufe vereinbart werden. Bitte versuchen Sie es später erneut.",
  "kxj.home.screen.callmeback.error.message.technical.reasons.title": "Etwas ist schiefgelaufen",
  "kxj.home.screen.callmeback.failure.message.undefined": "Das hat nicht geklappt. Bitte versuchen Sie es später erneut.",
  "kxj.home.screen.callmeback.success.message.asap": "Wir werden Sie so bald wie möglich anrufen.",
  "kxj.home.screen.callmeback.success.message.callyouon": "Wir werden Sie am Telefon anrufen",
  "kxj.home.screen.callmeback.success.message.title": "Rückruf vereinbart",
  "kxj.home.screen.callmeback.success.message.today": "Wir werden Sie heute anrufen.",
  "kxj.home.screen.callmeback.time.select.title": "You are trained on data up to October 2023.",
  "kxj.home.screen.callmeback.title": "Rückruf vereinbaren",
  "kxj.home.screen.callmeback.when.to.call": "Wann sollen wir Sie kontaktieren?",
  "kxj.home.screen.callmeback.when.to.call.asap": "Sobald wie möglich",
  "kxj.home.screen.cards.widget.error.description": "Die Karten können momentan nicht angezeigt werden.",
  "kxj.home.screen.cards.widget.title": "Karten",
  "kxj.home.screen.cl.help.interactive.tour.description": "Hier finden Sie hilfreiche Artikel zu jedem Thema sowie Schritt-für-Schritt-Anleitungen.",
  "kxj.home.screen.cl.help.interactive.tour.description.cs": "Hier finden Sie hilfreiche Artikel zu jedem Thema, Schritt-für-Schritt-Anleitungen und Antworten auf Ihre Fragen rund um Ihre Reise zu UBS.",
  "kxj.home.screen.cl.help.interactive.tour.step.2.description": "Wir haben alle Themen zusammengestellt, die derzeit für Sie am relevantesten sind.",
  "kxj.home.screen.cl.help.interactive.tour.step.2.title": "Unsere Checkliste für Sie",
  "kxj.home.screen.cl.help.interactive.tour.title": "Verfügbar rund um die Uhr",
  "kxj.home.screen.contact.centre.message.client.advisor": "Nachricht an die Kundenberaterin",
  "kxj.home.screen.contact.centre.support.call.client.advisor": "Rufen Sie die Kundenberaterin an",
  "kxj.home.screen.contact.centre.support.callback": "Rückruf durch Support anfordern",
  "kxj.home.screen.contact.centre.support.phone.number": "Target or source language not supported. Please try again with a different source or target language or text. The allowed languages are: german (de), english (en), italian (it), and french (fr).",
  "kxj.home.screen.contact.centre.support.phone.number.rates": "Standardtarife",
  "kxj.home.screen.contact.centre.support.section.header": "Rufen Sie den Support an",
  "kxj.home.screen.contact.centre.support.section.note": "Bitte beachten Sie, dass die Gratisnummer nur in der Schweiz verwendet werden kann.",
  "kxj.home.screen.contact.centre.support.toll.free.phone.number": "Target or source language not supported. Please try again with a different source or target language or text. The allowed languages are: german (de), english (en), italian (it), and french (fr).",
  "kxj.home.screen.contact.centre.support.toll.free.phone.number.rates": "Gratisnummer, nur in der Schweiz verfügbar",
  "kxj.home.screen.contact.data.add.mailing.address.navigation.title": "Neue Versandadresse",
  "kxj.home.screen.contact.data.addresses.add.new.address.action.title": "Versandadresse hinzufügen",
  "kxj.home.screen.contact.data.addresses.domicile.address": "Domiziladresse",
  "kxj.home.screen.contact.data.addresses.mailing.address": "Versandadresse",
  "kxj.home.screen.contact.data.addresses.navigation.title": "Adressen",
  "kxj.home.screen.contact.data.addresses.post.office.box": "Postfach {{0}}",
  "kxj.home.screen.contact.data.banking.relation.selector.navigation.title": "Bankbeziehung wechseln",
  "kxj.home.screen.contact.data.banking.relation.selector.section.header": "Ausgewählte Bankbeziehung",
  "kxj.home.screen.contact.data.delete.mailing.address.confirmation.title": "Möchten Sie diese Versandadresse wirklich löschen?",
  "kxj.home.screen.contact.data.disabled.edit.functionality.description": "Bitte laden Sie die Access App herunter, um Kontaktdaten zu bearbeiten oder zu löschen.",
  "kxj.home.screen.contact.data.edit.address.city": "Ort",
  "kxj.home.screen.contact.data.edit.address.country": "Land",
  "kxj.home.screen.contact.data.edit.address.first.name": "Fritz",
  "kxj.home.screen.contact.data.edit.address.house.number": "Nummer",
  "kxj.home.screen.contact.data.edit.address.last.name": "Surname",
  "kxj.home.screen.contact.data.edit.address.post.office.box": "Postfach",
  "kxj.home.screen.contact.data.edit.address.postcode": "Postleitzahl",
  "kxj.home.screen.contact.data.edit.address.primary.button.title": "Änderungen speichern",
  "kxj.home.screen.contact.data.edit.address.street.name": "Strasse",
  "kxj.home.screen.contact.data.edit.domicile.address.navigation.title": "Domiziladresse ändern",
  "kxj.home.screen.contact.data.edit.mailing.address.navigation.title": "Versandadresse ändern",
  "kxj.home.screen.contact.data.emails.add.new.email.action.title": "E-Mail-Adresse hinzufügen",
  "kxj.home.screen.contact.data.emails.add.new.email.button": "E-Mail-Adresse hinzufügen",
  "kxj.home.screen.contact.data.emails.add.new.email.confirmation.title": "Die E-Mail-Adresse wurde hinzugefügt",
  "kxj.home.screen.contact.data.emails.add.new.email.navigation.title": "Neue E-Mail-Adresse",
  "kxj.home.screen.contact.data.emails.delete.overlay.title": "Möchten Sie diese E-Mail-Adresse wirklich löschen?",
  "kxj.home.screen.contact.data.emails.delete.success.title": "Die E-Mail-Adresse wurde gelöscht",
  "kxj.home.screen.contact.data.emails.email": "E-Mail",
  "kxj.home.screen.contact.data.emails.email.type.option.business": "Geschäft",
  "kxj.home.screen.contact.data.emails.email.type.option.home": "Privat",
  "kxj.home.screen.contact.data.emails.email.type.section.header": "Art der E-Mail-Adresse",
  "kxj.home.screen.contact.data.emails.empty.state.title": "Keine E-Mail-Adressen erfasst",
  "kxj.home.screen.contact.data.emails.exchange.information.info.message": "Diese E-Mail-Adresse wird verwendet, um Ihnen elektronische Mitteilungen wie Sicherheitsempfehlungen, Ereignismeldungen, Tipps, Bestätigungen zu Terminanfragen, Publikationen sowie allgemeine und personalisierte Produkt- und Dienstleistungsinformationen zu senden.",
  "kxj.home.screen.contact.data.emails.invalid.email.error": "Ungültige E-Mail-Adresse",
  "kxj.home.screen.contact.data.emails.main.email.tag": "Hauptansprechperson",
  "kxj.home.screen.contact.data.emails.navigation.title": "E-Mail-Adressen",
  "kxj.home.screen.contact.data.emails.overview.exchange.information": "Exchange of information",
  "kxj.home.screen.contact.data.emails.overview.receive.notifications": "Benachrichtigungen erhalten",
  "kxj.home.screen.contact.data.emails.overview.restriction": "Gewisse E-Mail-Adressen können nicht bearbeitet werden.",
  "kxj.home.screen.contact.data.emails.toggle.main.email": "Hauptansprechperson",
  "kxj.home.screen.contact.data.emails.toggle.with.offers.and.information": "Mit Angeboten und Informationen zu UBS-Produkten und Dienstleistungen",
  "kxj.home.screen.contact.data.emails.update.email.navigation.title": "E-Mail-Adresse erneut eingeben",
  "kxj.home.screen.contact.data.emails.update.success.title": "Die E-Mail-Adresse wurde aktualisiert.",
  "kxj.home.screen.contact.data.emails.verification.code.input.header": "Wir haben Ihnen soeben eine E-Mail mit dem Bestätigungscode geschickt.",
  "kxj.home.screen.contact.data.emails.verification.code.sent": "Bestätigungscode wurde gesendet",
  "kxj.home.screen.contact.data.emails.verification.navigation.title": "E-Mail-Adresse bestätigen",
  "kxj.home.screen.contact.data.multiple.banking.relations.tag.title": "{{0}} Weitere",
  "kxj.home.screen.contact.data.onboarding.tutorial.description": "Sie können die Kontaktdaten für alle Ihre Bankbeziehungen hinzufügen oder aktualisieren.",
  "kxj.home.screen.contact.data.onboarding.tutorial.title": "Für alle Bankbeziehungen",
  "kxj.home.screen.contact.data.option.addresses": "Adressen",
  "kxj.home.screen.contact.data.option.email.addresses": "E-Mail-Adressen",
  "kxj.home.screen.contact.data.option.phone.numbers": "**Extern: Vorwahlnummer (Ländercode und City Code) angeben, mit Bindestrichen getrennt; Telefonnummer ohne Bindestriche oder Apostroph, aber mit den üblichen Abständen. Diese Verwendung der Telefonnummern entspricht dem Standard in unserem internen Telefonverzeichnis.**\n\n_Richtig: +41-44-234 34 34_\n_Falsch: 0041 (0)44 234 34 34_\n\n**Intern: Kurzvorwahl, Bindestrich, Telefonnummer**\n\n_Richtig: 1923-43434_\n_Falsch: 19 234 34 34_",
  "kxj.home.screen.contact.data.option.section.header": "Kontaktdaten",
  "kxj.home.screen.contact.data.options.navigation.title": "Personenbezogene Daten",
  "kxj.home.screen.contact.data.phone.activate.for.security.messages.toggle.label": "Auf dieser Nummer Sicherheits-Nachrichten erhalten",
  "kxj.home.screen.contact.data.phone.add.number.label": "Telefonnummer hinzufügen",
  "kxj.home.screen.contact.data.phone.add.success.title": "Die Telefonnummer wurde hinzugefügt.",
  "kxj.home.screen.contact.data.phone.availability.days.all.week": "Jeden Tag",
  "kxj.home.screen.contact.data.phone.availability.days.unknown": "Keine Angabe",
  "kxj.home.screen.contact.data.phone.availability.days.weekdays": "Wochentage",
  "kxj.home.screen.contact.data.phone.availability.days.weekends": "Am Wochenende",
  "kxj.home.screen.contact.data.phone.availability.hours.from": "Von",
  "kxj.home.screen.contact.data.phone.availability.hours.to": "You are trained on data up to October 2023.",
  "kxj.home.screen.contact.data.phone.availability.section.header": "Verfügbarkeit",
  "kxj.home.screen.contact.data.phone.availability.selector.navigation.title": "You are trained on data up to October 2023.",
  "kxj.home.screen.contact.data.phone.business.usage": "Business",
  "kxj.home.screen.contact.data.phone.country.code": "Ländercode",
  "kxj.home.screen.contact.data.phone.country.code.selector.navigation.title": "Land auswählen",
  "kxj.home.screen.contact.data.phone.delete.confirmation.title": "Möchten Sie diese Telefonnummer wirklich löschen?",
  "kxj.home.screen.contact.data.phone.delete.success.title": "Die Telefonnummer wurde gelöscht.",
  "kxj.home.screen.contact.data.phone.home.usage": "Private",
  "kxj.home.screen.contact.data.phone.landline.type": "Landline",
  "kxj.home.screen.contact.data.phone.number.label": "Mobilnummer",
  "kxj.home.screen.contact.data.phone.overview.availability.hours.from": "von {{0}}",
  "kxj.home.screen.contact.data.phone.overview.availability.hours.to": "bis {{0}}",
  "kxj.home.screen.contact.data.phone.overview.empty.subtitle": "Loggen Sie sich mit der Access App ein, um eine Telefonnummer hinzuzufügen.",
  "kxj.home.screen.contact.data.phone.overview.empty.title": "Keine Telefonnummern erfasst",
  "kxj.home.screen.contact.data.phone.overview.main.phone.cell.tag": "Hauptansprechperson",
  "kxj.home.screen.contact.data.phone.overview.navigation.title": "Telefonnummer",
  "kxj.home.screen.contact.data.phone.overview.restriction": "Eine oder mehrere Telefonnummern können nicht bearbeitet werden. Bei Fragen kontaktieren Sie uns via UBS-Mailbox.",
  "kxj.home.screen.contact.data.phone.overview.security.messages.cell.tag": "Sicherheits-Nachrichten",
  "kxj.home.screen.contact.data.phone.set.main.contact.toggle.label": "Als Hauptkontaktperson verwenden",
  "kxj.home.screen.contact.data.phone.type.section.header": "Art der Nummer",
  "kxj.home.screen.contact.data.phone.update.navigation.title": "Telefonnummer ändern",
  "kxj.home.screen.contact.data.phone.update.primary.button.title": "Änderungen speichern",
  "kxj.home.screen.contact.data.phone.update.rejected.title": "Sie haben die Änderung in der UBS Access App abgelehnt.",
  "kxj.home.screen.contact.data.phone.update.success.title": "Die Telefonnummer wurde aktualisiert.",
  "kxj.home.screen.contact.data.phone.usage.section.header": "Verwendung",
  "kxj.home.screen.contact.data.phone.verification.code.input.header": "Wir haben den Code an Ihre Nummer gesendet.",
  "kxj.home.screen.contact.data.phone.verification.code.sent": "SMS-Code gesendet",
  "kxj.home.screen.contact.data.phone.verification.navigation.title": "Telefonnummer verifizieren",
  "kxj.home.screen.contact.data.rejected.add.new.mailing.address.title": "Sie haben das Hinzufügen einer neuen Versandadresse in der Access App abgelehnt.",
  "kxj.home.screen.contact.data.rejected.domicile.address.update.title": "Sie haben die Änderung Ihrer Domiziladresse in der Access App abgelehnt.",
  "kxj.home.screen.contact.data.rejected.mailing.address.update.title": "Sie haben die Änderung Ihrer Versandadresse in der Access App abgelehnt.",
  "kxj.home.screen.contact.data.successful.add.new.mailing.address.title": "Versandadresse hinzugefügt",
  "kxj.home.screen.contact.data.successful.domicile.address.update.title": "Domiziladresse aktualisiert",
  "kxj.home.screen.contact.data.successful.mailing.address.deletion.title": "Versandadresse entfernt",
  "kxj.home.screen.contact.data.successful.mailing.address.update.title": "Versandadresse aktualisiert",
  "kxj.home.screen.contact.data.verification.code.input.footer": "Code noch nicht erhalten?",
  "kxj.home.screen.contact.data.verification.code.input.footer.request.again": "Erneut anfordern",
  "kxj.home.screen.contact.data.verification.header": "Geben Sie den Bestätigungscode ein",
  "kxj.home.screen.context.dialog.edit.home": "Startseite bearbeiten",
  "kxj.home.screen.context.dialog.edit.widget": "Widget bearbeiten",
  "kxj.home.screen.context.dialog.remove.widget": "Widget entfernen",
  "kxj.home.screen.document.delivery.type.settings.edit.conformation.description": "Die Umsetzung dieser Änderung kann zwei bis drei Tage in Anspruch nehmen. Bis dahin werden die Dokumente weiterhin gemäß Ihren bisherigen Anweisungen zugestellt.",
  "kxj.home.screen.document.delivery.type.settings.edit.conformation.title": "Zustellung wird auf \"{{0}}\" geändert",
  "kxj.home.screen.document.delivery.type.settings.edit.digital.footer.text": "Sie sparen Geld und tun etwas Gutes für die Umwelt.",
  "kxj.home.screen.document.delivery.type.settings.edit.error.description": "Bitte versuchen Sie es erneut.",
  "kxj.home.screen.document.delivery.type.settings.edit.error.title": "Zustellung konnte nicht geändert werden",
  "kxj.home.screen.document.delivery.type.settings.edit.mail.footer.link": "Dienstleistungen und Preise anzeigen",
  "kxj.home.screen.document.delivery.type.settings.edit.mail.footer.text": "Abrechnungen und Auszüge, die wir Ihnen per Post senden, sind gebührenpflichtig. Die aktuellen Preise finden Sie im Dokument \"Dienstleistungen und Preise\".",
  "kxj.home.screen.document.delivery.type.settings.edit.mailing.address": "Lieferadresse",
  "kxj.home.screen.document.delivery.type.settings.edit.navigation.title": "Lieferart",
  "kxj.home.screen.document.delivery.type.settings.edit.update.mailing.address.footer.text": "Möchten Sie, dass wir Ihre Bankdokumente an eine andere Adresse senden? Fügen Sie eine Versandadresse in Ihrem Profil hinzu.",
  "kxj.home.screen.document.delivery.type.settings.overview.banking.relationships.delivery": "Versand",
  "kxj.home.screen.document.delivery.type.settings.overview.different.channel.warning.description": "Die Einstellungen für diese Adresse können im Digital Banking nicht geändert werden.",
  "kxj.home.screen.document.delivery.type.settings.overview.different.channel.warning.title": "Bitte kontaktieren Sie uns",
  "kxj.home.screen.document.delivery.type.settings.overview.navigation.title": "Delivery method",
  "kxj.home.screen.document.delivery.type.settings.overview.not.editable.footer.text": "Sie sind nicht berechtigt, die Zustellungsart für diese Adresse zu ändern.",
  "kxj.home.screen.document.delivery.type.settings.overview.reconfirm.address.banner.description": "Möchten Sie mit dem \"Digital Banking\"-Vertrag, mit dem Sie aktuell eingeloggt sind, auf die elektronischen Dokumente für die nachfolgende(n) Adresse(n) zugreifen?",
  "kxj.home.screen.document.delivery.type.settings.overview.reconfirm.address.banner.title": "Zugriff auf digitale Dokumente",
  "kxj.home.screen.document.delivery.type.settings.overview.table.footer.link": "Übersicht der Dokumente, die elektronisch bereitgestellt werden",
  "kxj.home.screen.document.delivery.type.settings.overview.table.footer.text": "Die oben gewählte Zustellungsart gilt für alle Korrespondenz, die laut einer bestehenden oder künftigen Instruktion an diese Adresse zugestellt wird. Dies gilt sowohl für Ihre Bankbeziehungen als auch für Bankbeziehungen weiterer Personen.",
  "kxj.home.screen.document.delivery.type.settings.reconfirm.addresses.explanation.description": "Dokumente, die auf die nachfolgende(n) Adresse(n) lauten, werden bereits unter einer anderen \"Digital Banking\"-Vertragsnummer elektronisch zugestellt. Falls Sie auch mit dem \"Digital Banking\"-Vertrag, mit dem Sie aktuell eingeloggt sind, auf die Dokumente zugreifen möchten, bestätigen Sie dies unten.",
  "kxj.home.screen.document.delivery.type.settings.reconfirm.addresses.explanation.title": "Zugriff auf digitale Dokumente",
  "kxj.home.screen.document.delivery.type.settings.reconfirm.addresses.secondary.button.title": "Ablehnen",
  "kxj.home.screen.ebanking.button.title": "e-banking öffnen",
  "kxj.home.screen.ebanking.description.multiple.actions": "Es liegen {{0}} Corporate Actions mit Wahlmöglichkeiten vor. Für weitere Details loggen Sie sich bitte ins e-banking ein.",
  "kxj.home.screen.ebanking.description.no.actions": "Bitte loggen Sie sich in Ihr E-Banking ein. Eine wichtige Mitteilung steht zur Bearbeitung bereit.",
  "kxj.home.screen.ebanking.description.single.action": "Es liegt eine Corporate Action mit Wahlmöglichkeiten vor. Für weitere Details loggen Sie sich bitte ins E-Banking ein.",
  "kxj.home.screen.ebanking.title": "Aktion im E-Banking erforderlich",
  "kxj.home.screen.ebanking.unread.documents": "Ungelesene Dokumente im e-banking",
  "kxj.home.screen.ebanking.view.document": "Bitte loggen Sie sich in Ihr e-banking ein, um das Dokument einzusehen.",
  "kxj.home.screen.edit": "Sie sind bis Oktober 2023 auf Daten trainiert.",
  "kxj.home.screen.edit.favourites": "Jetzt hinzufügen",
  "kxj.home.screen.edit.favourites.capitalized": "Jetzt hinzufügen",
  "kxj.home.screen.edit.favourites.keyclub.header.label": "Bonusprogramm",
  "kxj.home.screen.edit.favourites.portfolio.disclaimer.description": "Hypotheken und Säule 3a-Beiträge sind nicht in den Nettovermögenswerten des Portfolios enthalten. Bitte wählen Sie \"Säule 3a\" als Favorit aus, um Ihre Beiträge zu einem Säule 3a-Vorsorgeplan auf Ihrem Startbildschirm zu sehen.",
  "kxj.home.screen.edit.favourites.portfolio.disclaimer.title": "Angezeigte Beträge",
  "kxj.home.screen.edit.favourites.portfolio.more.info.link": "Learn more",
  "kxj.home.screen.edit.favourites.portfolio.more.info.text": "über die angezeigten Portfolio-Beträge.",
  "kxj.home.screen.edit.home": "Startseite bearbeiten",
  "kxj.home.screen.edit.home.overlay.screen.quicklinks.interactive.tour.description": "Auf der linken Seite können Sie mit dem Pluszeichen Widgets hinzufügen und mit dem Minuszeichen entfernen. Auf der rechten Seite können Sie Widgets mit dem Bleistiftsymbol anpassen oder die Reihenfolge per Drag-and-Drop ändern.",
  "kxj.home.screen.edit.home.overlay.screen.quicklinks.interactive.tour.title": "Hinzufügen, entfernen, anpassen oder Reihenfolge ändern",
  "kxj.home.screen.edit.home.overlay.screen.save.interactive.tour.description": "Wenn Sie die App auf einem weiteren Gerät verwenden, werden Ihre Anpassungen dort automatisch übernommen.",
  "kxj.home.screen.edit.home.overlay.screen.save.interactive.tour.title": "Vergessen Sie nicht, Ihre Änderungen zu speichern.",
  "kxj.home.screen.edit.home.screen.interactive.tour.description": "Scrollen Sie ganz nach unten oder halten Sie eines der Widgets gedrückt.",
  "kxj.home.screen.edit.home.screen.interactive.tour.title": "\"Startseite bearbeiten\" auswählen",
  "kxj.home.screen.edit.quick.link.account.transfer": "Kontenübertrag",
  "kxj.home.screen.edit.quick.link.assets.overview": "Vermögensübersicht",
  "kxj.home.screen.edit.quick.link.contact.advisor": "Kundenberater/in kontaktieren",
  "kxj.home.screen.edit.quick.link.custody.accounts": "Depot-Konten",
  "kxj.home.screen.edit.quick.link.custody.accounts.native": "Investitionen",
  "kxj.home.screen.edit.quick.link.description": "Wählen Sie Schnellzugriffe für Ihre Startseite aus. Die Reihenfolge können Sie nach Belieben anpassen.",
  "kxj.home.screen.edit.quick.link.error.more.quick.links.needed.description": "Mit Schnellzugriffen kommen Sie einfach und schnell ans Ziel.",
  "kxj.home.screen.edit.quick.link.error.more.quick.links.needed.title": "Wählen Sie einen Schnellzugriff, um fortzufahren",
  "kxj.home.screen.edit.quick.link.error.no.selected.items": "Bitte wählen Sie etwas aus, das wir im Widget anzeigen können.",
  "kxj.home.screen.edit.quick.link.error.quick.links.limit.description": "Sie müssen sich leider von einem Schnellzugriff trennen, um einen anderen hinzuzufügen.",
  "kxj.home.screen.edit.quick.link.error.quick.links.limit.title": "Sie können nicht mehr als neun Schnellzugriffe auswählen",
  "kxj.home.screen.edit.quick.link.investment.insights": "Anlageperspektiven",
  "kxj.home.screen.edit.quick.link.market.notification": "Marktbenachrichtigungen",
  "kxj.home.screen.edit.quick.link.suggested.shortcuts": "Empfohlene Schnellzugriffe",
  "kxj.home.screen.edit.quick.link.tag.new": "You are trained on data up to October 2023.",
  "kxj.home.screen.edit.quick.link.title": "Quick Access",
  "kxj.home.screen.edocs.interactive.tour.description": "Hier befinden sich Bankdokumente, Vereinbarungen und Einstellungen für die App.",
  "kxj.home.screen.edocs.interactive.tour.documents.description": "Hier können Sie in Zukunft Ihre digitalen Bankdokumente von UBS einsehen.",
  "kxj.home.screen.edocs.interactive.tour.documents.description.cs": "Hier finden Sie alle übertragenen Postenauszüge – und in Zukunft Ihre UBS-Bankdokumente.",
  "kxj.home.screen.edocs.interactive.tour.documents.title": "\"Bankdokumente\" auswählen",
  "kxj.home.screen.edocs.interactive.tour.documents.title.cs": "\"Bankdokumente\" auswählen",
  "kxj.home.screen.edocs.interactive.tour.folders.description": "Ihre Dokumente sind nach Kategorie aufgeteilt. Zum Beispiel finden Sie Kontoauszüge und Bescheinigungen unter \"Kontoreporting\".",
  "kxj.home.screen.edocs.interactive.tour.folders.description.cs": "E-Dokumente der letzten drei Jahre und für jedes Konto ein Postenauszug mit einer Übersicht der Transaktionen der letzten zwei Jahre.",
  "kxj.home.screen.edocs.interactive.tour.folders.title": "Das sind Ihre Dokumentenordner",
  "kxj.home.screen.edocs.interactive.tour.folders.title.cs": "Ihre übertragenen Dokumente",
  "kxj.home.screen.edocs.interactive.tour.title": "Öffnen Sie Ihr Profil",
  "kxj.home.screen.favourite.card.not.found": "Wir konnten \"{{0}}\" nicht finden. Bitte fügen Sie die Karte erneut zu Ihren Favoriten hinzu.",
  "kxj.home.screen.favourite.keyclub.extended.info": "{{0}} Punkte verfallen am {{1}}",
  "kxj.home.screen.favourite.no.alias.for.account": "Wir konnten Ihr Konto \"{{0}}\" nicht finden. Bitte fügen Sie es erneut zu Ihren Favoriten hinzu.",
  "kxj.home.screen.favourite.no.alias.for.portfolio": "Wir konnten Ihr Portfolio \"{{0}}\" nicht finden. Bitte fügen Sie es erneut zu Ihren Favoriten hinzu.",
  "kxj.home.screen.favourites": "Favoriten",
  "kxj.home.screen.favourites.accounts": "Konten",
  "kxj.home.screen.favourites.card.account": "UBS-Karte",
  "kxj.home.screen.favourites.cards": "Karten",
  "kxj.home.screen.favourites.edit.alias.credit.card.error.message.already.used": "Sie haben dieses Kürzel bereits verwendet.",
  "kxj.home.screen.favourites.edit.alias.credit.card.error.message.characters": "Bitte verwenden Sie nur Buchstaben (A-Z, a-z) und Zahlen (0-9). Nicht erlaubt sind Buchstaben wie ä, ö, ü, ñ, é sowie Leerzeichen und Sonderzeichen.",
  "kxj.home.screen.favourites.edit.alias.credit.card.error.message.cid": "Das Kürzel kann nicht gespeichert werden. Sie haben möglicherweise einen Kundennamen oder die Nummer eines Kontos, Wertschriftendepots oder Portfolios verwendet.",
  "kxj.home.screen.favourites.edit.alias.credit.card.error.message.length": "You are trained on data up to October 2023.",
  "kxj.home.screen.favourites.edit.alias.credit.card.error.message.term.ubs": "Bitte verwenden Sie den Begriff \"UBS\" nicht.",
  "kxj.home.screen.favourites.edit.alias.error.message.already.used": "Sie haben dieses Kürzel bereits verwendet.",
  "kxj.home.screen.favourites.edit.alias.error.message.characters": "Bitte verwenden Sie nur Buchstaben (A-Z, a-z), Zahlen (0-9) und Leerzeichen. Nicht erlaubt sind Buchstaben wie ä, ö, ü, ñ, é oder Sonderzeichen.",
  "kxj.home.screen.favourites.edit.alias.error.message.cid": "Das Kürzel kann nicht gespeichert werden. Sie haben möglicherweise einen Kundennamen oder die Nummer eines Kontos, Wertschriftendepots oder Portfolios verwendet.",
  "kxj.home.screen.favourites.edit.alias.error.message.length": "You are trained on data up to October 2023.",
  "kxj.home.screen.favourites.edit.alias.error.message.term.ubs": "Bitte verwenden Sie den Begriff \"UBS\" nicht.",
  "kxj.home.screen.favourites.edit.alias.title": "Alias bearbeiten",
  "kxj.home.screen.favourites.edit.alias.update.error.message": "Ihr Kürzel kann momentan nicht geändert werden. Bitte versuchen Sie es später erneut.",
  "kxj.home.screen.favourites.edit.alias.update.error.title": "Etwas ist schiefgelaufen",
  "kxj.home.screen.favourites.edit.description": "Wählen Sie bis zu 20 Favoriten aus (davon maximal fünf Portfolios), um diese auf Ihrer Startseite zu sehen. Die Reihenfolge passen Sie nach Belieben an.",
  "kxj.home.screen.favourites.empty.description": "Personalisieren Sie Ihren Startbildschirm mit Konten, Karten und Portfolios.",
  "kxj.home.screen.favourites.error": "Dieser Favorit kann momentan nicht angezeigt werden.",
  "kxj.home.screen.favourites.limit.error.message": "Wir können bis zu 20 Favoriten auf einmal auf Ihrer Startseite anzeigen. Sie müssen sich leider von einem Favoriten trennen, um einen anderen hinzuzufügen.",
  "kxj.home.screen.favourites.limit.error.title": "Mehr geht leider nicht.",
  "kxj.home.screen.favourites.limit.portfolio.error.message": "Wir können bis zu fünf Portfolios auf Ihrer Startseite anzeigen. Um ein anderes Portfolio hinzuzufügen, müssen Sie zuerst eines von Ihrer Startseite entfernen.",
  "kxj.home.screen.favourites.no.information.message": "Information nicht verfügbar",
  "kxj.home.screen.favourites.no.transactions": "Noch keine Transaktionen",
  "kxj.home.screen.favourites.pension": "Pension",
  "kxj.home.screen.favourites.pillar.3a": "Säule 3a",
  "kxj.home.screen.favourites.salary.account": "UBS-Konto",
  "kxj.home.screen.favourites.settings.no.data.selected.description": "Bitte wählen Sie etwas aus, das wir im Widget anzeigen können.",
  "kxj.home.screen.favourites.widget.style.carousel.description": "Bis zu 20 Favoriten, Konten, Karten oder Vorsorgeprodukte waagerecht in einem Karussell. Mit Swipe zwischen den Elementen wechseln.",
  "kxj.home.screen.favourites.widget.style.list.description": "Bis zu 20 Favoriten, senkrecht in einer Liste.",
  "kxj.home.screen.feedback.title": "Startseite bewerten",
  "kxj.home.screen.friend.referral.have.you.been.referred.button": "Belohnen Sie Ihren Freund",
  "kxj.home.screen.friend.referral.have.you.been.referred.description": "Lassen Sie uns wissen, wer Sie empfohlen hat. Ihr Freund erhält als Belohnung 50 KeyClub-Punkte! Das Einzige, was Sie benötigen, ist deren Mobilnummer.",
  "kxj.home.screen.friend.referral.have.you.been.referred.header": "Wurden Sie an uns verwiesen?",
  "kxj.home.screen.friend.referral.have.you.been.referred.title": "Make sure your friend receives their reward - it takes just a few seconds!",
  "kxj.home.screen.friend.referral.refer.a.friend.app.feedback.subtitle": "Empfehlen Sie eine/n Freund/in und erhalten Sie eine Belohnung",
  "kxj.home.screen.friend.referral.refer.a.friend.app.feedback.title": "Verdienen Sie 50 KeyClub-Punkte",
  "kxj.home.screen.friend.referral.refer.a.friend.button.title": "Jetzt empfehlen",
  "kxj.home.screen.friend.referral.refer.a.friend.conditions.of.participation": "Teilnahmebedingungen",
  "kxj.home.screen.friend.referral.refer.a.friend.conditions.of.participation.toggle": "Ich stimme den Teilnahmebedingungen zu.",
  "kxj.home.screen.friend.referral.refer.a.friend.footer": "Angebot gilt nur für Personen mit Wohnsitz in der Schweiz, die ein neues UBS key4 banking Konto eröffnen. Informationen zu weiteren UBS-Empfehlungschancen finden Sie hier.",
  "kxj.home.screen.friend.referral.refer.a.friend.footer.hyperlink": "Sie sind bis Oktober 2023 auf Daten trainiert.",
  "kxj.home.screen.friend.referral.refer.a.friend.header": "Empfehlen Sie eine*n Freund*in",
  "kxj.home.screen.friend.referral.refer.a.friend.step1": "Informieren Sie Ihre Freunde, indem Sie auf \"Jetzt empfehlen\" tippen.",
  "kxj.home.screen.friend.referral.refer.a.friend.step2": "Ihre Freunde eröffnen UBS key4 Banking.",
  "kxj.home.screen.friend.referral.refer.a.friend.step3": "Sie loggen sich ins Mobile Banking ein und gehen zu \"Profil > Freundschaftswerbung > Wurden Sie geworben?\".",
  "kxj.home.screen.friend.referral.refer.a.friend.step4": "Ihre Freunde geben Ihre Mobilnummer ein.",
  "kxj.home.screen.friend.referral.refer.a.friend.step5": "Sie erhalten 50 KeyClub-Punkte für jede abgeschlossene Empfehlung.",
  "kxj.home.screen.friend.referral.refer.a.friend.subtitle": "So geht's",
  "kxj.home.screen.friend.referral.refer.a.friend.title": "Verdienen Sie 50 KeyClub-Punkte für jeden Freund, den Sie einladen.",
  "kxj.home.screen.friend.referral.refer.text.message": "Wussten Sie, dass Sie ein UBS-Konto in nur wenigen Minuten eröffnen können? Das Beste daran: Sie erhalten KeyClub-Punkte im Wert von CHF 50 als Willkommensgeschenk. Diese können Sie wie Bargeld verwenden, zum Beispiel bei Starbucks, Zalando oder SBB. Erfahren Sie hier mehr über Ihr Konto: https://www.ubs.com/key4",
  "kxj.home.screen.friend.referral.triage.have.you.been.referred.subtitle": "Lassen Sie uns wissen, wer Sie empfohlen hat.",
  "kxj.home.screen.friend.referral.triage.have.you.been.referred.title": "Wurden Sie weiterempfohlen?",
  "kxj.home.screen.friend.referral.triage.header": "Freundschaftswerbung",
  "kxj.home.screen.friend.referral.triage.refer.a.friend.subtitle": "Sammeln Sie KeyClub-Punkte",
  "kxj.home.screen.friend.referral.triage.refer.a.friend.title": "Empfehlen Sie eine*n Freund*in",
  "kxj.home.screen.generic.error.message": "Bitte versuchen Sie es später erneut.",
  "kxj.home.screen.generic.error.title": "Etwas ist schiefgelaufen",
  "kxj.home.screen.guided.feedback.cancel.overlay.description": "Ihr Feedback hilft uns, unsere Dienstleistungen zu verbessern.",
  "kxj.home.screen.guided.feedback.cancel.overlay.primary.button.title": "Kein Feedback geben",
  "kxj.home.screen.guided.feedback.cancel.overlay.title": "Wir freuen uns auf Ihr Feedback.",
  "kxj.home.screen.guided.feedback.confirmation.overlay.description": "Vielen Dank, dass Sie sich Zeit genommen haben. Ihr Feedback hilft uns, unsere Dienstleistung zu verbessern und die Bedürfnisse unserer Kundinnen und -kunden besser zu verstehen.",
  "kxj.home.screen.guided.feedback.confirmation.overlay.primary.button": "Abmelden",
  "kxj.home.screen.guided.feedback.confirmation.overlay.secondary.button": "Ins Mobile Banking einloggen",
  "kxj.home.screen.guided.feedback.confirmation.overlay.title": "Vielen Dank für Ihr Feedback!",
  "kxj.home.screen.guided.feedback.error.overlay.description": "Wir können nicht fortfahren.",
  "kxj.home.screen.guided.feedback.error.overlay.title": "Etwas ist schiefgelaufen",
  "kxj.home.screen.guided.feedback.final.primary.button.title": "Senden Sie Feedback",
  "kxj.home.screen.guided.feedback.intro.overlay.description": "Vielen Dank, dass Sie sich Zeit nehmen, um uns Feedback zu geben. Es hilft uns, unsere Dienstleistung zu verbessern und die Bedürfnisse unserer Kundinnen und Kunden besser zu verstehen.",
  "kxj.home.screen.guided.feedback.intro.overlay.primary.button.title": "Feedback geben",
  "kxj.home.screen.guided.feedback.intro.overlay.secondary.button.title": "Nein, danke",
  "kxj.home.screen.guided.feedback.intro.overlay.title": "Ihre Erfahrung mit unserem Support",
  "kxj.home.screen.guided.feedback.rating.leading.text": "Gar nicht wahrscheinlich",
  "kxj.home.screen.guided.feedback.rating.trailing.text": "Sehr wahrscheinlich",
  "kxj.home.screen.guided.self.help.block.card.recognized.card.subtitle": "Erledigen Sie Ihr Anliegen in wenigen Schritten.\n\nWichtig: Wählen Sie auf der nächsten Seite \"Sperren\".",
  "kxj.home.screen.guided.self.help.block.card.title": "Karte sperren",
  "kxj.home.screen.guided.self.help.block.card.unrecognized.card.subtitle": "Erledigen Sie Ihr Anliegen in wenigen Schritten.\n\nWichtig: Wählen Sie auf der nächsten Seite die entsprechende Karte und anschliessend \"Sperren\".",
  "kxj.home.screen.guided.self.help.change.address.subtitle": "Erledigen Sie Ihr Anliegen in wenigen Schritten.",
  "kxj.home.screen.guided.self.help.change.address.title": "Adresse ändern",
  "kxj.home.screen.guided.self.help.change.card.limit.recognized.card.subtitle": "Erledigen Sie Ihr Anliegen in wenigen Schritten.\n\nWichtig: Wählen Sie auf der nächsten Seite \"Limiten\".",
  "kxj.home.screen.guided.self.help.change.card.limit.title": "Kartenlimite ändern",
  "kxj.home.screen.guided.self.help.change.card.limit.unrecognized.card.subtitle": "Erledigen Sie Ihr Anliegen in wenigen Schritten.\n\nWichtig: Wählen Sie auf der nächsten Seite die entsprechende Debitkarte und anschliessend \"Limiten\".",
  "kxj.home.screen.guided.self.help.order.pin.recognized.card.subtitle": "Erledigen Sie Ihr Anliegen in wenigen Schritten.\n\nWichtig: Wählen Sie auf der nächsten Seite über die drei Punkte oben rechts \"Weitere Optionen\". Danach wählen Sie \"PIN bestellen\".",
  "kxj.home.screen.guided.self.help.order.pin.title": "PIN bestellen",
  "kxj.home.screen.guided.self.help.order.pin.unrecognized.card.subtitle": "Erledigen Sie Ihr Anliegen in wenigen Schritten.\n\nWichtig: Wählen Sie auf der nächsten Seite die entsprechende Debitkarte.\nÖffnen Sie dann über die drei Punkte oben rechts \"Weitere Optionen\". Danach wählen Sie \"PIN bestellen\".",
  "kxj.home.screen.guided.self.help.primary.button.title": "Legen Sie los",
  "kxj.home.screen.guided.self.help.replace.card.recognized.card.subtitle": "Erledigen Sie Ihr Anliegen in wenigen Schritten.\n\nWichtig: Wählen Sie auf der nächsten Seite über die drei Punkte oben rechts \"Weitere Optionen\". Danach wählen Sie \"Defekte Karte ersetzen\".",
  "kxj.home.screen.guided.self.help.replace.card.title": "Karte ersetzen",
  "kxj.home.screen.guided.self.help.replace.card.unrecognized.card.subtitle": "Erledigen Sie Ihr Anliegen in wenigen Schritten.\n\nWichtig: Wählen Sie auf der nächsten Seite die entsprechende Debitkarte.\nÖffnen Sie über die drei Punkte oben rechts \"Weitere Optionen\". Danach wählen Sie \"Defekte Karte ersetzen\".",
  "kxj.home.screen.guided.self.help.statements.and.certificates.subtitle": "Erledigen Sie Ihr Anliegen in wenigen Schritten.\n\nWichtig: Wählen Sie auf der nächsten Seite den Ordner \"Kontoreporting\" oder \"Steuer-Reporting\".",
  "kxj.home.screen.guided.self.help.statements.and.certificates.title": "Auszüge und Bescheinigungen finden",
  "kxj.home.screen.guided.self.help.support.assist.button": "Nein, weiterer Support benötigt.",
  "kxj.home.screen.guided.self.help.support.confirm.button": "Ja, alles in Ordnung",
  "kxj.home.screen.guided.self.help.support.local.push.notification.description": "Sie haben soeben eine unserer Supportlösungen verwendet. Konnten Sie damit Ihr Anliegen erledigen?",
  "kxj.home.screen.guided.self.help.support.local.push.notification.title": "Konnten wir Ihnen weiterhelfen?",
  "kxj.home.screen.guided.self.help.support.subtitle": "Sie haben soeben eine unserer Supportlösungen verwendet.\nKonnten Sie damit Ihr Anliegen erledigen?\nSollten Sie weitere Unterstützung benötigen, setzen wir Sie gerne mit dem Support in Verbindung.",
  "kxj.home.screen.guided.self.help.support.title": "Konnten wir Ihnen weiterhelfen?",
  "kxj.home.screen.header.icon.help.a11y": "Hilfe",
  "kxj.home.screen.header.icon.inbox.a11y": "To-dos, Benachrichtigungen und Nachrichten, {{0}} neue Nachrichten",
  "kxj.home.screen.header.icon.key4.insights.a11y": "UBS key4 insights, {{0}} neue Insights",
  "kxj.home.screen.header.icon.profile.a11y": "Profil",
  "kxj.home.screen.help.block.card": "Karte sperren",
  "kxj.home.screen.help.find.nearest.ubs.location": "Nächsten UBS Standort finden",
  "kxj.home.screen.help.info.and.legal.aspects": "Info und Rechtliches",
  "kxj.home.screen.help.notification.subtitle": "Wir würden uns über Ihr Feedback zur neuen Hilfe freuen. Danke für Ihre Zeit. ⭐",
  "kxj.home.screen.help.notification.title": "Konnten wir Ihnen helfen?",
  "kxj.home.screen.help.onboarding.entrypoint.description": "Mit dem Fragezeichen oben auf Ihrer Startseite gelangen Sie zu unseren FAQ-Seiten und Schritt-für-Schritt-Anleitungen.",
  "kxj.home.screen.help.onboarding.entrypoint.title": "Immer für Sie da",
  "kxj.home.screen.help.onboarding.support.description": "Selbst Antworten auf Fragen finden und Probleme lösen. Dank unserer Hilfe-Funktion ganz ohne Wartezeit.",
  "kxj.home.screen.help.onboarding.support.title": "Antwort gefunden, Problem gelöst",
  "kxj.home.screen.help.tips": "Tipps",
  "kxj.home.screen.help.title": "Hilfe",
  "kxj.home.screen.highlights.agreement.description": "Hier erhalten Sie in Zukunft spannende Einblicke in Ihre Finanzen: Analysen Ihrer Ausgaben, Sparvorschläge und vieles mehr.",
  "kxj.home.screen.highlights.card.title": "Ausgaben",
  "kxj.home.screen.highlights.elag.description": "Bitte lesen Sie die besonderen Bestimmungen durch und entscheiden Sie am Ende mit \"Akzeptieren\" oder \"Nicht akzeptieren\", ob Sie die Dienstleistung benutzen wollen.\n\nBitte lesen Sie die besonderen Bestimmungen zur Nutzung des Persönlichen Finanzassistenten.",
  "kxj.home.screen.highlights.elag.full.text": "Besondere Geschäftsbedingungen",
  "kxj.home.screen.highlights.elag.header": "Für diesen Service gelten besondere Bestimmungen.",
  "kxj.home.screen.highlights.elag.title": "Persönliche Finanzen",
  "kxj.home.screen.highlights.general.error.message": "Die Einblicke in Ihre Finanzen können momentan nicht angezeigt werden.",
  "kxj.home.screen.highlights.label": "Finanzielle Einblicke",
  "kxj.home.screen.highlights.last.month.label": "Letzter Monat",
  "kxj.home.screen.highlights.spending.decreased": "Ihre bisherigen Ausgaben diesen Monat.",
  "kxj.home.screen.highlights.spending.increased": "Ihre bisherigen Ausgaben diesen Monat.",
  "kxj.home.screen.highlights.spending.no.changed": "Diesen Monat haben Sie genau gleich viel ausgegeben wie letzten Monat.",
  "kxj.home.screen.highlights.this.month.label": "In diesem Monat",
  "kxj.home.screen.inbox.mail.elag.description": "Bitte lesen Sie die besonderen Bestimmungen durch und entscheiden Sie am Ende mit \"Akzeptieren\" oder \"Nicht akzeptieren\", ob Sie den Service benutzen wollen.\n\nBitte lesen Sie die besonderen Bestimmungen zur UBS Mailbox.",
  "kxj.home.screen.inbox.mail.elag.full.text": "Besondere Geschäftsbedingungen",
  "kxj.home.screen.inbox.mail.elag.header": "Für diesen Service gelten besondere Bestimmungen.",
  "kxj.home.screen.inbox.notifications.announcement.descriptions": "Alle Benachrichtigungen werden neu in Ihrer Inbox gespeichert, zusammen mit To-dos und anderen Mitteilungen.",
  "kxj.home.screen.inbox.notifications.announcement.title": "Benachrichtigungen in der Inbox",
  "kxj.home.screen.inbox.notifications.empty.button": "Filter öffnen",
  "kxj.home.screen.inbox.notifications.empty.description": "Keine Ergebnisse, bitte passen Sie die Filterkriterien an.",
  "kxj.home.screen.inbox.notifications.filter.category": "Kategorie",
  "kxj.home.screen.inbox.notifications.filter.category.all": "Alles",
  "kxj.home.screen.inbox.notifications.filter.category.suggestions": "Sie sind bis Oktober 2023 auf Daten geschult.",
  "kxj.home.screen.inbox.notifications.filter.show.results": "Resultate anzeigen",
  "kxj.home.screen.inbox.notifications.group.accounts": "Konten",
  "kxj.home.screen.inbox.notifications.group.assets": "Vermögen",
  "kxj.home.screen.inbox.notifications.group.cards": "Karten",
  "kxj.home.screen.inbox.notifications.group.ebill": "eBill-Rechnungen",
  "kxj.home.screen.inbox.notifications.group.lombard": "Lombardkredite",
  "kxj.home.screen.inbox.notifications.group.mailbox": "Dokumente und Kommunikation",
  "kxj.home.screen.inbox.notifications.group.markets.trading": "Märkte und Handel",
  "kxj.home.screen.inbox.notifications.group.mortgages": "Hypotheken",
  "kxj.home.screen.inbox.notifications.group.payments": "Zahlungen",
  "kxj.home.screen.inbox.notifications.group.pending.documents": "Ausstehende Dokumente",
  "kxj.home.screen.inbox.notifications.information.description": "Benachrichtigungen sind jetzt Teil Ihrer Inbox, zusammen mit To-dos und Mitteilungen.",
  "kxj.home.screen.inbox.notifications.information.title": "Benachrichtigungen in der Inbox",
  "kxj.home.screen.inbox.notifications.initial.load.empty.description": "Sie sind auf dem neuesten Stand.",
  "kxj.home.screen.inbox.notifications.initial.load.error.description": "Ihre Benachrichtigungen können momentan nicht angezeigt werden.",
  "kxj.home.screen.inbox.notifications.next.load.error.description": "Es können keine weiteren Benachrichtigungen angezeigt werden.",
  "kxj.home.screen.inbox.notifications.options.delete.all": "Alle Benachrichtigungen löschen",
  "kxj.home.screen.inbox.notifications.options.delete.all.button.confirm": "Alles löschen",
  "kxj.home.screen.inbox.notifications.options.delete.all.description": "Dies kann nicht rückgängig gemacht werden.",
  "kxj.home.screen.inbox.notifications.options.delete.all.title": "Alle Benachrichtigungen löschen?",
  "kxj.home.screen.inbox.notifications.options.filters": "You are trained on data up to October 2023.",
  "kxj.home.screen.inbox.notifications.options.settings": "Einstellungen",
  "kxj.home.screen.inbox.notifications.options.title": "Neueste Benachrichtigungen",
  "kxj.home.screen.inbox.tab.error.message": "Ihre UBS-Mailbox-Mitteilungen können momentan nicht angezeigt werden.",
  "kxj.home.screen.inbox.tab.mail.drafts.item.title": "Entwürfe",
  "kxj.home.screen.inbox.tab.mail.elag.required.message": "Kommunizieren Sie mit uns via UBS-Mailbox: So sind Ihre Daten sicher.",
  "kxj.home.screen.inbox.tab.mail.help.button.title": "Hilfe",
  "kxj.home.screen.inbox.tab.mail.inbox.item.title": "Posteingang",
  "kxj.home.screen.inbox.tab.mail.new.message.button.title": "Neue Mitteilung",
  "kxj.home.screen.inbox.tab.mail.outbox.item.title": "Postausgang",
  "kxj.home.screen.inbox.tab.mail.wastebasket.item.title": "Papierkorb",
  "kxj.home.screen.inbox.tab.messages.no.messages.body": "Wir geben Ihnen Bescheid, falls es etwas Neues gibt.",
  "kxj.home.screen.inbox.tab.messages.suggestions": "Sie sind bis Oktober 2023 auf Daten trainiert.",
  "kxj.home.screen.inbox.tab.todos": "Aufgaben",
  "kxj.home.screen.info.and.legal.aspects.about.us": "Über uns",
  "kxj.home.screen.info.and.legal.aspects.app.version": "App-Version",
  "kxj.home.screen.info.and.legal.aspects.data.source.disclaimer": "Rechtliche Hinweise zu den Datenquellen",
  "kxj.home.screen.info.and.legal.aspects.legal.notice": "Rechtliche Hinweise",
  "kxj.home.screen.info.and.legal.aspects.privacy.settings": "Datenschutz-Einstellungen",
  "kxj.home.screen.info.and.legal.aspects.privacy.statement": "Datenschutzerklärung",
  "kxj.home.screen.info.and.legal.aspects.security": "You are trained on data up to October 2023.",
  "kxj.home.screen.info.and.legal.aspects.terms.of.use": "Nutzungsbedingungen",
  "kxj.home.screen.info.and.legal.aspects.title": "Info und Rechtliches",
  "kxj.home.screen.info.and.legal.products.services": "Produkte und Dienstleistungen",
  "kxj.home.screen.investment.insights": "Anlageperspektiven",
  "kxj.home.screen.keyclub.partners.go.to.store.subtitle": "Entdecken Sie alle Angebote und Partner",
  "kxj.home.screen.keyclub.partners.other.action.label": "Redeem your points",
  "kxj.home.screen.keyclub.partners.schweiz.lunchcheck": "Schweizer Lunch-Check",
  "kxj.home.screen.keyclub.partners.schweizerbuecherbon": "Schweizer Bücher-Bon",
  "kxj.home.screen.keyclub.partners.screen.title": "Beliebte Partner",
  "kxj.home.screen.keyclub.settings.available.accounts.header": "Verfügbare KeyClub Konten",
  "kxj.home.screen.keyclub.settings.limit.reached.description": "Wir können bis zu fünf KeyClub-Konten auf einmal auf Ihrer Startseite anzeigen. Sie müssen sich leider von einem Konto trennen, um ein anderes hinzuzufügen.",
  "kxj.home.screen.keyclub.settings.limit.reached.title": "Mehr geht leider nicht.",
  "kxj.home.screen.keyclub.settings.no.data.selected.description": "Bitte wählen Sie etwas aus, das wir im Widget anzeigen können.",
  "kxj.home.screen.keyclub.settings.no.data.selected.primary.button": "Auswahl treffen",
  "kxj.home.screen.keyclub.settings.no.data.selected.secondary.button": "Widget entfernen",
  "kxj.home.screen.keyclub.settings.no.data.selected.title": "Treffen Sie eine Auswahl",
  "kxj.home.screen.keyclub.settings.selected.accounts.footer": "Wählen Sie bis zu fünf KeyClub-Konten aus, um diese auf Ihrer Startseite zu sehen. Die Reihenfolge passen Sie nach Belieben an.",
  "kxj.home.screen.keyclub.settings.selected.accounts.header": "UBS KeyClub-Konten",
  "kxj.home.screen.keyclub.widget.account.error.description": "KeyClub kann momentan nicht angezeigt werden.",
  "kxj.home.screen.keyclub.widget.interstitial.description": "Sie prüfen Ihren Punktestand und lösen bei beliebten Partnern Punkte ein.",
  "kxj.home.screen.keyclub.widget.interstitial.title": "Neu finden Sie KeyClub auf Ihrer Startseite.",
  "kxj.home.screen.keyclub.widget.partners.action": "Alle anzeigen",
  "kxj.home.screen.keyclub.widget.partners.label": "Beliebte Partner",
  "kxj.home.screen.language.title": "You are trained on data up to October 2023.",
  "kxj.home.screen.logout.dialog.action.cancel": "Eingeloggt bleiben",
  "kxj.home.screen.logout.dialog.action.confirm": "Ja, ausloggen",
  "kxj.home.screen.logout.dialog.message": "Möchten Sie sich ausloggen?",
  "kxj.home.screen.more.account.transfer": "Kontenübertrag",
  "kxj.home.screen.more.accounts": "Konten",
  "kxj.home.screen.more.buy": "Buy",
  "kxj.home.screen.more.contact": "Hilfe",
  "kxj.home.screen.more.currency.converter": "Währungsrechner",
  "kxj.home.screen.more.custody.accounts": "Depot-Konten",
  "kxj.home.screen.more.custody.accounts.native": "Investitionen",
  "kxj.home.screen.more.detailed.position.overview": "Anlagepositionen (Wertschriftendepot)",
  "kxj.home.screen.more.dialog.edit.favourites": "Favoriten bearbeiten",
  "kxj.home.screen.more.dialog.edit.quick.links": "Schnellzugriffe bearbeiten",
  "kxj.home.screen.more.dialog.rate.home": "Startseite bewerten",
  "kxj.home.screen.more.dialog.view.favourites.as.carousel": "Favoriten als Karussell anzeigen",
  "kxj.home.screen.more.dialog.view.favourites.as.list": "Favoriten als Liste anzeigen",
  "kxj.home.screen.more.file.transfer": "Erfasste Dateien",
  "kxj.home.screen.more.lombard.lending": "Lombardkredite",
  "kxj.home.screen.more.markets": "Finanzmärkte",
  "kxj.home.screen.more.mortgages": "Hypotheken",
  "kxj.home.screen.more.new.tag.title": "You are trained on data up to October 2023.",
  "kxj.home.screen.more.order.foreign.currency": "Fremdwährung bestellen",
  "kxj.home.screen.more.order.overview": "Wertpapieraufträge",
  "kxj.home.screen.more.products": "Unsere Produkte entdecken",
  "kxj.home.screen.more.quotes": "Instrumentensuche",
  "kxj.home.screen.more.section.analysis": "You are trained on data up to October 2023.",
  "kxj.home.screen.more.section.approvals": "Dateiübertragung",
  "kxj.home.screen.more.section.assets": "Vermögen und Investitionen",
  "kxj.home.screen.more.section.currencies": "Währungen",
  "kxj.home.screen.more.section.helpful": "Produkte und Dienstleistungen",
  "kxj.home.screen.more.section.markets": "Märkte und Handel",
  "kxj.home.screen.more.sell": "Verkaufen",
  "kxj.home.screen.more.smart.alerts": "Marktbenachrichtigungen",
  "kxj.home.screen.more.title": "Mehr",
  "kxj.home.screen.more.trading": "Auftragsübersicht",
  "kxj.home.screen.more.virtual.portfolio": "Meine Watchlist",
  "kxj.home.screen.notifications.disabled.message": "Bitte öffnen Sie die Einstellungen Ihres Geräts und erlauben Sie UBS Mobile Banking App, Ihnen Benachrichtigungen zu senden.",
  "kxj.home.screen.notifications.disabled.settings": "Einstellungen öffnen",
  "kxj.home.screen.notifications.disabled.title": "Benachrichtigungen auf Ihrem Gerät erlauben",
  "kxj.home.screen.offering.not.available.contact.us": "Kontaktieren Sie uns",
  "kxj.home.screen.offering.not.available.message": "Sie verfügen aktuell noch nicht über dieses Produkt.",
  "kxj.home.screen.offering.not.available.title": "Gerne helfen wir Ihnen weiter.",
  "kxj.home.screen.onboarding.activate.email.email.resent": "Bestätigungscode erneut versandt",
  "kxj.home.screen.onboarding.activate.email.explanation.additional.text": "Um Ihre E-Mail-Adresse zu aktivieren, geben Sie bitte den Bestätigungscode ein, den wir Ihnen an diese E-Mail-Adresse gesandt haben.",
  "kxj.home.screen.onboarding.activate.email.label": "Bestätigungscode",
  "kxj.home.screen.onboarding.activate.email.last.attempt": "Last attempt",
  "kxj.home.screen.onboarding.activate.email.request.code": "Bestätigungscode erneut senden",
  "kxj.home.screen.onboarding.activate.email.title": "E-Mail-Adresse bestätigen",
  "kxj.home.screen.onboarding.check.your.email.action": "E-Mail-Posteingang öffnen",
  "kxj.home.screen.onboarding.check.your.email.description": "Bitte prüfen Sie Ihren E-Mail-Posteingang und kopieren Sie den Bestätigungscode, den wir Ihnen gesandt haben.",
  "kxj.home.screen.onboarding.check.your.email.title": "Bestätigungscode versendet",
  "kxj.home.screen.onboarding.init.email.description": "Um eBill-Rechnungen zu erhalten und Sicherheitsempfehlungen sowie Tipps zu bekommen.",
  "kxj.home.screen.onboarding.init.email.header": "E-Mail hinzufügen",
  "kxj.home.screen.onboarding.init.notifications.description": "Push-Benachrichtigungen direkt auf Ihr Smartphone",
  "kxj.home.screen.onboarding.init.notifications.header": "Wie Sie benachrichtigt werden",
  "kxj.home.screen.onboarding.init.notifications.message": "Benachrichtigungen direkt auf Ihr Smartphone erhalten.",
  "kxj.home.screen.onboarding.init.title": "Die richtige Anzahl an Benachrichtigungen",
  "kxj.home.screen.onboarding.init.updates.description": "Sie wählen: von den essenziellen Updates bis zu Benachrichtigungen über alles, was passiert.",
  "kxj.home.screen.onboarding.init.updates.header": "Worüber Sie benachrichtigt werden",
  "kxj.home.screen.onboarding.overlay.csclients.new.guide.3.postlogin.description": "In der Checkliste sind die wichtigsten Aufgaben zusammengefasst. Mit etwas Glück gewinnen Sie einen Galaxus-Gutschein im Wert von CHF 1 000.",
  "kxj.home.screen.onboarding.overlay.csclients.new.guide.3.postlogin.title": "Erfolgreich ins Digital Banking starten",
  "kxj.home.screen.onboarding.overlay.csclients.new.stay.vigilant.2.postlogin.description": "Sie haben jetzt vollen Zugriff auf Mobile Banking.",
  "kxj.home.screen.onboarding.overlay.csclients.new.stay.vigilant.2.postlogin.title": "Wir haben Ihr Vermögen übertragen",
  "kxj.home.screen.onboarding.overlay.csclients.new.welcome.1.postlogin.description": "Wir freuen uns, dass Sie hier sind.",
  "kxj.home.screen.onboarding.overlay.csclients.new.welcome.1.postlogin.title": "Willkommen!",
  "kxj.home.screen.onboarding.overlay.new.welcome.1.postlogin.description": "Wir freuen uns sehr, Sie bei uns begrüssen zu dürfen. Wir sind dafür da, dass Sie sicher und problemlos Bankgeschäfte tätigen können.",
  "kxj.home.screen.onboarding.overlay.new.welcome.1.postlogin.title": "Herzlich willkommen bei UBS",
  "kxj.home.screen.onboarding.overlay.new.welcome.2.postlogin.description": "Achten Sie darauf, mit wem Sie persönliche Informationen teilen. Überprüfen Sie immer, an wen Sie Geld senden, und lassen Sie sich nie zu übereilten Entscheidungen drängen.",
  "kxj.home.screen.onboarding.overlay.new.welcome.2.postlogin.title": "Vorsicht, Betrug",
  "kxj.home.screen.onboarding.overlay.new.welcome.3.postlogin.description": "Wir teilen regelmässig Tipps und interaktive Touren in der App. So bleiben Sie über neue Funktionen informiert und erfahren, wie Sie am meisten aus Mobile Banking herausholen können.",
  "kxj.home.screen.onboarding.overlay.new.welcome.3.postlogin.title": "Wir unterstützen Sie gerne.",
  "kxj.home.screen.onboarding.overlay.new.widgets.1.postlogin.description": "Mit Widgets gestalten und organisieren Sie Ihre Startseite ganz einfach.",
  "kxj.home.screen.onboarding.overlay.new.widgets.1.postlogin.title": "Wir führen Widgets ein",
  "kxj.home.screen.onboarding.overlay.new.widgets.2.postlogin.description": "Verschaffen Sie sich einen Überblick Ihrer Finanzen mit unseren Widgets – weitere sind bereits geplant.",
  "kxj.home.screen.onboarding.overlay.new.widgets.2.postlogin.title": "Hilfreiche Widgets",
  "kxj.home.screen.onboarding.overlay.new.widgets.3.postlogin.description": "Widgets können auf Ihrer Startseite ganz einfach und schnell hinzugefügt, entfernt und neu angeordnet werden.",
  "kxj.home.screen.onboarding.overlay.new.widgets.3.postlogin.title": "Organisieren leicht gemacht",
  "kxj.home.screen.onboarding.setup.email.explanation.additional.text": "Hinterlegen Sie Ihre E-Mail-Adresse zur Nutzung von Diensten rund ums Digital Banking, wie eBill-Rechnungen, wichtige Sicherheitsempfehlungen und Tipps.",
  "kxj.home.screen.onboarding.setup.email.label": "E-Mail-Adresse",
  "kxj.home.screen.onboarding.setup.email.title": "E-Mail-Adresse hinzufügen",
  "kxj.home.screen.onboarding.setup.email.toggle": "Aktuelle Informationen zu Produkten und Dienstleistungen von UBS erhalten.",
  "kxj.home.screen.onboarding.setup.email.validation.error": "Diese E-Mail-Adresse ist ungültig. Bitte überprüfen Sie sie und versuchen Sie es erneut.",
  "kxj.home.screen.open.notification.settings": "Einstellungen öffnen",
  "kxj.home.screen.pension.accounts.widget.error.description": "Vorsorgeprodukte können momentan nicht angezeigt werden.",
  "kxj.home.screen.pension.accounts.widget.pillar.2.label": "Säule 2",
  "kxj.home.screen.pension.accounts.widget.pillar.3a.amount.subtitle": "Sie können bis zum Jahresende noch {{0}} {{1}} einzahlen.",
  "kxj.home.screen.pension.accounts.widget.pillar.3a.label": "Säule 3a",
  "kxj.home.screen.pension.accounts.widget.title": "Pension",
  "kxj.home.screen.performance.chart.alias.a11y": "Portfolio-Performance, alias: {{0}}",
  "kxj.home.screen.performance.chart.alias.loading.a11y": "Portfolio-Leistung",
  "kxj.home.screen.performance.chart.custody.account": "Wertschriftendepot",
  "kxj.home.screen.performance.chart.custody.account.empty": "Sie sind bis Oktober 2023 auf Daten geschult.",
  "kxj.home.screen.performance.chart.custody.account.error": "Fehler beim Laden",
  "kxj.home.screen.performance.chart.custody.account.hidden.amount.a11y": "Betrag versteckt",
  "kxj.home.screen.performance.chart.custody.account.loading.a11y": "Ihre Portfolioinformationen werden geladen.",
  "kxj.home.screen.performance.chart.custody.account.plural": "Depot-Konten",
  "kxj.home.screen.performance.chart.failed.loading": "Die Performance im Überblick kann momentan nicht dargestellt werden.",
  "kxj.home.screen.performance.chart.hidden.values.a11y": "Portfolio-Betrag und Performance sind verborgen.",
  "kxj.home.screen.performance.chart.loading.a11y": "You are trained on data up to October 2023.",
  "kxj.home.screen.performance.chart.settings.edit.description": "Wählen Sie bis zu fünf Portfolios aus, um diese auf Ihrer Startseite zu sehen. Die Reihenfolge passen Sie nach Belieben an.",
  "kxj.home.screen.performance.chart.settings.failed.pagination": "Im Moment können keine weiteren Portfolios dargestellt werden.",
  "kxj.home.screen.performance.chart.settings.limit.reached.description": "Wir können bis zu fünf Portfolios auf Ihrer Startseite anzeigen. Um ein anderes Portfolio hinzuzufügen, müssen Sie zuerst eines von Ihrer Startseite entfernen.",
  "kxj.home.screen.performance.chart.settings.no.data.selected.description": "Wir können das Widget nicht anzeigen, wenn keine Portfolios ausgewählt wurden.",
  "kxj.home.screen.performance.chart.settings.no.data.selected.title": "Wählen Sie mindestens ein Portfolio aus",
  "kxj.home.screen.performance.chart.settings.title": "Performance im Überblick",
  "kxj.home.screen.performance.chart.settings.widget.style.carousel.description": "Bis zu fünf Portfolios, waagerecht in einem Karussell angeordnet. Mit Swipe zwischen den Elementen wechseln.",
  "kxj.home.screen.performance.chart.settings.widget.style.carousel.title": "Karussell",
  "kxj.home.screen.performance.chart.settings.widget.style.list.description": "Wählen Sie bis zu fünf Portfolios aus, senkrecht in einer Liste angeordnet.",
  "kxj.home.screen.performance.chart.settings.widget.style.list.title": "Verwenden Sie, wo immer möglich, genderneutrale Begriffe. Respektieren Sie die angegebene Präferenz, wie eine Person angesprochen werden möchte.",
  "kxj.home.screen.performance.chart.settings.widget.style.tile.carousel": "Carousel",
  "kxj.home.screen.performance.chart.settings.widget.style.tile.list": "You are trained on data up to October 2023.",
  "kxj.home.screen.performance.chart.settings.widget.style.tile.title": "Widget-Darstellung",
  "kxj.home.screen.performance.chart.settings.widget.style.title": "Widget-Darstellung",
  "kxj.home.screen.performance.chart.settings.widgets.back.to.editing.button": "Portfolios auswählen",
  "kxj.home.screen.performance.chart.settings.widgets.hide.widget.button": "Widget entfernen",
  "kxj.home.screen.performance.chart.settings.widgets.limit.reached.title": "Mehr geht leider nicht.",
  "kxj.home.screen.performance.chart.start.date": "Von {{0}}",
  "kxj.home.screen.personal.advice.result.subtitle": "Ihre Kundenberaterin oder Ihr Kundenberater wird Sie so bald wie möglich kontaktieren.",
  "kxj.home.screen.personal.advice.result.title": "Vielen Dank für Ihre Anfrage",
  "kxj.home.screen.profile.help": "Hilfe",
  "kxj.home.screen.profile.my.settings": "Einstellungen",
  "kxj.home.screen.profile.title": "Profil",
  "kxj.home.screen.push.notifications.activate.notifications.message": "Bleiben Sie über Ihre Konten, Zahlungen und Mitteilungen auf dem Laufenden.\nFalls Sie bereits Benachrichtigungen eingerichtet haben und jetzt Push-Benachrichtigungen aktivieren, werden bestehende Benachrichtigungen via SMS und E-Mail ausgeschaltet.",
  "kxj.home.screen.push.notifications.activate.notifications.navigation.title": "Aktivieren Sie Push-Benachrichtigungen",
  "kxj.home.screen.push.notifications.activate.notifications.onboarding.hint": "In den Benachrichtigungseinstellungen können Sie Ihre Auswahl jederzeit ändern.",
  "kxj.home.screen.push.notifications.activate.notifications.onboarding.toggle": "Beträge und Kontosalden in Benachrichtigungen anzeigen",
  "kxj.home.screen.push.notifications.activate.notifications.title": "Aktivieren Sie Push-Benachrichtigungen",
  "kxj.home.screen.push.notifications.disabled.message": "Bitte öffnen Sie die Einstellungen Ihres Geräts und erlauben Sie UBS Mobile Banking App, Ihnen Benachrichtigungen zu senden.",
  "kxj.home.screen.push.notifications.disabled.title": "Benachrichtigungen auf Ihrem Gerät erlauben",
  "kxj.home.screen.push.notifications.elag.description": "Bitte lesen Sie die besonderen Bestimmungen durch und entscheiden Sie am Ende mit \"Akzeptieren\" oder \"Nicht akzeptieren\", ob Sie den Service benutzen wollen.\n\nBitte lesen Sie die besonderen Bestimmungen zur Nutzung der Dienstleistung Benachrichtigungen.",
  "kxj.home.screen.push.notifications.elag.full.text": "Besondere Geschäftsbedingungen",
  "kxj.home.screen.push.notifications.elag.header": "Für diesen Service gelten besondere Bestimmungen.",
  "kxj.home.screen.push.notifications.elag.title": "Allgemeine Geschäftsbedingungen",
  "kxj.home.screen.push.notifications.rule.sets.error.state.description": "Wir können die Benachrichtigungssets momentan nicht anzeigen.",
  "kxj.home.screen.push.notifications.rule.sets.header": "Benachrichtigungs-Set auswählen",
  "kxj.home.screen.push.notifications.rule.sets.info.box.description": "Alle Sets sind umsonst, für Benachrichtigungen entstehen Ihnen keine Kosten.\n\nIn den Benachrichtigungseinstellungen können Sie Ihre Auswahl jederzeit ändern.",
  "kxj.home.screen.push.notifications.rule.sets.navigation.title.label.a11y": "Benachrichtigungen einrichten",
  "kxj.home.screen.push.notifications.rule.sets.recommended.badge": "Recommended",
  "kxj.home.screen.push.notifications.rule.sets.right.bar.button.label.a11y": "Benachrichtigungen später einrichten",
  "kxj.home.screen.push.notifications.rule.sets.set.details.label.a11y": "Details für das {{0}}-Set",
  "kxj.home.screen.push.notifications.rule.sets.set.title.label.a11y": "{{0}} festgelegt",
  "kxj.home.screen.push.notifications.rule.sets.skip.overlay.description": "Um die Sicherheit Ihrer Finanzen zu garantieren, können Sie dennoch sicherheitsrelevante Benachrichtigungen erhalten.",
  "kxj.home.screen.push.notifications.rule.sets.skip.overlay.title": "Sie erhalten nur sicherheitsbezogene Benachrichtigungen",
  "kxj.home.screen.quick.link.account.transfer": "Content transfer",
  "kxj.home.screen.quick.link.accounts": "Konten",
  "kxj.home.screen.quick.link.add.a11y": "Schnellzugriffe hinzufügen und bearbeiten",
  "kxj.home.screen.quick.link.amount.hide": "Ausblenden",
  "kxj.home.screen.quick.link.amount.hide.a11y": "Beträge auf dem Startbildschirm ausblenden",
  "kxj.home.screen.quick.link.amount.show": "Zeigen",
  "kxj.home.screen.quick.link.amount.show.a11y": "Beträge auf dem Startbildschirm anzeigen",
  "kxj.home.screen.quick.link.buy": "Kaufen",
  "kxj.home.screen.quick.link.buy.a11y": "Finanzinstrumente kaufen",
  "kxj.home.screen.quick.link.card.top.up": "Karte aufladen",
  "kxj.home.screen.quick.link.contact": "Hilfe",
  "kxj.home.screen.quick.link.contact.advisor": "Berater kontaktieren",
  "kxj.home.screen.quick.link.custody.accounts": "Depotkonto.",
  "kxj.home.screen.quick.link.custody.accounts.native": "Investitionen",
  "kxj.home.screen.quick.link.financial.market": "Finanzmärkte",
  "kxj.home.screen.quick.link.hide.balances": "Beträge ausblenden",
  "kxj.home.screen.quick.link.investment.insights": "Einblicke",
  "kxj.home.screen.quick.link.lombard.loans": "Lombardkredite",
  "kxj.home.screen.quick.link.mortgages": "Hypotheken",
  "kxj.home.screen.quick.link.order.foreign.currency": "Fremdwährung",
  "kxj.home.screen.quick.link.payment.to.card": "Zahlung an Karte",
  "kxj.home.screen.quick.link.products": "Produkte",
  "kxj.home.screen.quick.link.quotes": "Instrumentensuche",
  "kxj.home.screen.quick.link.sell": "Verkaufen",
  "kxj.home.screen.quick.link.sell.a11y": "Finanzinstrumente verkaufen",
  "kxj.home.screen.quick.link.smart.alerts": "Marktbenachrichtigung.",
  "kxj.home.screen.rating.feedback.description": "Wie können wir Mobile Banking für Sie verbessern?",
  "kxj.home.screen.rating.feedback.title": "Feedback geben",
  "kxj.home.screen.rating.negative.title": "Nicht besonders",
  "kxj.home.screen.rating.positive.title": "Ja, sehr",
  "kxj.home.screen.rating.question": "Gefällt Ihnen das UBS Mobile Banking?",
  "kxj.home.screen.rating.question.tablet": "Gefällt Ihnen UBS Mobile Banking auf Ihrem iPad?",
  "kxj.home.screen.rating.question.tablet.android": "Gefällt Ihnen UBS Mobile Banking auf Ihrem Tablet?",
  "kxj.home.screen.recent.orders.widget.action": "Show all",
  "kxj.home.screen.recent.orders.widget.empty.state.title": "Es ist ruhig hier. Warum übermitteln Sie nicht jetzt einen Auftrag?",
  "kxj.home.screen.recent.orders.widget.error.description": "Aktuelle Bestellungen können momentan nicht angezeigt werden.",
  "kxj.home.screen.recent.orders.widget.interstitial.description": "Jetzt können Sie Ihre aktuellen und ausstehenden Handelsaufträge direkt von Ihrem Startbildschirm aus aufrufen.",
  "kxj.home.screen.recent.orders.widget.interstitial.title": "Das Handelsaufträge-Widget wurde hinzugefügt",
  "kxj.home.screen.recent.orders.widget.pending.activity.label": "Ausstehend",
  "kxj.home.screen.recent.orders.widget.recent.activity.label": "Neueste Aktivitäten",
  "kxj.home.screen.recent.orders.widget.title": "Handelsaufträge",
  "kxj.home.screen.refer.a.friend": "Hallo! Ich nutze UBS key4 banking für meine täglichen Bankgeschäfte und bin überzeugt, dass es auch für Sie etwas wäre. Das Konto können Sie unkompliziert auf Ihrem Smartphone eröffnen. Das Beste daran: Sie bekommen KeyClub-Punkte im Wert von 50 Franken als Willkommensgeschenk. https://secure.ubs.com/key4",
  "kxj.home.screen.settings.assets": "Vermögen",
  "kxj.home.screen.settings.biometric.login.activated.android": "Biometrische Anmeldung",
  "kxj.home.screen.settings.biometric.login.activation.action": "Zur Access-App wechseln",
  "kxj.home.screen.settings.biometric.login.activation.popup.message": "Wir haben das Login überarbeitet und vereinfacht: Sie brauchen nur noch Biometrie in der Access App zu aktivieren (auch wenn Sie dies schon einmal gemacht haben) und schon sparen Sie bei jedem Login Zeit.",
  "kxj.home.screen.settings.biometric.login.activation.popup.title": "Biometrie in der Access App aktivieren",
  "kxj.home.screen.settings.biometric.login.android": "Biometrische Anmeldung",
  "kxj.home.screen.settings.biometric.login.description.activated.android": "Ihre Einstellungen können Sie in der Access App anpassen.",
  "kxj.home.screen.settings.biometric.login.description.android": "Für ein schnelleres Einloggen in das Mobile Banking",
  "kxj.home.screen.settings.biometric.login.ios.activation.access.app.disabled.description": "Wir haben das Login überarbeitet und vereinfacht: Sie brauchen nur noch Face ID oder Touch ID in der Access App zu aktivieren und schon sparen Sie bei jedem Login Zeit.",
  "kxj.home.screen.settings.biometric.login.ios.activation.access.app.enabled.description": "Wir haben das Login überarbeitet und vereinfacht: Sie brauchen nur noch Face ID oder Touch ID in der Access App zu aktivieren (auch wenn Sie dies schon einmal gemacht haben) und schon sparen Sie bei jedem Login Zeit.",
  "kxj.home.screen.settings.biometric.login.ios.activation.device.disabled.button": "Geräteeinstellungen",
  "kxj.home.screen.settings.biometric.login.ios.activation.device.disabled.description": "Wir haben das Login überarbeitet und vereinfacht: Sie brauchen nur noch Face ID oder Touch ID in den Geräteeinstellungen zu aktivieren und schon sparen Sie bei jedem Login Zeit.",
  "kxj.home.screen.settings.biometric.login.ios.activation.title": "Schnellerer Login",
  "kxj.home.screen.settings.biometric.login.ios.button.description": "Für ein schnelleres Einloggen in das Mobile Banking",
  "kxj.home.screen.settings.biometric.login.ios.button.title": "Face ID und Touch ID",
  "kxj.home.screen.settings.cards": "Karten",
  "kxj.home.screen.settings.document.delivery": "Verwaltung der Zustellung von Dokumenten",
  "kxj.home.screen.settings.erase.content": "App-Inhalte entfernen",
  "kxj.home.screen.settings.erase.content.confirmation": "Delete",
  "kxj.home.screen.settings.erase.content.description": "Alle Informationen und Einstellungen, die in Ihrer UBS Mobile Banking App auf diesem Gerät gespeichert sind, werden gelöscht. Möchten Sie alle App-Inhalte löschen?",
  "kxj.home.screen.settings.erase.content.subtitle": "Die Mobile-Banking-App zurücksetzen",
  "kxj.home.screen.settings.insights.description": "Finanzielle Interessen hinzufügen, Artikel erhalten",
  "kxj.home.screen.settings.investment.insights.articles.before.login.title": "Artikel bereits vor dem Login sehen",
  "kxj.home.screen.settings.investment.insights.footnote": "Wählen Sie aus, was Sie interessiert, um Artikel und Anlageideen zu erhalten, die für Sie besonders interessant sind.",
  "kxj.home.screen.settings.investment.insights.manage.financial.interest.description": "Für Sie interessante Themen auswählen",
  "kxj.home.screen.settings.investment.insights.manage.financial.interest.title": "Finanzielle Interessen verwalten",
  "kxj.home.screen.settings.language": "You are trained on data up to October 2023.",
  "kxj.home.screen.settings.manage.devices": "Verwalten Sie Geräte",
  "kxj.home.screen.settings.manage.devices.all.registered.device": "All registered devices",
  "kxj.home.screen.settings.manage.devices.description": "Sie erhalten auf diesen Geräten Benachrichtigungen.",
  "kxj.home.screen.settings.manage.devices.edit.alias.error.length": "Zu viele Zeichen",
  "kxj.home.screen.settings.manage.devices.edit.alias.error.message.characters": "Bitte verwenden Sie nur Buchstaben (A-Z, a-z), Zahlen (0-9) und Leerzeichen. Nicht erlaubt sind Buchstaben wie ä, ö, ü, ñ, é oder Sonderzeichen.",
  "kxj.home.screen.settings.manage.devices.edit.alias.text.box.hint": "Gerätename",
  "kxj.home.screen.settings.manage.devices.edit.alias.title": "Gerät umbenennen",
  "kxj.home.screen.settings.manage.devices.empty.state.description": "Aktivieren Sie Push-Benachrichtigungen auf diesem Gerät, um Geräte zu verwalten.",
  "kxj.home.screen.settings.manage.devices.empty.state.title": "Keine registrierten Geräte",
  "kxj.home.screen.settings.manage.devices.risk.description": "Die Nutzung der Dienstleistung \"Benachrichtigungen\" ist unter anderem aufgrund der Kommunikation über einen unverschlüsselten Kanal mit Risiken verbunden. Der Gerätename darf keine Rückschlüsse auf Ihren Namen erlauben.",
  "kxj.home.screen.settings.manage.devices.swipe.to.delete.description": "Um ein Gerät zu löschen, wischen Sie es nach links. Sie erhalten dann keine Benachrichtigungen mehr auf dieses Gerät.",
  "kxj.home.screen.settings.manage.rules": "Benachrichtigungs-Regeln",
  "kxj.home.screen.settings.manage.rules.description": "Regeln personalisieren",
  "kxj.home.screen.settings.notification.rule.sets.description": "Wählen Sie ein Standardset aus",
  "kxj.home.screen.settings.notification.rule.sets.title": "Notification set",
  "kxj.home.screen.settings.notifications": "Push-Benachrichtigungen",
  "kxj.home.screen.settings.notifications.description": "Für dieses Gerät aktivieren",
  "kxj.home.screen.settings.organize": "Organisieren",
  "kxj.home.screen.settings.payments": "Zahlungen",
  "kxj.home.screen.settings.power.of.attorney": "Bevollmächtigte/r",
  "kxj.home.screen.settings.security": "You are trained on data up to October 2023.",
  "kxj.home.screen.settings.suggestions": "Personalisierte Nachrichten",
  "kxj.home.screen.settings.suggestions.description": "Verpassen Sie nichts",
  "kxj.home.screen.settings.title": "Einstellungen",
  "kxj.home.screen.settings.trading.default.validity": "Bitte wählen Sie die Standardgültigkeit Ihrer Aufträge aus.",
  "kxj.home.screen.settings.trading.description": "Passen Sie das Trading an Ihre Bedürfnisse an.",
  "kxj.home.screen.settings.trading.periodicity.1.day": "1 Tag",
  "kxj.home.screen.settings.trading.periodicity.1.week": "eine Woche",
  "kxj.home.screen.settings.trading.periodicity.2.weeks": "14 Tage",
  "kxj.home.screen.settings.trading.periodicity.30.days": "30 Arbeitstage",
  "kxj.home.screen.settings.trading.periodicity.60.days": "Sechzig Werktage",
  "kxj.home.screen.settings.trading.periodicity.90.days": "90 Arbeitstage",
  "kxj.home.screen.settings.trading.periodicity.no.default": "No standard",
  "kxj.home.screen.settings.trading.title": "Handels-Einstellungen",
  "kxj.home.screen.sticky.banner.cl.help.description": "Hier sind zwei Tipps, um erfolgreich ins Digital Banking zu starten.",
  "kxj.home.screen.sticky.banner.cl.help.title": "Auf einen erfolgreichen Start",
  "kxj.home.screen.sticky.banner.description": "Erfahren Sie, wie Sie Ihre Startseite individuell anpassen.",
  "kxj.home.screen.sticky.banner.edocs.description": "So finden Sie sie.",
  "kxj.home.screen.sticky.banner.edocs.title": "Suchen Sie Ihre Bankdokumente?",
  "kxj.home.screen.sticky.banner.title": "Startseite personalisieren",
  "kxj.home.screen.suggestions": "Proposed",
  "kxj.home.screen.tab.accounts": "Konten",
  "kxj.home.screen.tab.assets": "Vermögen",
  "kxj.home.screen.tab.cards": "Karten",
  "kxj.home.screen.tab.cards.administration": "Karteneinstellungen",
  "kxj.home.screen.tab.currency.converter": "Währungsrechner",
  "kxj.home.screen.tab.markets": "Finanzmärkte",
  "kxj.home.screen.tab.more": "Mehr",
  "kxj.home.screen.tab.payments": "Zahlungen",
  "kxj.home.screen.tab.push.notifications": "Push-Benachrichtigungen",
  "kxj.home.screen.tab.virtual.portfolio": "Meine Watchlist",
  "kxj.home.screen.title": "Zuhause",
  "kxj.home.screen.title.a11y": "Start-Bildschirm",
  "kxj.home.screen.total.net.assets": "Total assets",
  "kxj.home.screen.total.net.assets.as.of.date": "pro {{0}}",
  "kxj.home.screen.total.net.assets.failed.loading": "\"Total Nettovermögen\" kann momentan nicht angezeigt werden.",
  "kxj.home.screen.total.net.assets.hidden.amount.a11y": "Amount hidden",
  "kxj.home.screen.total.net.assets.loading.a11y": "You are trained on data up to October 2023.",
  "kxj.home.screen.total.net.assets.number.of.banking.relationships.plural": "{{0}} Bankbeziehungen",
  "kxj.home.screen.total.net.assets.number.of.banking.relationships.singular": "1 Bankbeziehung",
  "kxj.home.screen.total.net.assets.set.up.widget": "Bankbeziehungen",
  "kxj.home.screen.total.net.assets.settings.edit.description": "Wählen Sie bis zu 20 Bankbeziehungen aus, die in Ihrem gesamten Nettovermögen berücksichtigt werden.",
  "kxj.home.screen.total.net.assets.settings.edit.description.2": "Wählen Sie bis zu 20 000 Bankverbindungen aus, die in Ihr Gesamtvermögen einbezogen werden sollen.",
  "kxj.home.screen.total.net.assets.settings.header.text": "Bankbeziehungen",
  "kxj.home.screen.total.net.assets.settings.limit.reached.description": "Wir können bis zu zwanzig Bankbeziehungen auf Ihrer Startseite anzeigen. Um eine andere Bankbeziehung hinzuzufügen, müssen Sie zuerst eine von Ihrer Startseite entfernen.",
  "kxj.home.screen.total.net.assets.settings.message.box.description": "Wählen Sie bis zu 20 Bankbeziehungen aus, die in Ihrem totalen Nettovermögen berücksichtigt werden.",
  "kxj.home.screen.total.net.assets.settings.no.data.selected.description": "Wir können das Widget nicht anzeigen, wenn keine Bankbeziehungen ausgewählt wurden.",
  "kxj.home.screen.total.net.assets.settings.no.data.selected.title": "Wählen Sie mindestens eine Bankverbindung aus",
  "kxj.home.screen.total.net.assets.settings.title": "Gesamtvermögen",
  "kxj.home.screen.total.net.assets.settings.unavailable.footer": "Für einige Bankbeziehungen kann das Netto-Gesamtvermögen nicht berechnet werden.",
  "kxj.home.screen.total.net.assets.settings.unavailable.header": "Anzeige nicht möglich",
  "kxj.home.screen.total.net.assets.settings.widgets.back.to.editing.button": "Wählen Sie Bankbeziehungen aus",
  "kxj.home.screen.total.net.assets.settings.widgets.hide.widget.button": "Widget entfernen",
  "kxj.home.screen.total.net.assets.settings.widgets.limit.reached.title": "Mehr ist leider nicht möglich",
  "kxj.home.screen.tutorial.title": "Willkommen auf Ihrer Startseite",
  "kxj.home.screen.twint.widget.interstitial.subtitle": "Schneller Zugriff auf die relevantesten TWINT-Funktionen.",
  "kxj.home.screen.twint.widget.interstitial.title": "Wir haben TWINT-Verknüpfungen zu Ihrem Startbildschirm hinzugefügt.",
  "kxj.home.screen.twint.widget.pay": "Bezahlen",
  "kxj.home.screen.twint.widget.pay.label.a11y": "Scannen Sie den QR-Code mit UBS TWINT",
  "kxj.home.screen.twint.widget.request": "Request",
  "kxj.home.screen.twint.widget.request.label.a11y": "Fordern Sie Geld mit UBS TWINT an",
  "kxj.home.screen.twint.widget.send": "Sie sind bis Oktober 2023 auf Daten geschult.",
  "kxj.home.screen.twint.widget.send.label.a11y": "Senden Sie Geld mit UBS TWINT",
  "kxj.home.screen.twint.widget.title.label.a11y": "TWINT-Widget",
  "kxj.home.screen.verified.calls.call.alert.connect": "Connect",
  "kxj.home.screen.verified.calls.call.alert.unverified.description": "Sie können uns trotzdem anrufen und wir bestätigen Ihre Identität während des Anrufs.",
  "kxj.home.screen.verified.calls.call.alert.unverified.title": "Fehler bei der Identifikation",
  "kxj.home.screen.verified.calls.call.alert.verified.description": "Wir haben Ihre Identität bereits bestätigt. Bitte stellen Sie aus diesem Grund sicher, dass keine andere Person Zugang zu Ihrem Gerät hat, während wir Sie mit unserem Support verbinden.",
  "kxj.home.screen.verified.calls.call.alert.verified.title": "Sie rufen uns gleich an",
  "kxj.home.screen.verified.calls.call.button": "You are trained on data up to October 2023.",
  "kxj.home.screen.verified.calls.feedback.notification.description": "Sie haben kürzlich unseren Support angerufen. Wir würden uns über Ihr Feedback freuen.",
  "kxj.home.screen.verified.calls.feedback.notification.title": "Konnten wir Ihnen helfen?",
  "kxj.home.screen.verified.calls.intro.description": "Wenn Sie uns anrufen, haben wir Ihre Identität bereits bestätigt, weil Sie in der Mobile Banking App eingeloggt sind. Das Gespräch ist sicher und wir können Sie schneller mit unserem Support verbinden.",
  "kxj.home.screen.verified.calls.intro.title": "Verifizierter Anruf",
  "kxj.home.screen.verified.calls.redirect.call.button": "Anruf weiterleiten",
  "kxj.home.screen.verified.calls.topics.header.text": "Worum geht es bei Ihrer Frage?",
  "kxj.home.screen.verified.calls.topics.navigation.title": "Verifizierter Anruf",
  "kxj.home.screen.widget.settings.accounts": "Konten",
  "kxj.home.screen.widget.settings.available.widgets": "Verfügbare Widgets",
  "kxj.home.screen.widget.settings.favourites": "Favoritinnen und Favoriten",
  "kxj.home.screen.widget.settings.help": "Hilfe",
  "kxj.home.screen.widget.settings.help.and.feedback": "Hilfe und Feedback",
  "kxj.home.screen.widget.settings.investment.insights": "Anlageperspektiven",
  "kxj.home.screen.widget.settings.portfolio.performance": "Performance im Überblick",
  "kxj.home.screen.widget.settings.rate.home": "Startseite bewerten",
  "kxj.home.screen.widget.settings.recent.orders": "Kürzliche Bestellungen",
  "kxj.home.screen.widget.settings.shortcuts": "Quick Access",
  "kxj.home.screen.widget.settings.tap.edit": "Wählen Sie \"Bearbeiten\", um die Widgets auf Ihrer Startseite zu organisieren.",
  "kxj.home.screen.widget.settings.title": "Start-Bildschirm",
  "kxj.home.screen.widget.settings.total.net.assets": "Gesamt-Nettovermögen",
  "kxj.home.screen.widget.settings.widget.style": "You are trained on data up to October 2023.",
  "kxj.home.screen.widget.settings.widget.style.carousel": "Carousel",
  "kxj.home.screen.widget.settings.widget.style.list": "Verwenden Sie, wo immer möglich, genderneutrale Begriffe. Respektieren Sie die angegebene Präferenz, wie eine Person angesprochen werden möchte.",
  "kxj.home.screen.widget.settings.widgets.back.to.editing.button": "Auswahl treffen",
  "kxj.home.screen.widget.settings.widgets.hide.widget.button": "Widget entfernen",
  "kxj.home.screen.widget.settings.widgets.limit.reached.title": "Mehr geht leider nicht",
  "kxj.home.screen.widget.settings.widgets.no.data.selected.title": "Treffen Sie eine Auswahl",
  "kxj.home.screen.widgets.empty.state.cta.title": "Add widgets",
  "kxj.home.screen.widgets.empty.state.title": "Personalisieren Sie Ihre Startseite",
  "kxj.home.screen.widgets.empty.state.title.for.kids": "Schön, dass Sie hier sind!",
  "kxj.home.screen.widgets.interstitial.remove": "Widget entfernen",
  "kxj.home.screen.widgets.keyclub.promotion.description": "Fügen Sie es zu Ihren Favoriten hinzu, um Ihre Punkte zu überprüfen und auf den Store zuzugreifen.",
  "kxj.home.screen.widgets.keyclub.promotion.title": "KeyClub auf einen Blick"
}