{
  "kxj.home.screen.accounts.widget.error.description": "Non è attualmente possibile visualizzare i conti.",
  "kxj.home.screen.accounts.widget.title": "Conti",
  "kxj.home.screen.activate.push.notifications.interactive.tour.description": "Rimani al passo con le sue finanze - sempre e ovunque.",
  "kxj.home.screen.activate.push.notifications.interactive.tour.title": "Attivi le notifiche push",
  "kxj.home.screen.bring.a.friend": "Ciao, conosce già l’offerta UBS per PMI? Prodotti e servizi pratici che hanno reso molto più semplici le nostre operazioni quotidiane. Per esempio, può facilmente aprire online il conto commerciale e approfittare di condizioni vantaggiose. Scopra di più qui: https://www.ubs.com/ch/it/corporates/key4/banking-package.html",
  "kxj.home.screen.bring.friend.accept.and.continue": "Va bene",
  "kxj.home.screen.bring.friend.information.sharing.data.disclaimer": "Sta per condividere informazioni al di fuori dell'app Mobile Banking. La sua relazione bancaria con UBS potrebbe pertanto essere resa nota a terzi all'estero (ad es. fornitori di app).",
  "kxj.home.screen.bring.friend.information.sharing.data.title": "Per informazione",
  "kxj.home.screen.callmeback.addnumber.phone.number": "Numero di telefono",
  "kxj.home.screen.callmeback.addphonenumber.info": "Iniziare con il prefisso del paese (ad es. «+41»)",
  "kxj.home.screen.callmeback.addphonenumber.title": "Altro numero",
  "kxj.home.screen.callmeback.arrange.a.callmeback.button.othernumber": "Altro numero (una tantum)",
  "kxj.home.screen.callmeback.arrange.a.callmeback.header": "A che numero possiamo contattarla?",
  "kxj.home.screen.callmeback.arrange.a.callmeback.info.message": "Se si trova all'estero e la chiamiamo sul suo numero di cellulare, è possibile che il suo operatore le fatturi costi supplementari.",
  "kxj.home.screen.callmeback.button.arrange.callback": "Fissare una richiamata",
  "kxj.home.screen.callmeback.call.back.abroad": "Inserendo un altro numero di telefono «Altro numero (una tantum)», lei richiede a UBS di contattarla in via eccezionale su questo numero. Il numero da lei inserito sarà utilizzato unicamente a tale scopo.",
  "kxj.home.screen.callmeback.date.select.title": "Buongiorno",
  "kxj.home.screen.callmeback.error.message.technical.reasons.description": "Non è attualmente possibile fissare una richiamata in Mobile Banking. Si prega di riprovare più tardi.",
  "kxj.home.screen.callmeback.error.message.technical.reasons.title": "Qualcosa è andato storto",
  "kxj.home.screen.callmeback.failure.message.undefined": "Qualcosa è andato storto. Si prega di riprovare più tardi.",
  "kxj.home.screen.callmeback.success.message.asap": "La chiameremo il prima possibile.",
  "kxj.home.screen.callmeback.success.message.callyouon": "La chiameremo il giorno",
  "kxj.home.screen.callmeback.success.message.title": "Callback arranged",
  "kxj.home.screen.callmeback.success.message.today": "La chiameremo oggi",
  "kxj.home.screen.callmeback.time.select.title": "Orario",
  "kxj.home.screen.callmeback.title": "Fissare una richiamata",
  "kxj.home.screen.callmeback.when.to.call": "Quando preferisce che la chiamiamo?",
  "kxj.home.screen.callmeback.when.to.call.asap": "Il prima possibile",
  "kxj.home.screen.cards.widget.error.description": "Non è attualmente possibile visualizzare le carte.",
  "kxj.home.screen.cards.widget.title": "Carte",
  "kxj.home.screen.cl.help.interactive.tour.description": "Qui troverà articoli utili su ogni tema, oltre a istruzioni dettagliate passo dopo passo.",
  "kxj.home.screen.cl.help.interactive.tour.description.cs": "Qui troverà articoli utili su ogni argomento, istruzioni passo-passo e risposte alle sue domande sul suo percorso verso UBS.",
  "kxj.home.screen.cl.help.interactive.tour.step.2.description": "Abbiamo raccolto tutti gli argomenti che sono più rilevanti per Lei in questo momento.",
  "kxj.home.screen.cl.help.interactive.tour.step.2.title": "La nostra lista di controllo per «lei»",
  "kxj.home.screen.cl.help.interactive.tour.title": "Disponibile 24/7",
  "kxj.home.screen.contact.centre.message.client.advisor": "Messaggio al consulente",
  "kxj.home.screen.contact.centre.support.call.client.advisor": "Chiami il consulente alla clientela",
  "kxj.home.screen.contact.centre.support.callback": "Richiamata dal «supporto»",
  "kxj.home.screen.contact.centre.support.phone.number": "Target or source language not supported. Please try again with a different source or target language or text. The allowed languages are: german (de), english (en), italian (it), and french (fr).",
  "kxj.home.screen.contact.centre.support.phone.number.rates": "Tariffe standard",
  "kxj.home.screen.contact.centre.support.section.header": "Chiami il supporto",
  "kxj.home.screen.contact.centre.support.section.note": "Si prega di notare che è possibile utilizzare il numero gratuito solo dalla Svizzera.",
  "kxj.home.screen.contact.centre.support.toll.free.phone.number": "Target or source language not supported. Please try again with a different source or target language or text. The allowed languages are: german (de), english (en), italian (it), and french (fr).",
  "kxj.home.screen.contact.centre.support.toll.free.phone.number.rates": "Numero gratuito, disponibile solo in Svizzera",
  "kxj.home.screen.contact.data.add.mailing.address.navigation.title": "Nuovo indirizzo di spedizione",
  "kxj.home.screen.contact.data.addresses.add.new.address.action.title": "Aggiungere un indirizzo di spedizione",
  "kxj.home.screen.contact.data.addresses.domicile.address": "Indirizzo di domicilio",
  "kxj.home.screen.contact.data.addresses.mailing.address": "Indirizzo di spedizione",
  "kxj.home.screen.contact.data.addresses.navigation.title": "Indirizzi",
  "kxj.home.screen.contact.data.addresses.post.office.box": "Casella postale «{{0}}»",
  "kxj.home.screen.contact.data.banking.relation.selector.navigation.title": "Cambiare la relazione bancaria",
  "kxj.home.screen.contact.data.banking.relation.selector.section.header": "Relazione bancaria selezionata",
  "kxj.home.screen.contact.data.delete.mailing.address.confirmation.title": "Desidera veramente eliminare questo indirizzo di spedizione?",
  "kxj.home.screen.contact.data.disabled.edit.functionality.description": "Si prega di scaricare l'app UBS Access per modificare o eliminare i dati di contatto.",
  "kxj.home.screen.contact.data.edit.address.city": "Località",
  "kxj.home.screen.contact.data.edit.address.country": "Paese",
  "kxj.home.screen.contact.data.edit.address.first.name": "Nome",
  "kxj.home.screen.contact.data.edit.address.house.number": "Numero",
  "kxj.home.screen.contact.data.edit.address.last.name": "Cognome",
  "kxj.home.screen.contact.data.edit.address.post.office.box": "Casella postale",
  "kxj.home.screen.contact.data.edit.address.postcode": "Numero di avviamento postale",
  "kxj.home.screen.contact.data.edit.address.primary.button.title": "Salvare modifiche",
  "kxj.home.screen.contact.data.edit.address.street.name": "Strada",
  "kxj.home.screen.contact.data.edit.domicile.address.navigation.title": "Modificare l'indirizzo di domicilio",
  "kxj.home.screen.contact.data.edit.mailing.address.navigation.title": "Modificare l'indirizzo di spedizione",
  "kxj.home.screen.contact.data.emails.add.new.email.action.title": "Aggiungere indirizzo e-mail",
  "kxj.home.screen.contact.data.emails.add.new.email.button": "Aggiungere indirizzo e-mail",
  "kxj.home.screen.contact.data.emails.add.new.email.confirmation.title": "L'indirizzo e-mail è stato aggiunto",
  "kxj.home.screen.contact.data.emails.add.new.email.navigation.title": "Nuovo indirizzo e-mail",
  "kxj.home.screen.contact.data.emails.delete.overlay.title": "Desidera veramente eliminare questo indirizzo e-mail?",
  "kxj.home.screen.contact.data.emails.delete.success.title": "L'indirizzo e-mail è stato eliminato",
  "kxj.home.screen.contact.data.emails.email": "Email",
  "kxj.home.screen.contact.data.emails.email.type.option.business": "Affari",
  "kxj.home.screen.contact.data.emails.email.type.option.home": "Privato",
  "kxj.home.screen.contact.data.emails.email.type.section.header": "Tipo di indirizzo e-mail",
  "kxj.home.screen.contact.data.emails.empty.state.title": "Nessun indirizzo e-mail registrato",
  "kxj.home.screen.contact.data.emails.exchange.information.info.message": "Utilizzeremo questo indirizzo e-mail per inviarle messaggi elettronici come raccomandazioni di sicurezza, notifiche di eventi, consigli, conferme di richieste di appuntamento, pubblicazioni così come informazioni generali e personalizzate su prodotti e servizi.",
  "kxj.home.screen.contact.data.emails.invalid.email.error": "L'indirizzo e-mail non è valido",
  "kxj.home.screen.contact.data.emails.main.email.tag": "Contatto principale",
  "kxj.home.screen.contact.data.emails.navigation.title": "Indirizzi e-mail",
  "kxj.home.screen.contact.data.emails.overview.exchange.information": "Scambio di informazioni",
  "kxj.home.screen.contact.data.emails.overview.receive.notifications": "Ricevere notifiche",
  "kxj.home.screen.contact.data.emails.overview.restriction": "Impossibile modificare alcuni indirizzi e-mail.",
  "kxj.home.screen.contact.data.emails.toggle.main.email": "Contatto principale",
  "kxj.home.screen.contact.data.emails.toggle.with.offers.and.information": "Con offerte e informazioni su prodotti e servizi di UBS",
  "kxj.home.screen.contact.data.emails.update.email.navigation.title": "Reinserire l'indirizzo e-mail",
  "kxj.home.screen.contact.data.emails.update.success.title": "L'indirizzo e-mail è stato aggiornato",
  "kxj.home.screen.contact.data.emails.verification.code.input.header": "Le abbiamo appena inviato il codice di conferma via e-mail.",
  "kxj.home.screen.contact.data.emails.verification.code.sent": "Codice di conferma inviato",
  "kxj.home.screen.contact.data.emails.verification.navigation.title": "Confermi l'indirizzo e-mail",
  "kxj.home.screen.contact.data.multiple.banking.relations.tag.title": "Altre «{{0}}»",
  "kxj.home.screen.contact.data.onboarding.tutorial.description": "Può aggiungere o aggiornare dati di contatto per tutte le sue relazioni bancarie.",
  "kxj.home.screen.contact.data.onboarding.tutorial.title": "Per tutte le relazioni bancarie",
  "kxj.home.screen.contact.data.option.addresses": "Indirizzi",
  "kxj.home.screen.contact.data.option.email.addresses": "Indirizzi e-mail",
  "kxj.home.screen.contact.data.option.phone.numbers": "Numeri di telefono",
  "kxj.home.screen.contact.data.option.section.header": "Dati di contatto",
  "kxj.home.screen.contact.data.options.navigation.title": "Dati personali",
  "kxj.home.screen.contact.data.phone.activate.for.security.messages.toggle.label": "Ricevere i messaggi di sicurezza su questo numero",
  "kxj.home.screen.contact.data.phone.add.number.label": "Aggiunga un numero di telefono",
  "kxj.home.screen.contact.data.phone.add.success.title": "Il numero di telefono è stato aggiunto",
  "kxj.home.screen.contact.data.phone.availability.days.all.week": "Tutti i giorni",
  "kxj.home.screen.contact.data.phone.availability.days.unknown": "Nessuna indicazione",
  "kxj.home.screen.contact.data.phone.availability.days.weekdays": "Giorni feriali",
  "kxj.home.screen.contact.data.phone.availability.days.weekends": "Durante il fine settimana",
  "kxj.home.screen.contact.data.phone.availability.hours.from": "Lei è addestrato sui dati fino a ottobre 2023.",
  "kxj.home.screen.contact.data.phone.availability.hours.to": "Al",
  "kxj.home.screen.contact.data.phone.availability.section.header": "Disponibilità",
  "kxj.home.screen.contact.data.phone.availability.selector.navigation.title": "Giorni",
  "kxj.home.screen.contact.data.phone.business.usage": "Attività economica",
  "kxj.home.screen.contact.data.phone.country.code": "Codice del Paese",
  "kxj.home.screen.contact.data.phone.country.code.selector.navigation.title": "Selezioni Paese",
  "kxj.home.screen.contact.data.phone.delete.confirmation.title": "Desidera veramente eliminare questo numero di telefono?",
  "kxj.home.screen.contact.data.phone.delete.success.title": "Il numero di telefono è stato eliminato.",
  "kxj.home.screen.contact.data.phone.home.usage": "Privato",
  "kxj.home.screen.contact.data.phone.landline.type": "Telefono fisso",
  "kxj.home.screen.contact.data.phone.number.label": "Numero di cellulare",
  "kxj.home.screen.contact.data.phone.overview.availability.hours.from": "da «0»",
  "kxj.home.screen.contact.data.phone.overview.availability.hours.to": "al «0»",
  "kxj.home.screen.contact.data.phone.overview.empty.subtitle": "Effettui il login con l'app UBS Access per aggiungere un numero di telefono.",
  "kxj.home.screen.contact.data.phone.overview.empty.title": "Nessun numero di telefono registrato",
  "kxj.home.screen.contact.data.phone.overview.main.phone.cell.tag": "Contatto principale",
  "kxj.home.screen.contact.data.phone.overview.navigation.title": "Numero di telefono",
  "kxj.home.screen.contact.data.phone.overview.restriction": "Impossibile modificare uno o più numeri di telefono. In caso di domande ci contatti tramite la UBS Mailbox.",
  "kxj.home.screen.contact.data.phone.overview.security.messages.cell.tag": "Messaggi di sicurezza",
  "kxj.home.screen.contact.data.phone.set.main.contact.toggle.label": "Utilizzi come contatto principale",
  "kxj.home.screen.contact.data.phone.type.section.header": "Tipo di numero",
  "kxj.home.screen.contact.data.phone.update.navigation.title": "Modificare il numero di telefono",
  "kxj.home.screen.contact.data.phone.update.primary.button.title": "Salvare le modifiche",
  "kxj.home.screen.contact.data.phone.update.rejected.title": "Ha rifiutato la modifica nell’app UBS Access.",
  "kxj.home.screen.contact.data.phone.update.success.title": "Il numero di telefono è stato aggiornato",
  "kxj.home.screen.contact.data.phone.usage.section.header": "Utilizzo",
  "kxj.home.screen.contact.data.phone.verification.code.input.header": "Abbiamo inviato il codice al «suo» numero.",
  "kxj.home.screen.contact.data.phone.verification.code.sent": "Codice SMS inviato",
  "kxj.home.screen.contact.data.phone.verification.navigation.title": "Verifichi il numero di telefono",
  "kxj.home.screen.contact.data.rejected.add.new.mailing.address.title": "Ha rifiutato l'aggiunta di un nuovo indirizzo di spedizione nell'app UBS Access.",
  "kxj.home.screen.contact.data.rejected.domicile.address.update.title": "Ha rifiutato la modifica del suo indirizzo di domicilio nell'app UBS Access.",
  "kxj.home.screen.contact.data.rejected.mailing.address.update.title": "Ha rifiutato la modifica del suo indirizzo di spedizione nell'app UBS Access.",
  "kxj.home.screen.contact.data.successful.add.new.mailing.address.title": "Indirizzo di spedizione aggiunto",
  "kxj.home.screen.contact.data.successful.domicile.address.update.title": "Indirizzo di domicilio aggiornato",
  "kxj.home.screen.contact.data.successful.mailing.address.deletion.title": "Indirizzo di spedizione eliminato",
  "kxj.home.screen.contact.data.successful.mailing.address.update.title": "Indirizzo di spedizione aggiornato",
  "kxj.home.screen.contact.data.verification.code.input.footer": "Codice non ancora ricevuto?",
  "kxj.home.screen.contact.data.verification.code.input.footer.request.again": "Richiedere di nuovo",
  "kxj.home.screen.contact.data.verification.header": "Immetta il codice di conferma",
  "kxj.home.screen.context.dialog.edit.home": "Modificare «Home»",
  "kxj.home.screen.context.dialog.edit.widget": "Modificare widget",
  "kxj.home.screen.context.dialog.remove.widget": "Rimuova widget",
  "kxj.home.screen.document.delivery.type.settings.edit.conformation.description": "Possono volerci due o tre giorni per implementare questa modifica; nel frattempo, i documenti le saranno recapitati secondo le sue istruzioni precedenti.",
  "kxj.home.screen.document.delivery.type.settings.edit.conformation.title": "L'invio è stato modificato in «{{0}}»",
  "kxj.home.screen.document.delivery.type.settings.edit.digital.footer.text": "Risparmi denaro e fa bene all'ambiente.",
  "kxj.home.screen.document.delivery.type.settings.edit.error.description": "Si prega di riprovare.",
  "kxj.home.screen.document.delivery.type.settings.edit.error.title": "Non è stato possibile modificare l'invio",
  "kxj.home.screen.document.delivery.type.settings.edit.mail.footer.link": "Visualizzi servizi e prezzi",
  "kxj.home.screen.document.delivery.type.settings.edit.mail.footer.text": "Le fatture e gli estratti inviati per posta sono a pagamento. Trova i prezzi attuali nel documento «Servizi e prezzi».",
  "kxj.home.screen.document.delivery.type.settings.edit.mailing.address": "Indirizzo per la consegna",
  "kxj.home.screen.document.delivery.type.settings.edit.navigation.title": "Tipo di consegna",
  "kxj.home.screen.document.delivery.type.settings.edit.update.mailing.address.footer.text": "Desidera ricevere i suoi documenti bancari a un altro indirizzo? Aggiunga un indirizzo di spedizione nel suo profilo.",
  "kxj.home.screen.document.delivery.type.settings.overview.banking.relationships.delivery": "Consegna",
  "kxj.home.screen.document.delivery.type.settings.overview.different.channel.warning.description": "Non è possibile modificare in «Digital Banking» le impostazioni per questo indirizzo.",
  "kxj.home.screen.document.delivery.type.settings.overview.different.channel.warning.title": "La preghiamo di contattarci",
  "kxj.home.screen.document.delivery.type.settings.overview.navigation.title": "Tipo di consegna",
  "kxj.home.screen.document.delivery.type.settings.overview.not.editable.footer.text": "Non dispone dell'autorizzazione per modificare la modalità di invio per questo indirizzo.",
  "kxj.home.screen.document.delivery.type.settings.overview.reconfirm.address.banner.description": "Desidera accedere con l'attuale contratto Digital Banking ai documenti elettronici destinati ai seguenti indirizzi?",
  "kxj.home.screen.document.delivery.type.settings.overview.reconfirm.address.banner.title": "Accesso ai documenti digitali",
  "kxj.home.screen.document.delivery.type.settings.overview.table.footer.link": "Riepilogo dei documenti allestiti in forma elettronica",
  "kxj.home.screen.document.delivery.type.settings.overview.table.footer.text": "La modalità di recapito prescelta vale per tutta la corrispondenza che, secondo un'istruzione esistente o futura, è recapitata a questo indirizzo. Ciò si applica sia per le sue relazioni bancarie sia per quelle di terzi.",
  "kxj.home.screen.document.delivery.type.settings.reconfirm.addresses.explanation.description": "I documenti destinati al seguente indirizzo (o ai seguenti indirizzi) sono già disponibili elettronicamente sotto un altro numero di contratto Digital Banking. Per avere accesso a tali documenti anche con questo contratto si prega di confermarlo di seguito.",
  "kxj.home.screen.document.delivery.type.settings.reconfirm.addresses.explanation.title": "Accesso ai documenti digitali",
  "kxj.home.screen.document.delivery.type.settings.reconfirm.addresses.secondary.button.title": "Rifiutare",
  "kxj.home.screen.ebanking.button.title": "Aprire E-Banking",
  "kxj.home.screen.ebanking.description.multiple.actions": "Sono presenti {{0}} Corporate Actions con possibilità di scelta. Per ulteriori dettagli effettui il login in E-Banking.",
  "kxj.home.screen.ebanking.description.no.actions": "Please log in to your E-Banking. An important message is ready for processing.",
  "kxj.home.screen.ebanking.description.single.action": "È presente 1 corporate action con possibilità di scelta. Per ulteriori dettagli effettui il login in E-Banking.",
  "kxj.home.screen.ebanking.title": "Necessaria azione in E-Banking",
  "kxj.home.screen.ebanking.unread.documents": "Documento non letto in E-Banking",
  "kxj.home.screen.ebanking.view.document": "Si prega di effettuare il login in E-Banking per visualizzare il documento.",
  "kxj.home.screen.edit": "Lei è addestrata sui dati fino a ottobre 2023.",
  "kxj.home.screen.edit.favourites": "Aggiunga adesso",
  "kxj.home.screen.edit.favourites.capitalized": "Aggiunga adesso",
  "kxj.home.screen.edit.favourites.keyclub.header.label": "Programma «bonus»",
  "kxj.home.screen.edit.favourites.portfolio.disclaimer.description": "I mutui e i contributi al pilastro 3a non sono riflessi nel patrimonio netto del portafoglio. Selezioni «Pilastro 3a» come preferito per vedere i suoi contributi a un piano pensionistico del Pilastro 3a sulla schermata principale.",
  "kxj.home.screen.edit.favourites.portfolio.disclaimer.title": "Importi visualizzati",
  "kxj.home.screen.edit.favourites.portfolio.more.info.link": "Maggiori informazioni",
  "kxj.home.screen.edit.favourites.portfolio.more.info.text": "circa gli importi visualizzati dei portafogli.",
  "kxj.home.screen.edit.home": "Modificare «Home»",
  "kxj.home.screen.edit.home.overlay.screen.quicklinks.interactive.tour.description": "Selezioni a sinistra il simbolo «più» per aggiungere dei widget o il simbolo «meno» per rimuoverli. Può modificare i widget col simbolo della matita a destra o riordinarli trascinandoli dove preferisce.",
  "kxj.home.screen.edit.home.overlay.screen.quicklinks.interactive.tour.title": "Aggiungere, rimuovere, modificare o riordinare",
  "kxj.home.screen.edit.home.overlay.screen.save.interactive.tour.description": "Se utilizza l'app anche su un altro dispositivo, le sue modifiche varranno automaticamente anche per quello.",
  "kxj.home.screen.edit.home.overlay.screen.save.interactive.tour.title": "Non dimentichi di salvare le sue modifiche",
  "kxj.home.screen.edit.home.screen.interactive.tour.description": "Scenda in fondo oppure tenga premuto un widget.",
  "kxj.home.screen.edit.home.screen.interactive.tour.title": "Selezioni «Modificare Home»",
  "kxj.home.screen.edit.quick.link.account.transfer": "Trasferimento di conto",
  "kxj.home.screen.edit.quick.link.assets.overview": "Panoramica del patrimonio",
  "kxj.home.screen.edit.quick.link.contact.advisor": "Contatti il consulente",
  "kxj.home.screen.edit.quick.link.custody.accounts": "Conti di custodia",
  "kxj.home.screen.edit.quick.link.custody.accounts.native": "Investimenti",
  "kxj.home.screen.edit.quick.link.description": "Selezioni i collegamenti rapidi per la sua pagina iniziale e li riordini come preferisce.",
  "kxj.home.screen.edit.quick.link.error.more.quick.links.needed.description": "Shortcuts make it easy to get to your most-used features.",
  "kxj.home.screen.edit.quick.link.error.more.quick.links.needed.title": "Selezioni un collegamento rapido per procedere",
  "kxj.home.screen.edit.quick.link.error.no.selected.items": "Si prega di selezionare almeno un elemento da visualizzare nel widget.",
  "kxj.home.screen.edit.quick.link.error.quick.links.limit.description": "Per aggiungere un nuovo collegamento rapido dovrà separarsi da uno di quelli attuali.",
  "kxj.home.screen.edit.quick.link.error.quick.links.limit.title": "Non è possibile selezionare più di 9 collegamenti rapidi",
  "kxj.home.screen.edit.quick.link.investment.insights": "Prospettive di investimento",
  "kxj.home.screen.edit.quick.link.market.notification": "Notifiche di mercato",
  "kxj.home.screen.edit.quick.link.suggested.shortcuts": "Collegamenti rapidi consigliati",
  "kxj.home.screen.edit.quick.link.tag.new": "Novità",
  "kxj.home.screen.edit.quick.link.title": "Collegamenti rapidi",
  "kxj.home.screen.edocs.interactive.tour.description": "Qui trova documenti bancari, convenzioni e impostazioni per l'app.",
  "kxj.home.screen.edocs.interactive.tour.documents.description": "Qui troverà i suoi documenti bancari digitali «UBS».",
  "kxj.home.screen.edocs.interactive.tour.documents.description.cs": "Qui trova i suoi estratti delle posizioni trasferiti e, in futuro, i suoi documenti bancari UBS.",
  "kxj.home.screen.edocs.interactive.tour.documents.title": "Selezioni «Documenti bancari»",
  "kxj.home.screen.edocs.interactive.tour.documents.title.cs": "Selezioni «Documenti bancari»",
  "kxj.home.screen.edocs.interactive.tour.folders.description": "I suoi documenti sono suddivisi per categoria - trova ad esempio estratti conto e attestati sotto «Reporting conto».",
  "kxj.home.screen.edocs.interactive.tour.folders.description.cs": "Documenti elettronici degli ultimi 3 anni e, per ogni conto, un estratto di posizione con una panoramica delle transazioni degli ultimi 2 anni.",
  "kxj.home.screen.edocs.interactive.tour.folders.title": "Queste sono le sue cartelle di documenti",
  "kxj.home.screen.edocs.interactive.tour.folders.title.cs": "I suoi documenti trasferiti",
  "kxj.home.screen.edocs.interactive.tour.title": "Apra il «suo» profilo",
  "kxj.home.screen.favourite.card.not.found": "Non abbiamo trovato «{{0}}». Si prega di riaggiungere la carta ai suoi preferiti.",
  "kxj.home.screen.favourite.keyclub.extended.info": "{{0}} punti in scadenza il: {{1}}",
  "kxj.home.screen.favourite.no.alias.for.account": "Non abbiamo trovato il conto «{{0}}». Si prega di riaggiungerlo ai suoi preferiti.",
  "kxj.home.screen.favourite.no.alias.for.portfolio": "Non abbiamo trovato il portafoglio «{{0}}». Si prega di riaggiungerlo ai suoi preferiti.",
  "kxj.home.screen.favourites": "Preferiti",
  "kxj.home.screen.favourites.accounts": "Conti",
  "kxj.home.screen.favourites.card.account": "Carta «UBS»",
  "kxj.home.screen.favourites.cards": "Carte",
  "kxj.home.screen.favourites.edit.alias.credit.card.error.message.already.used": "Ha già utilizzato questa sigla.",
  "kxj.home.screen.favourites.edit.alias.credit.card.error.message.characters": "Si prega di utilizzare unicamente lettere (A-Z, a-z) e numeri (0-9). I caratteri come è, ä, ç, ñ, ó così come spazi e caratteri speciali non sono consentiti.",
  "kxj.home.screen.favourites.edit.alias.credit.card.error.message.cid": "Impossibile salvare la sigla. È possibile che abbia utilizzato nomi di clienti o numeri di conto, deposito titoli o portafoglio.",
  "kxj.home.screen.favourites.edit.alias.credit.card.error.message.length": "Troppi caratteri",
  "kxj.home.screen.favourites.edit.alias.credit.card.error.message.term.ubs": "Si prega di non utilizzare il termine «UBS».",
  "kxj.home.screen.favourites.edit.alias.error.message.already.used": "Ha già utilizzato questa sigla.",
  "kxj.home.screen.favourites.edit.alias.error.message.characters": "Si prega di utilizzare unicamente lettere (A-Z, a-z), numeri (0-9) e spazi. I caratteri come à, ö, ü, ñ, é e i caratteri speciali non sono consentiti.",
  "kxj.home.screen.favourites.edit.alias.error.message.cid": "Impossibile salvare la sigla. È possibile che abbia utilizzato nomi di clienti o numeri di conto, deposito titoli o portafoglio.",
  "kxj.home.screen.favourites.edit.alias.error.message.length": "Troppi caratteri",
  "kxj.home.screen.favourites.edit.alias.error.message.term.ubs": "Si prega di non utilizzare il termine «UBS».",
  "kxj.home.screen.favourites.edit.alias.title": "Modificare la sigla",
  "kxj.home.screen.favourites.edit.alias.update.error.message": "Non è attualmente possibile modificare il suo alias. Si prega di riprovare più tardi.",
  "kxj.home.screen.favourites.edit.alias.update.error.title": "Qualcosa è andato storto",
  "kxj.home.screen.favourites.edit.description": "Può selezionare fino a 20 preferiti (di cui max. 5 portafogli) da visualizzare nella pagina iniziale. Ha anche la possibilità di disporli nell'ordine che preferisce.",
  "kxj.home.screen.favourites.empty.description": "Personalizzi la sua pagina iniziale con conti, carte e portafogli.",
  "kxj.home.screen.favourites.error": "Non è attualmente possibile visualizzare questo preferito.",
  "kxj.home.screen.favourites.limit.error.message": "Può visualizzare fino a 20 preferiti sulla sua pagina iniziale. Per aggiungerne uno nuovo dovrà separarsi da uno dei suoi preferiti attuali.",
  "kxj.home.screen.favourites.limit.error.title": "Non c'è più spazio",
  "kxj.home.screen.favourites.limit.portfolio.error.message": "Può visualizzare fino a 5 portafogli sulla sua pagina iniziale. Per aggiungerne uno nuovo deve dapprima rimuoverne un altro.",
  "kxj.home.screen.favourites.no.information.message": "Informazione non disponibile",
  "kxj.home.screen.favourites.no.transactions": "Ancora nessuna transazione",
  "kxj.home.screen.favourites.pension": "Pensione",
  "kxj.home.screen.favourites.pillar.3a": "Pillar 3a",
  "kxj.home.screen.favourites.salary.account": "Conto UBS",
  "kxj.home.screen.favourites.settings.no.data.selected.description": "Si prega di selezionare almeno un elemento da visualizzare nel widget.",
  "kxj.home.screen.favourites.widget.style.carousel.description": "Fino a 20 preferiti - conti, carte o prodotti di previdenza - visualizzati orizzontalmente in sequenza. Può passare da un elemento all'altro scorrendo col dito.",
  "kxj.home.screen.favourites.widget.style.list.description": "Fino a 20 preferiti - conti, carte o prodotti di previdenza - visualizzati in una lista verticale.",
  "kxj.home.screen.feedback.title": "Valuti la pagina iniziale",
  "kxj.home.screen.friend.referral.have.you.been.referred.button": "Ricompensa il suo amico",
  "kxj.home.screen.friend.referral.have.you.been.referred.description": "Ci faccia sapere chi l'ha segnalata. Il suo amico riceverà 50 punti KeyClub come ricompensa! L'unica cosa di cui ha bisogno è il loro numero di cellulare.",
  "kxj.home.screen.friend.referral.have.you.been.referred.header": "Lei è stata indirizzata a noi?",
  "kxj.home.screen.friend.referral.have.you.been.referred.title": "Make sure your friend receives their reward - it takes just a few seconds!",
  "kxj.home.screen.friend.referral.refer.a.friend.app.feedback.subtitle": "Segnali un amico e riceva una ricompensa",
  "kxj.home.screen.friend.referral.refer.a.friend.app.feedback.title": "Guadagni 50 punti KeyClub",
  "kxj.home.screen.friend.referral.refer.a.friend.button.title": "Fare riferimento ora.",
  "kxj.home.screen.friend.referral.refer.a.friend.conditions.of.participation": "Condizioni di partecipazione",
  "kxj.home.screen.friend.referral.refer.a.friend.conditions.of.participation.toggle": "Accetto le «Condizioni di partecipazione».",
  "kxj.home.screen.friend.referral.refer.a.friend.footer": "Offerta valida solo per le persone domiciliate in Svizzera che aprono un nuovo conto UBS key4 banking. Trova informazioni su altre opportunità di raccomandazione UBS qui.",
  "kxj.home.screen.friend.referral.refer.a.friend.footer.hyperlink": "Lei è addestrato sui dati fino a ottobre 2023.",
  "kxj.home.screen.friend.referral.refer.a.friend.header": "Consigli «un amico»",
  "kxj.home.screen.friend.referral.refer.a.friend.step1": "Informi i suoi amici toccando «Refer now».",
  "kxj.home.screen.friend.referral.refer.a.friend.step2": "I suoi amici aprono UBS key4 banking.",
  "kxj.home.screen.friend.referral.refer.a.friend.step3": "Effettuano il login a Mobile Banking e vanno su «Profilo > Segnalazione di un amico > Sei stato segnalato?».",
  "kxj.home.screen.friend.referral.refer.a.friend.step4": "I suoi amici inseriscono il suo numero di cellulare.",
  "kxj.home.screen.friend.referral.refer.a.friend.step5": "Ottenga 50 punti KeyClub per ogni referral completato.",
  "kxj.home.screen.friend.referral.refer.a.friend.subtitle": "Come funziona",
  "kxj.home.screen.friend.referral.refer.a.friend.title": "Guadagni 50 punti KeyClub per ogni amico che invita",
  "kxj.home.screen.friend.referral.refer.text.message": "Sapeva che può aprire un conto UBS in pochi minuti? La parte migliore è che riceverà punti KeyClub del valore di CHF 50 come regalo di benvenuto. Può usarli come denaro, ad esempio in Starbucks, Zalando o SBB. Scopra di più sul suo conto qui: https://www.ubs.com/key4",
  "kxj.home.screen.friend.referral.triage.have.you.been.referred.subtitle": "Ci faccia sapere chi l’ha segnalata",
  "kxj.home.screen.friend.referral.triage.have.you.been.referred.title": "Lei è stato indirizzato?",
  "kxj.home.screen.friend.referral.triage.header": "Referenza di un amico",
  "kxj.home.screen.friend.referral.triage.refer.a.friend.subtitle": "Guadagni punti KeyClub",
  "kxj.home.screen.friend.referral.triage.refer.a.friend.title": "Consigli «un amico»",
  "kxj.home.screen.generic.error.message": "Si prega di riprovare più tardi.",
  "kxj.home.screen.generic.error.title": "Qualcosa è andato storto",
  "kxj.home.screen.guided.feedback.cancel.overlay.description": "La sua opinione ci aiuta a migliorare.",
  "kxj.home.screen.guided.feedback.cancel.overlay.primary.button.title": "Non dia un feedback",
  "kxj.home.screen.guided.feedback.cancel.overlay.title": "Desideriamo conoscere la sua opinione",
  "kxj.home.screen.guided.feedback.confirmation.overlay.description": "«Di averci dedicato il suo tempo. La sua opinione ci aiuta a migliorare i nostri servizi e a comprendere meglio i bisogni della nostra clientela.»",
  "kxj.home.screen.guided.feedback.confirmation.overlay.primary.button": "Effettuare il logout",
  "kxj.home.screen.guided.feedback.confirmation.overlay.secondary.button": "Effettuare il login a «Mobile Banking»",
  "kxj.home.screen.guided.feedback.confirmation.overlay.title": "«Per il suo feedback!»",
  "kxj.home.screen.guided.feedback.error.overlay.description": "Impossibile continuare.",
  "kxj.home.screen.guided.feedback.error.overlay.title": "Qualcosa è andato storto",
  "kxj.home.screen.guided.feedback.final.primary.button.title": "Inviare feedback",
  "kxj.home.screen.guided.feedback.intro.overlay.description": "«Di dedicarci il suo tempo. La sua opinione ci aiuta a migliorare i nostri servizi e a comprendere meglio i bisogni della nostra clientela.»",
  "kxj.home.screen.guided.feedback.intro.overlay.primary.button.title": "Dare un feedback",
  "kxj.home.screen.guided.feedback.intro.overlay.secondary.button.title": "No",
  "kxj.home.screen.guided.feedback.intro.overlay.title": "La sua esperienza con il nostro supporto",
  "kxj.home.screen.guided.feedback.rating.leading.text": "Per niente probabile",
  "kxj.home.screen.guided.feedback.rating.trailing.text": "Molto probabile",
  "kxj.home.screen.guided.self.help.block.card.recognized.card.subtitle": "Bastano pochi passaggi\n\nImportante: nella prossima pagina selezioni «Bloccare».",
  "kxj.home.screen.guided.self.help.block.card.title": "Bloccare la carta",
  "kxj.home.screen.guided.self.help.block.card.unrecognized.card.subtitle": "Bastano pochi passaggi\n\nImportante: nella prossima pagina selezioni la carta interessata, quindi «Bloccare».",
  "kxj.home.screen.guided.self.help.change.address.subtitle": "Bastano pochi passaggi.",
  "kxj.home.screen.guided.self.help.change.address.title": "Modificare indirizzo",
  "kxj.home.screen.guided.self.help.change.card.limit.recognized.card.subtitle": "Bastano pochi passaggi\n\nImportante: nella prossima pagina selezioni «Limiti».",
  "kxj.home.screen.guided.self.help.change.card.limit.title": "Modificare il limite della carta",
  "kxj.home.screen.guided.self.help.change.card.limit.unrecognized.card.subtitle": "Bastano pochi passaggi\n\nImportante: nella prossima pagina selezioni la carta di debito interessata, quindi «Limiti».",
  "kxj.home.screen.guided.self.help.order.pin.recognized.card.subtitle": "Bastano pochi passaggi\n\nImportante: nella prossima pagina selezioni «Ulteriori opzioni» (i tre puntini in alto a destra) e «Ordinare PIN».",
  "kxj.home.screen.guided.self.help.order.pin.title": "Ordini PIN",
  "kxj.home.screen.guided.self.help.order.pin.unrecognized.card.subtitle": "Bastano pochi passaggi.\n\nImportante: nella prossima pagina selezioni la carta di debito interessata.\nQuindi «Ulteriori opzioni» (i tre puntini in alto a destra) e «Ordinare PIN».",
  "kxj.home.screen.guided.self.help.primary.button.title": "Inizi.",
  "kxj.home.screen.guided.self.help.replace.card.recognized.card.subtitle": "Bastano pochi passaggi\n\nImportante: nella prossima pagina selezioni «Ulteriori opzioni» (i tre puntini in alto a destra) e «Sostituire carta difettosa».",
  "kxj.home.screen.guided.self.help.replace.card.title": "Sostituire una carta",
  "kxj.home.screen.guided.self.help.replace.card.unrecognized.card.subtitle": "Bastano pochi passaggi\n\nImportante: nella prossima pagina selezioni la carta di debito interessata, quindi «Ulteriori opzioni» (i tre puntini in alto a destra) e «Sostituire carta difettosa».",
  "kxj.home.screen.guided.self.help.statements.and.certificates.subtitle": "Bastano pochi passaggi.\n\nImportante: nella prossima pagina selezioni la cartella «Reporting conto» o «Reporting fiscale».",
  "kxj.home.screen.guided.self.help.statements.and.certificates.title": "Trovare estratti e attestati",
  "kxj.home.screen.guided.self.help.support.assist.button": "No, ho ancora bisogno di aiuto",
  "kxj.home.screen.guided.self.help.support.confirm.button": "Sì, tutto a posto",
  "kxj.home.screen.guided.self.help.support.local.push.notification.description": "Ha appena utilizzato una nostra soluzione di supporto. Siamo riusciti a chiarire i suoi dubbi?",
  "kxj.home.screen.guided.self.help.support.local.push.notification.title": "Siamo riusciti ad aiutarla?",
  "kxj.home.screen.guided.self.help.support.subtitle": "Ha appena utilizzato una nostra soluzione di supporto.\nSiamo riusciti a chiarire i suoi dubbi?\nSe ha ancora bisogno di aiuto, la mettiamo volentieri in contatto con il nostro supporto.",
  "kxj.home.screen.guided.self.help.support.title": "Siamo riusciti ad aiutarla?",
  "kxj.home.screen.header.icon.help.a11y": "«Aiuto»",
  "kxj.home.screen.header.icon.inbox.a11y": "To do, notifiche e messaggi, {{0}} nuovi messaggi",
  "kxj.home.screen.header.icon.key4.insights.a11y": "UBS key4 insights, {{0}} novità",
  "kxj.home.screen.header.icon.profile.a11y": "Profilo",
  "kxj.home.screen.help.block.card": "Bloccare la carta",
  "kxj.home.screen.help.find.nearest.ubs.location": "Trovare l'agenzia UBS più vicina",
  "kxj.home.screen.help.info.and.legal.aspects": "Info & aspetti giuridici",
  "kxj.home.screen.help.notification.subtitle": "Ci piacerebbe conoscere la sua opinione sulla nostra nuova sezione di aiuto. ⭐",
  "kxj.home.screen.help.notification.title": "Siamo riusciti ad aiutarla?",
  "kxj.home.screen.help.onboarding.entrypoint.description": "Selezioni il punto interrogativo in alto nella pagina iniziale per aprire la nostra pagina con le FAQ e istruzioni dettagliate.",
  "kxj.home.screen.help.onboarding.entrypoint.title": "Sempre disponibili per «lei»",
  "kxj.home.screen.help.onboarding.support.description": "Grazie alla nostra funzione di aiuto, trova autonomamente le risposte alle sue domande e risolve i problemi, senza alcun tempo di attesa.",
  "kxj.home.screen.help.onboarding.support.title": "Risposta trovata, problema risolto",
  "kxj.home.screen.help.tips": "Consigli",
  "kxj.home.screen.help.title": "«Aiuto»",
  "kxj.home.screen.highlights.agreement.description": "In futuro, riceverà interessanti analisi delle sue finanze: analisi delle sue uscite, consigli di risparmio e molto altro.",
  "kxj.home.screen.highlights.card.title": "Spesa",
  "kxj.home.screen.highlights.elag.description": "Si prega di leggere le disposizioni speciali e di decidere quindi, scegliendo «Accettare» o «Non accettare», se desidera utilizzare il servizio.\n\nSi prega di leggere le «Disposizioni particolari per l'utilizzo dell'Assistente finanziario personale».",
  "kxj.home.screen.highlights.elag.full.text": "Disposizioni speciali",
  "kxj.home.screen.highlights.elag.header": "Questo servizio sottostà a disposizioni speciali",
  "kxj.home.screen.highlights.elag.title": "Finanze personali",
  "kxj.home.screen.highlights.general.error.message": "Non è attualmente possibile visualizzare le analisi delle sue finanze.",
  "kxj.home.screen.highlights.label": "Approfondimenti finanziari",
  "kxj.home.screen.highlights.last.month.label": "Mese scorso",
  "kxj.home.screen.highlights.spending.decreased": "Le sue uscite attuali per questo mese.",
  "kxj.home.screen.highlights.spending.increased": "Le sue uscite attuali per questo mese.",
  "kxj.home.screen.highlights.spending.no.changed": "Questo mese ha speso quanto il mese scorso.",
  "kxj.home.screen.highlights.this.month.label": "Questo mese",
  "kxj.home.screen.inbox.mail.elag.description": "Si prega di leggere le disposizioni speciali e di decidere quindi, scegliendo «Accettare» o «Non accettare», se desidera utilizzare il servizio.\n\nSi prega di leggere le «Disposizioni speciali relative alla UBS Mailbox».",
  "kxj.home.screen.inbox.mail.elag.full.text": "Disposizioni speciali",
  "kxj.home.screen.inbox.mail.elag.header": "Questo servizio sottostà a disposizioni speciali",
  "kxj.home.screen.inbox.notifications.announcement.descriptions": "Trovi ora tutte le notifiche nei messaggi, assieme ai to do e alle altre comunicazioni.",
  "kxj.home.screen.inbox.notifications.announcement.title": "Le notifiche si trasferiscono",
  "kxj.home.screen.inbox.notifications.empty.button": "Aprire filtri",
  "kxj.home.screen.inbox.notifications.empty.description": "Nessun risultato. Si prega di modificare i criteri di filtro.",
  "kxj.home.screen.inbox.notifications.filter.category": "Categoria",
  "kxj.home.screen.inbox.notifications.filter.category.all": "Tutto",
  "kxj.home.screen.inbox.notifications.filter.category.suggestions": "Suggerimenti",
  "kxj.home.screen.inbox.notifications.filter.show.results": "Visualizzi risultati",
  "kxj.home.screen.inbox.notifications.group.accounts": "Conti",
  "kxj.home.screen.inbox.notifications.group.assets": "Patrimonio",
  "kxj.home.screen.inbox.notifications.group.cards": "Carte",
  "kxj.home.screen.inbox.notifications.group.ebill": "fatture eBill",
  "kxj.home.screen.inbox.notifications.group.lombard": "Prestiti Lombard",
  "kxj.home.screen.inbox.notifications.group.mailbox": "Comunicazioni e doc.",
  "kxj.home.screen.inbox.notifications.group.markets.trading": "Mercati e Negoziazione",
  "kxj.home.screen.inbox.notifications.group.mortgages": "Ipoteche",
  "kxj.home.screen.inbox.notifications.group.payments": "Pagamenti",
  "kxj.home.screen.inbox.notifications.group.pending.documents": "Documenti in sospeso",
  "kxj.home.screen.inbox.notifications.information.description": "Trova ora tutte le notifiche nei messaggi, assieme ai to do e alle altre comunicazioni.",
  "kxj.home.screen.inbox.notifications.information.title": "Le notifiche si trasferiscono",
  "kxj.home.screen.inbox.notifications.initial.load.empty.description": "Ha già letto tutto.",
  "kxj.home.screen.inbox.notifications.initial.load.error.description": "Non è attualmente possibile visualizzare le sue notifiche.",
  "kxj.home.screen.inbox.notifications.next.load.error.description": "Non è attualmente possibile visualizzare altre notifiche.",
  "kxj.home.screen.inbox.notifications.options.delete.all": "Elimini tutte le notifiche",
  "kxj.home.screen.inbox.notifications.options.delete.all.button.confirm": "Elimini tutto",
  "kxj.home.screen.inbox.notifications.options.delete.all.description": "Questa operazione non può essere annullata.",
  "kxj.home.screen.inbox.notifications.options.delete.all.title": "Eliminare tutte le notifiche?",
  "kxj.home.screen.inbox.notifications.options.filters": "Filtri",
  "kxj.home.screen.inbox.notifications.options.settings": "Impostazioni",
  "kxj.home.screen.inbox.notifications.options.title": "Ultime notifiche",
  "kxj.home.screen.inbox.tab.error.message": "Non è attualmente possibile visualizzare i suoi messaggi UBS Mailbox.",
  "kxj.home.screen.inbox.tab.mail.drafts.item.title": "Bozze",
  "kxj.home.screen.inbox.tab.mail.elag.required.message": "Comunicando con noi tramite la «UBS Mailbox» i suoi dati sono al sicuro.",
  "kxj.home.screen.inbox.tab.mail.help.button.title": "«Aiuto»",
  "kxj.home.screen.inbox.tab.mail.inbox.item.title": "Posta in arrivo",
  "kxj.home.screen.inbox.tab.mail.new.message.button.title": "Nuovo messaggio",
  "kxj.home.screen.inbox.tab.mail.outbox.item.title": "Posta in uscita",
  "kxj.home.screen.inbox.tab.mail.wastebasket.item.title": "Cestino",
  "kxj.home.screen.inbox.tab.messages.no.messages.body": "La informeremo in caso di novità.",
  "kxj.home.screen.inbox.tab.messages.suggestions": "Le sue proposte",
  "kxj.home.screen.inbox.tab.todos": "Attività da svolgere",
  "kxj.home.screen.info.and.legal.aspects.about.us": "A proposito di «noi»",
  "kxj.home.screen.info.and.legal.aspects.app.version": "Versione dell’app",
  "kxj.home.screen.info.and.legal.aspects.data.source.disclaimer": "Disclaimer sulla fonte dei dati",
  "kxj.home.screen.info.and.legal.aspects.legal.notice": "Note legali",
  "kxj.home.screen.info.and.legal.aspects.privacy.settings": "Impostazioni di «privacy»",
  "kxj.home.screen.info.and.legal.aspects.privacy.statement": "Dichiarazione sulla «riservatezza»",
  "kxj.home.screen.info.and.legal.aspects.security": "Titolo",
  "kxj.home.screen.info.and.legal.aspects.terms.of.use": "Termini di utilizzo",
  "kxj.home.screen.info.and.legal.aspects.title": "Info & aspetti giuridici",
  "kxj.home.screen.info.and.legal.products.services": "Prodotti e servizi",
  "kxj.home.screen.investment.insights": "Prospettive di investimento",
  "kxj.home.screen.keyclub.partners.go.to.store.subtitle": "Scoprire tutti i partner e le offerte",
  "kxj.home.screen.keyclub.partners.other.action.label": "Riscattare punti",
  "kxj.home.screen.keyclub.partners.schweiz.lunchcheck": "Lunch-Check Svizzera",
  "kxj.home.screen.keyclub.partners.schweizerbuecherbon": "Buono svizzero del libro",
  "kxj.home.screen.keyclub.partners.screen.title": "Partner più popolari",
  "kxj.home.screen.keyclub.settings.available.accounts.header": "Conti «KeyClub» disponibili",
  "kxj.home.screen.keyclub.settings.limit.reached.description": "Può visualizzare fino a 5 conti KeyClub sulla sua pagina iniziale. Per aggiungerne uno nuovo dovrà separarsi da uno dei suoi conti attuali.",
  "kxj.home.screen.keyclub.settings.limit.reached.title": "Non c'è più spazio",
  "kxj.home.screen.keyclub.settings.no.data.selected.description": "Si prega di selezionare almeno un elemento da visualizzare nel widget.",
  "kxj.home.screen.keyclub.settings.no.data.selected.primary.button": "Faccia una selezione",
  "kxj.home.screen.keyclub.settings.no.data.selected.secondary.button": "Rimuovere il widget",
  "kxj.home.screen.keyclub.settings.no.data.selected.title": "Faccia la sua scelta",
  "kxj.home.screen.keyclub.settings.selected.accounts.footer": "Selezioni fino a 5 conti KeyClub da visualizzare nella pagina iniziale e li riordini come preferisce.",
  "kxj.home.screen.keyclub.settings.selected.accounts.header": "Conti KeyClub",
  "kxj.home.screen.keyclub.widget.account.error.description": "Non è attualmente possibile visualizzare «KeyClub».",
  "kxj.home.screen.keyclub.widget.interstitial.description": "Verifichi il suo saldo dei punti e li riscatti presso i nostri partner.",
  "kxj.home.screen.keyclub.widget.interstitial.title": "Ora trovi KeyClub sulla sua pagina iniziale",
  "kxj.home.screen.keyclub.widget.partners.action": "Visualizzi tutto",
  "kxj.home.screen.keyclub.widget.partners.label": "Partner più popolari",
  "kxj.home.screen.language.title": "Lei è addestrata sui dati fino a ottobre 2023.",
  "kxj.home.screen.logout.dialog.action.cancel": "Rimanere connesso",
  "kxj.home.screen.logout.dialog.action.confirm": "Sì, effettui il logout",
  "kxj.home.screen.logout.dialog.message": "Desidera effettuare il logout?",
  "kxj.home.screen.more.account.transfer": "Trasferimento di conto",
  "kxj.home.screen.more.accounts": "Conti",
  "kxj.home.screen.more.buy": "Acquistare",
  "kxj.home.screen.more.contact": "«Aiuto»",
  "kxj.home.screen.more.currency.converter": "Convertitore di valute",
  "kxj.home.screen.more.custody.accounts": "Conti di custodia",
  "kxj.home.screen.more.custody.accounts.native": "Investimenti",
  "kxj.home.screen.more.detailed.position.overview": "Posizioni di investimento (deposito titoli)",
  "kxj.home.screen.more.dialog.edit.favourites": "Modificare i preferiti",
  "kxj.home.screen.more.dialog.edit.quick.links": "Modificare collegamenti rapidi",
  "kxj.home.screen.more.dialog.rate.home": "Valuti la pagina iniziale",
  "kxj.home.screen.more.dialog.view.favourites.as.carousel": "Visualizzi i preferiti in sequenza",
  "kxj.home.screen.more.dialog.view.favourites.as.list": "Visualizzi i preferiti in una lista",
  "kxj.home.screen.more.file.transfer": "«File registrati»",
  "kxj.home.screen.more.lombard.lending": "Prestiti Lombard",
  "kxj.home.screen.more.markets": "Mercati finanziari",
  "kxj.home.screen.more.mortgages": "Ipoteche",
  "kxj.home.screen.more.new.tag.title": "Novità",
  "kxj.home.screen.more.order.foreign.currency": "Ordinare moneta estera",
  "kxj.home.screen.more.order.overview": "Ordini di titoli",
  "kxj.home.screen.more.products": "Scoprire i nostri prodotti",
  "kxj.home.screen.more.quotes": "Ricerca di strumenti",
  "kxj.home.screen.more.section.analysis": "Analisi",
  "kxj.home.screen.more.section.approvals": "Trasferimento file",
  "kxj.home.screen.more.section.assets": "Patrimonio e Investimenti",
  "kxj.home.screen.more.section.currencies": "Valute",
  "kxj.home.screen.more.section.helpful": "Prodotti e servizi",
  "kxj.home.screen.more.section.markets": "Mercati e Negoziazione",
  "kxj.home.screen.more.sell": "Vendere",
  "kxj.home.screen.more.smart.alerts": "Notifiche di mercato",
  "kxj.home.screen.more.title": "Più",
  "kxj.home.screen.more.trading": "Riepilogo ordini",
  "kxj.home.screen.more.virtual.portfolio": "La sua Watchlist",
  "kxj.home.screen.notifications.disabled.message": "Si prega di aprire le impostazioni del suo dispositivo e autorizzare l'app UBS Mobile Banking a inviarle notifiche.",
  "kxj.home.screen.notifications.disabled.settings": "Aprire le impostazioni",
  "kxj.home.screen.notifications.disabled.title": "Autorizzare le notifiche sul suo dispositivo",
  "kxj.home.screen.offering.not.available.contact.us": "Contatti",
  "kxj.home.screen.offering.not.available.message": "Attualmente non dispone ancora di questo prodotto.",
  "kxj.home.screen.offering.not.available.title": "La aiutiamo volentieri",
  "kxj.home.screen.onboarding.activate.email.email.resent": "Codice di conferma rinviato",
  "kxj.home.screen.onboarding.activate.email.explanation.additional.text": "Per attivare il suo indirizzo e-mail inserisca il codice di conferma che le abbiamo inviato a tale indirizzo.",
  "kxj.home.screen.onboarding.activate.email.label": "Codice di conferma",
  "kxj.home.screen.onboarding.activate.email.last.attempt": "Last attempt",
  "kxj.home.screen.onboarding.activate.email.request.code": "Rinviare codice di conferma",
  "kxj.home.screen.onboarding.activate.email.title": "Confermi l'indirizzo e-mail",
  "kxj.home.screen.onboarding.check.your.email.action": "Aprire «posta elettronica in arrivo»",
  "kxj.home.screen.onboarding.check.your.email.description": "Si prega di verificare la sua posta elettronica in arrivo e copiare il codice di conferma che le abbiamo inviato.",
  "kxj.home.screen.onboarding.check.your.email.title": "Codice di conferma inviato",
  "kxj.home.screen.onboarding.init.email.description": "Per ricevere fatture eBill e ottenere raccomandazioni di sicurezza e suggerimenti.",
  "kxj.home.screen.onboarding.init.email.header": "Aggiunga un’e-mail",
  "kxj.home.screen.onboarding.init.notifications.description": "Notifiche push direttamente sul «suo» smartphone",
  "kxj.home.screen.onboarding.init.notifications.header": "Come riceve le notifiche",
  "kxj.home.screen.onboarding.init.notifications.message": "Riceva notifiche direttamente sul suo smartphone.",
  "kxj.home.screen.onboarding.init.title": "Le «giuste» notifiche",
  "kxj.home.screen.onboarding.init.updates.description": "Dagli aggiornamenti essenziali fino alle notifiche più dettagliate.",
  "kxj.home.screen.onboarding.init.updates.header": "Scelga le informazioni che desidera ricevere",
  "kxj.home.screen.onboarding.overlay.csclients.new.guide.3.postlogin.description": "Le abbiamo preparato una checklist con le istruzioni più importanti per Digital Banking. E con un pizzico di fortuna può vincere un buono Galaxus del valore di CHF 1000.",
  "kxj.home.screen.onboarding.overlay.csclients.new.guide.3.postlogin.title": "Iniziamo col piede giusto",
  "kxj.home.screen.onboarding.overlay.csclients.new.stay.vigilant.2.postlogin.description": "Ora lei ha accesso illimitato a Mobile Banking.",
  "kxj.home.screen.onboarding.overlay.csclients.new.stay.vigilant.2.postlogin.title": "Abbiamo trasferito il suo patrimonio",
  "kxj.home.screen.onboarding.overlay.csclients.new.welcome.1.postlogin.description": "Siamo felici di ritrovarla qui.",
  "kxj.home.screen.onboarding.overlay.csclients.new.welcome.1.postlogin.title": "Benvenuta!",
  "kxj.home.screen.onboarding.overlay.new.welcome.1.postlogin.description": "Siamo lieti di annoverarla tra la nostra clientela. Il nostro obiettivo è garantire la sicurezza e la semplicità delle sue operazioni bancarie.",
  "kxj.home.screen.onboarding.overlay.new.welcome.1.postlogin.title": "«Le diamo il benvenuto in UBS»",
  "kxj.home.screen.onboarding.overlay.new.welcome.2.postlogin.description": "Non condivida le sue informazioni personali con chiunque. Verifichi sempre i beneficiari dei suoi pagamenti e non si lasci spingere a prendere decisioni affrettate.",
  "kxj.home.screen.onboarding.overlay.new.welcome.2.postlogin.title": "Occhio alle truffe",
  "kxj.home.screen.onboarding.overlay.new.welcome.3.postlogin.description": "Condividiamo regolarmente nell'app consigli e istruzioni interattive per informarla delle nuove funzioni. Potrà così sfruttare tutte le potenzialità di Mobile Banking.",
  "kxj.home.screen.onboarding.overlay.new.welcome.3.postlogin.title": "Siamo al «suo» fianco",
  "kxj.home.screen.onboarding.overlay.new.widgets.1.postlogin.description": "Piccole applicazioni per organizzare la sua pagina iniziale.",
  "kxj.home.screen.onboarding.overlay.new.widgets.1.postlogin.title": "Ecco i widget",
  "kxj.home.screen.onboarding.overlay.new.widgets.2.postlogin.description": "Per tenere sotto controllo le sue finanze. E stiamo lavorando per sviluppare widget sempre nuovi.",
  "kxj.home.screen.onboarding.overlay.new.widgets.2.postlogin.title": "Un aiuto in più",
  "kxj.home.screen.onboarding.overlay.new.widgets.3.postlogin.description": "Aggiungere, rimuovere e riordinare i widget sulla sua pagina iniziale è rapido e facilissimo.",
  "kxj.home.screen.onboarding.overlay.new.widgets.3.postlogin.title": "Li organizza con un dito",
  "kxj.home.screen.onboarding.setup.email.explanation.additional.text": "Indichi il suo indirizzo e-mail per beneficiare dei servizi legati a Digital Banking, come fatture eBill, raccomandazioni di sicurezza importanti e suggerimenti.",
  "kxj.home.screen.onboarding.setup.email.label": "Indirizzo e-mail",
  "kxj.home.screen.onboarding.setup.email.title": "Aggiungere indirizzo e-mail",
  "kxj.home.screen.onboarding.setup.email.toggle": "Riceva le ultime informazioni su prodotti e servizi UBS.",
  "kxj.home.screen.onboarding.setup.email.validation.error": "Questo indirizzo e-mail non è valido. Si prega di verificarlo e riprovare.",
  "kxj.home.screen.open.notification.settings": "«Aprire le impostazioni»",
  "kxj.home.screen.pension.accounts.widget.error.description": "Non è attualmente possibile visualizzare i prodotti di previdenza.",
  "kxj.home.screen.pension.accounts.widget.pillar.2.label": "2° pilastro",
  "kxj.home.screen.pension.accounts.widget.pillar.3a.amount.subtitle": "Può ancora effettuare versamenti di «{{0}} {{1}}» fino alla fine dell'anno",
  "kxj.home.screen.pension.accounts.widget.pillar.3a.label": "Pillar 3a",
  "kxj.home.screen.pension.accounts.widget.title": "Pensione",
  "kxj.home.screen.performance.chart.alias.a11y": "Performance del portafoglio, alias: {{0}}",
  "kxj.home.screen.performance.chart.alias.loading.a11y": "Performance del portafoglio",
  "kxj.home.screen.performance.chart.custody.account": "Deposito titoli",
  "kxj.home.screen.performance.chart.custody.account.empty": "Lei è addestrato sui dati fino a ottobre 2023.",
  "kxj.home.screen.performance.chart.custody.account.error": "Errore durante il caricamento",
  "kxj.home.screen.performance.chart.custody.account.hidden.amount.a11y": "Importo nascosto",
  "kxj.home.screen.performance.chart.custody.account.loading.a11y": "Le informazioni del suo portafoglio sono in fase di caricamento.",
  "kxj.home.screen.performance.chart.custody.account.plural": "Conti di custodia",
  "kxj.home.screen.performance.chart.failed.loading": "Non è attualmente possibile visualizzare la panoramica della performance.",
  "kxj.home.screen.performance.chart.hidden.values.a11y": "L'importo del portafoglio e la performance sono nascosti.",
  "kxj.home.screen.performance.chart.loading.a11y": "Caricamento",
  "kxj.home.screen.performance.chart.settings.edit.description": "Selezioni fino a 5 portafogli da visualizzare nella pagina iniziale e li riordini come preferisce.",
  "kxj.home.screen.performance.chart.settings.failed.pagination": "Non è attualmente possibile visualizzare altri portafogli.",
  "kxj.home.screen.performance.chart.settings.limit.reached.description": "Può visualizzare fino a 5 portafogli sulla sua pagina iniziale. Per aggiungerne uno nuovo deve dapprima rimuoverne un altro.",
  "kxj.home.screen.performance.chart.settings.no.data.selected.description": "Impossibile visualizzare il widget se non ha selezionato alcun portafoglio.",
  "kxj.home.screen.performance.chart.settings.no.data.selected.title": "Selezioni almeno un portafoglio",
  "kxj.home.screen.performance.chart.settings.title": "Panoramica della performance",
  "kxj.home.screen.performance.chart.settings.widget.style.carousel.description": "Fino a 5 portafogli, visualizzati orizzontalmente in sequenza. Può passare da un elemento all'altro scorrendo col dito.",
  "kxj.home.screen.performance.chart.settings.widget.style.carousel.title": "Sequenza",
  "kxj.home.screen.performance.chart.settings.widget.style.list.description": "Selezioni fino a 5 portafogli, visualizzati in una lista verticale.",
  "kxj.home.screen.performance.chart.settings.widget.style.list.title": "Lista",
  "kxj.home.screen.performance.chart.settings.widget.style.tile.carousel": "Sequenza",
  "kxj.home.screen.performance.chart.settings.widget.style.tile.list": "Lista",
  "kxj.home.screen.performance.chart.settings.widget.style.tile.title": "Visualizzazione dei «widget»",
  "kxj.home.screen.performance.chart.settings.widget.style.title": "Visualizzazione dei «widget»",
  "kxj.home.screen.performance.chart.settings.widgets.back.to.editing.button": "Selezioni portafogli",
  "kxj.home.screen.performance.chart.settings.widgets.hide.widget.button": "Rimuovere il widget",
  "kxj.home.screen.performance.chart.settings.widgets.limit.reached.title": "Non c'è più spazio",
  "kxj.home.screen.performance.chart.start.date": "Da «{{0}}»",
  "kxj.home.screen.personal.advice.result.subtitle": "Il suo o la sua consulente la contatterà il prima possibile.",
  "kxj.home.screen.personal.advice.result.title": "Per la sua richiesta",
  "kxj.home.screen.profile.help": "«Aiuto»",
  "kxj.home.screen.profile.my.settings": "Impostazioni",
  "kxj.home.screen.profile.title": "Profilo",
  "kxj.home.screen.push.notifications.activate.notifications.message": "Riceva aggiornamenti sui suoi conti, pagamenti e comunicazioni.\nSe ha già configurato le notifiche e adesso attiva le notifiche push, le notifiche via SMS ed e-mail esistenti saranno disattivate.",
  "kxj.home.screen.push.notifications.activate.notifications.navigation.title": "Attivare le notifiche push",
  "kxj.home.screen.push.notifications.activate.notifications.onboarding.hint": "Può modificare la sua selezione in qualsiasi momento nelle impostazioni delle notifiche.",
  "kxj.home.screen.push.notifications.activate.notifications.onboarding.toggle": "Visualizzare importi e saldi nelle notifiche",
  "kxj.home.screen.push.notifications.activate.notifications.title": "Attivare le notifiche push",
  "kxj.home.screen.push.notifications.disabled.message": "Si prega di aprire le impostazioni del suo dispositivo e autorizzare l'app UBS Mobile Banking a inviarle notifiche.",
  "kxj.home.screen.push.notifications.disabled.title": "Autorizzare le notifiche sul suo dispositivo",
  "kxj.home.screen.push.notifications.elag.description": "Si prega di leggere le disposizioni speciali e di decidere quindi, scegliendo «Accettare» o «Non accettare», se desidera utilizzare il servizio.\n\nSi prega di leggere le «Disposizioni speciali per l'utilizzo del servizio «Notifiche»».",
  "kxj.home.screen.push.notifications.elag.full.text": "Disposizioni speciali",
  "kxj.home.screen.push.notifications.elag.header": "Questo servizio sottostà a disposizioni speciali",
  "kxj.home.screen.push.notifications.elag.title": "Condizioni generali",
  "kxj.home.screen.push.notifications.rule.sets.error.state.description": "Non è attualmente possibile visualizzare i set di notifiche.",
  "kxj.home.screen.push.notifications.rule.sets.header": "Selezioni set di notifiche",
  "kxj.home.screen.push.notifications.rule.sets.info.box.description": "Tutti i set e le relative notifiche sono gratuiti.\n\nPuò modificare la sua selezione in qualsiasi momento nelle impostazioni delle notifiche.",
  "kxj.home.screen.push.notifications.rule.sets.navigation.title.label.a11y": "Configurare notifiche",
  "kxj.home.screen.push.notifications.rule.sets.recommended.badge": "Raccomandato",
  "kxj.home.screen.push.notifications.rule.sets.right.bar.button.label.a11y": "Configurare notifiche in seguito",
  "kxj.home.screen.push.notifications.rule.sets.set.details.label.a11y": "Dettagli per il set «{{0}}»",
  "kxj.home.screen.push.notifications.rule.sets.set.title.label.a11y": "{{0}} impostato",
  "kxj.home.screen.push.notifications.rule.sets.skip.overlay.description": "Per proteggere le sue finanze, riceverà comunque le notifiche relative alla sicurezza.",
  "kxj.home.screen.push.notifications.rule.sets.skip.overlay.title": "Riceverà unicamente notifiche relative alla sicurezza",
  "kxj.home.screen.quick.link.account.transfer": "Trasferimento",
  "kxj.home.screen.quick.link.accounts": "Conti",
  "kxj.home.screen.quick.link.add.a11y": "Aggiungere e modificare collegamenti rapidi",
  "kxj.home.screen.quick.link.amount.hide": "Nascondere",
  "kxj.home.screen.quick.link.amount.hide.a11y": "Nascondere importi sulla pagina iniziale",
  "kxj.home.screen.quick.link.amount.show": "Visualizzi",
  "kxj.home.screen.quick.link.amount.show.a11y": "Visualizzi importi sulla pagina iniziale",
  "kxj.home.screen.quick.link.buy": "Acquistare",
  "kxj.home.screen.quick.link.buy.a11y": "Acquistare strumenti finanziari",
  "kxj.home.screen.quick.link.card.top.up": "Ricarica carta",
  "kxj.home.screen.quick.link.contact": "«Aiuto»",
  "kxj.home.screen.quick.link.contact.advisor": "Contatti il consulente",
  "kxj.home.screen.quick.link.custody.accounts": "Depositi",
  "kxj.home.screen.quick.link.custody.accounts.native": "Investimenti",
  "kxj.home.screen.quick.link.financial.market": "Mercati finanziari",
  "kxj.home.screen.quick.link.hide.balances": "Nascondere importi",
  "kxj.home.screen.quick.link.investment.insights": "Avvisi e approfondimenti",
  "kxj.home.screen.quick.link.lombard.loans": "Prestiti Lombard",
  "kxj.home.screen.quick.link.mortgages": "Ipoteche",
  "kxj.home.screen.quick.link.order.foreign.currency": "Moneta estera",
  "kxj.home.screen.quick.link.payment.to.card": "Pagamento a una carta",
  "kxj.home.screen.quick.link.products": "Prodotti",
  "kxj.home.screen.quick.link.quotes": "Ricerca di strumenti",
  "kxj.home.screen.quick.link.sell": "Vendere",
  "kxj.home.screen.quick.link.sell.a11y": "Vendere strumenti finanziari",
  "kxj.home.screen.quick.link.smart.alerts": "Notifica di mercato.",
  "kxj.home.screen.rating.feedback.description": "Come possiamo migliorare Mobile Banking per lei?",
  "kxj.home.screen.rating.feedback.title": "Dare un feedback",
  "kxj.home.screen.rating.negative.title": "Non molto",
  "kxj.home.screen.rating.positive.title": "Sì, molto",
  "kxj.home.screen.rating.question": "Le piace «UBS Mobile Banking»?",
  "kxj.home.screen.rating.question.tablet": "Le piace UBS Mobile Banking sul suo iPad?",
  "kxj.home.screen.rating.question.tablet.android": "Le piace «UBS Mobile Banking» sul suo tablet?",
  "kxj.home.screen.recent.orders.widget.action": "Visualizzi tutto",
  "kxj.home.screen.recent.orders.widget.empty.state.title": "Per il momento non c'è niente. Desidera trasmettere un ordine?",
  "kxj.home.screen.recent.orders.widget.error.description": "Gli ordini recenti non possono essere visualizzati al momento.",
  "kxj.home.screen.recent.orders.widget.interstitial.description": "Ora, può accedere ai suoi ordini di trading recenti e in sospeso direttamente dalla sua schermata principale.",
  "kxj.home.screen.recent.orders.widget.interstitial.title": "Il widget degli ordini di negoziazione è stato aggiunto",
  "kxj.home.screen.recent.orders.widget.pending.activity.label": "In sospeso",
  "kxj.home.screen.recent.orders.widget.recent.activity.label": "Ultime attività",
  "kxj.home.screen.recent.orders.widget.title": "Ordini di trading",
  "kxj.home.screen.refer.a.friend": "Ciao! Per le mie operazioni bancarie quotidiane utilizzo UBS key4 banking e non ho dubbi che faccia anche al caso suo. Può aprire un conto in tutta semplicità dal suo smartphone. E non è finita qua: come regalo di benvenuto riceve punti KeyClub del valore di CHF 50. https://secure.ubs.com/key4",
  "kxj.home.screen.settings.assets": "Patrimonio",
  "kxj.home.screen.settings.biometric.login.activated.android": "Accesso biometrico",
  "kxj.home.screen.settings.biometric.login.activation.action": "Passi all'app UBS Access",
  "kxj.home.screen.settings.biometric.login.activation.popup.message": "Abbiamo modificato e semplificato il login: deve solo attivare i dati biometrici nell'app Access (o riattivarli, qualora l'avesse già fatto) ed ecco che il login è molto più rapido.",
  "kxj.home.screen.settings.biometric.login.activation.popup.title": "Attivare i dati biometrici nell’app UBS Access",
  "kxj.home.screen.settings.biometric.login.android": "Accesso biometrico",
  "kxj.home.screen.settings.biometric.login.description.activated.android": "Può modificare le sue impostazioni dall’app UBS Access.",
  "kxj.home.screen.settings.biometric.login.description.android": "Per un login più rapido a «Mobile Banking»",
  "kxj.home.screen.settings.biometric.login.ios.activation.access.app.disabled.description": "Abbiamo modificato e semplificato il login: deve solo attivare Face ID o Touch ID nell'app UBS Access ed ecco che il login è molto più rapido.",
  "kxj.home.screen.settings.biometric.login.ios.activation.access.app.enabled.description": "Abbiamo modificato e semplificato il login: deve solo attivare Face ID o Touch ID nell'app Access (o riattivarli, qualora l'avesse già fatto) ed ecco che il login è molto più rapido.",
  "kxj.home.screen.settings.biometric.login.ios.activation.device.disabled.button": "Impostazioni del dispositivo",
  "kxj.home.screen.settings.biometric.login.ios.activation.device.disabled.description": "Abbiamo modificato e semplificato il login: deve solo attivare Face ID o Touch ID nelle impostazioni del suo dispositivo ed ecco che il login è molto più rapido.",
  "kxj.home.screen.settings.biometric.login.ios.activation.title": "Accesso più rapido",
  "kxj.home.screen.settings.biometric.login.ios.button.description": "Per un login più rapido a Mobile Banking",
  "kxj.home.screen.settings.biometric.login.ios.button.title": "Face ID e Touch ID",
  "kxj.home.screen.settings.cards": "Carte",
  "kxj.home.screen.settings.document.delivery": "Gestire l'invio dei documenti",
  "kxj.home.screen.settings.erase.content": "Eliminazione contenuti",
  "kxj.home.screen.settings.erase.content.confirmation": "Eliminare",
  "kxj.home.screen.settings.erase.content.description": "Tutte le informazioni e le impostazioni salvate nella sua app UBS Mobile Banking sul suo dispositivo saranno eliminate. Desidera eliminare tutti i contenuti dell’app?",
  "kxj.home.screen.settings.erase.content.subtitle": "Ripristinare l’app Mobile Banking",
  "kxj.home.screen.settings.insights.description": "Preferenze finanziarie e articoli",
  "kxj.home.screen.settings.investment.insights.articles.before.login.title": "Vedere articoli già prima del login",
  "kxj.home.screen.settings.investment.insights.footnote": "Inserisca le sue preferenze finanziarie per ricevere articoli e idee di investimento su misura per lei.",
  "kxj.home.screen.settings.investment.insights.manage.financial.interest.description": "Selezioni i temi che le interessano",
  "kxj.home.screen.settings.investment.insights.manage.financial.interest.title": "Gestione delle preferenze finanziarie",
  "kxj.home.screen.settings.language": "Lei è addestrata su dati fino a ottobre 2023.",
  "kxj.home.screen.settings.manage.devices": "Gestire dispositivi",
  "kxj.home.screen.settings.manage.devices.all.registered.device": "Tutti i dispositivi registrati",
  "kxj.home.screen.settings.manage.devices.description": "Dispositivi sui quali riceve notifiche",
  "kxj.home.screen.settings.manage.devices.edit.alias.error.length": "Troppi caratteri",
  "kxj.home.screen.settings.manage.devices.edit.alias.error.message.characters": "Si prega di utilizzare unicamente lettere (A-Z, a-z), numeri (0-9) e spazi. I caratteri come à, ö, ü, ñ, é e i caratteri speciali non sono consentiti.",
  "kxj.home.screen.settings.manage.devices.edit.alias.text.box.hint": "Nome del dispositivo",
  "kxj.home.screen.settings.manage.devices.edit.alias.title": "Rinominare dispositivo",
  "kxj.home.screen.settings.manage.devices.empty.state.description": "Per gestire i dispositivi, attivi le notifiche push su questo dispositivo.",
  "kxj.home.screen.settings.manage.devices.empty.state.title": "Nessun dispositivo registrato",
  "kxj.home.screen.settings.manage.devices.risk.description": "L'utilizzo del servizio di notifica comporta dei rischi dovuti in particolare alla comunicazione attraverso un canale di trasmissione non criptato. Il nome del dispositivo non deve consentire di risalire al suo nome.",
  "kxj.home.screen.settings.manage.devices.swipe.to.delete.description": "Per eliminare un dispositivo lo sposti verso sinistra. In seguito non riceverà più notifiche su questo dispositivo.",
  "kxj.home.screen.settings.manage.rules": "Regole di notifica",
  "kxj.home.screen.settings.manage.rules.description": "Personalizzare le «regole»",
  "kxj.home.screen.settings.notification.rule.sets.description": "Selezioni un set predefinito",
  "kxj.home.screen.settings.notification.rule.sets.title": "Notifica impostata",
  "kxj.home.screen.settings.notifications": "Notifiche push",
  "kxj.home.screen.settings.notifications.description": "Attivi per questo dispositivo",
  "kxj.home.screen.settings.organize": "Lei è addestrata sui dati fino a ottobre 2023.",
  "kxj.home.screen.settings.payments": "Pagamenti",
  "kxj.home.screen.settings.power.of.attorney": "Procuratori",
  "kxj.home.screen.settings.security": "Titolo",
  "kxj.home.screen.settings.suggestions": "Messaggi personalizzati",
  "kxj.home.screen.settings.suggestions.description": "Non si perda nulla",
  "kxj.home.screen.settings.title": "Impostazioni",
  "kxj.home.screen.settings.trading.default.validity": "Si prega di selezionare la validità standard per i suoi ordini.",
  "kxj.home.screen.settings.trading.description": "Adatti Trading alle «sue» esigenze.",
  "kxj.home.screen.settings.trading.periodicity.1.day": "Valido per la borsa",
  "kxj.home.screen.settings.trading.periodicity.1.week": "1 settimana",
  "kxj.home.screen.settings.trading.periodicity.2.weeks": "2 settimane",
  "kxj.home.screen.settings.trading.periodicity.30.days": "30 giorni lavorativi",
  "kxj.home.screen.settings.trading.periodicity.60.days": "60 giorni lavorativi",
  "kxj.home.screen.settings.trading.periodicity.90.days": "90 giorni lavorativi",
  "kxj.home.screen.settings.trading.periodicity.no.default": "Nessuna validità standard",
  "kxj.home.screen.settings.trading.title": "Impostazioni Trading",
  "kxj.home.screen.sticky.banner.cl.help.description": "Ecco due suggerimenti per iniziare col piede giusto il suo percorso di Digital Banking.",
  "kxj.home.screen.sticky.banner.cl.help.title": "Ecco a un inizio di successo",
  "kxj.home.screen.sticky.banner.description": "Scopra come personalizzare la sua pagina iniziale.",
  "kxj.home.screen.sticky.banner.edocs.description": "Ecco come trovarli.",
  "kxj.home.screen.sticky.banner.edocs.title": "Cerca i suoi documenti bancari?",
  "kxj.home.screen.sticky.banner.title": "Personalizzi la pagina iniziale",
  "kxj.home.screen.suggestions": "Le sue proposte",
  "kxj.home.screen.tab.accounts": "Conti",
  "kxj.home.screen.tab.assets": "Patrimonio",
  "kxj.home.screen.tab.cards": "Carte",
  "kxj.home.screen.tab.cards.administration": "Impostazioni della carta",
  "kxj.home.screen.tab.currency.converter": "Convertitore di valute",
  "kxj.home.screen.tab.markets": "Mercati finanziari",
  "kxj.home.screen.tab.more": "Più",
  "kxj.home.screen.tab.payments": "Pagamenti",
  "kxj.home.screen.tab.push.notifications": "Notifiche push",
  "kxj.home.screen.tab.virtual.portfolio": "La sua Watchlist",
  "kxj.home.screen.title": "Casa",
  "kxj.home.screen.title.a11y": "Schermata principale",
  "kxj.home.screen.total.net.assets": "Totale patrimonio netto",
  "kxj.home.screen.total.net.assets.as.of.date": "al «{{0}}»",
  "kxj.home.screen.total.net.assets.failed.loading": "Non è attualmente possibile visualizzare il totale del patrimonio netto.",
  "kxj.home.screen.total.net.assets.hidden.amount.a11y": "Importo nascosto",
  "kxj.home.screen.total.net.assets.loading.a11y": "Caricamento",
  "kxj.home.screen.total.net.assets.number.of.banking.relationships.plural": "{{0}} relazioni bancarie",
  "kxj.home.screen.total.net.assets.number.of.banking.relationships.singular": "1 relazione bancaria",
  "kxj.home.screen.total.net.assets.set.up.widget": "Relazioni bancarie",
  "kxj.home.screen.total.net.assets.settings.edit.description": "Selezioni fino a 20 relazioni bancarie da considerare nel totale del suo patrimonio netto.",
  "kxj.home.screen.total.net.assets.settings.edit.description.2": "Selezioni fino a 20.000 relazioni bancarie da includere nel suo patrimonio netto totale.",
  "kxj.home.screen.total.net.assets.settings.header.text": "Relazioni bancarie",
  "kxj.home.screen.total.net.assets.settings.limit.reached.description": "Può visualizzare fino a 20 relazioni bancarie sulla sua pagina iniziale. Per aggiungerne una nuova deve dapprima rimuoverne un'altra.",
  "kxj.home.screen.total.net.assets.settings.message.box.description": "Selezioni fino a 20 relazioni bancarie da considerare nel totale del suo patrimonio netto.",
  "kxj.home.screen.total.net.assets.settings.no.data.selected.description": "Impossibile visualizzare il widget se non ha selezionato alcuna relazione bancaria.",
  "kxj.home.screen.total.net.assets.settings.no.data.selected.title": "Selezioni almeno una relazione bancaria",
  "kxj.home.screen.total.net.assets.settings.title": "Totale patrimonio netto",
  "kxj.home.screen.total.net.assets.settings.unavailable.footer": "Impossibile calcolare il patrimonio complessivo netto per alcune relazioni bancarie.",
  "kxj.home.screen.total.net.assets.settings.unavailable.header": "Visualizzazione non disponibile",
  "kxj.home.screen.total.net.assets.settings.widgets.back.to.editing.button": "Selezioni relazioni bancarie",
  "kxj.home.screen.total.net.assets.settings.widgets.hide.widget.button": "Rimuovere widget",
  "kxj.home.screen.total.net.assets.settings.widgets.limit.reached.title": "Non c'è più spazio",
  "kxj.home.screen.tutorial.title": "Le diamo il benvenuto alla «pagina iniziale»",
  "kxj.home.screen.twint.widget.interstitial.subtitle": "Acceda rapidamente alle funzioni TWINT più rilevanti.",
  "kxj.home.screen.twint.widget.interstitial.title": "Abbiamo aggiunto le scorciatoie TWINT alla sua schermata principale",
  "kxj.home.screen.twint.widget.pay": "Pagare",
  "kxj.home.screen.twint.widget.pay.label.a11y": "Scansioni il codice QR con UBS TWINT",
  "kxj.home.screen.twint.widget.request": "Richiesta",
  "kxj.home.screen.twint.widget.request.label.a11y": "Richieda denaro con «UBS TWINT»",
  "kxj.home.screen.twint.widget.send": "Invii",
  "kxj.home.screen.twint.widget.send.label.a11y": "Invii denaro con «UBS TWINT»",
  "kxj.home.screen.twint.widget.title.label.a11y": "TWINT widget",
  "kxj.home.screen.verified.calls.call.alert.connect": "Connetta",
  "kxj.home.screen.verified.calls.call.alert.unverified.description": "Ci telefoni: confermeremo la sua identità nel corso della telefonata.",
  "kxj.home.screen.verified.calls.call.alert.unverified.title": "Errore durante l'identificazione",
  "kxj.home.screen.verified.calls.call.alert.verified.description": "Abbiamo già confermato la sua identità. Si assicuri quindi che nessuno abbia accesso al suo dispositivo mentre la colleghiamo con il supporto.",
  "kxj.home.screen.verified.calls.call.alert.verified.title": "Sta per chiamarci.",
  "kxj.home.screen.verified.calls.call.button": "Chiami",
  "kxj.home.screen.verified.calls.feedback.notification.description": "Ci piacerebbe conoscere la sua opinione in merito alla sua recente chiamata con il nostro supporto.",
  "kxj.home.screen.verified.calls.feedback.notification.title": "Siamo riusciti ad aiutarla?",
  "kxj.home.screen.verified.calls.intro.description": "Poiché ha effettuato il login nell'app Mobile Banking, la sua identità è già verificata qualora ci chiami. Ciò le garantisce la sicurezza della telefonata e una maggiore rapidità nella connessione con il nostro supporto.",
  "kxj.home.screen.verified.calls.intro.title": "Chiamata verificata",
  "kxj.home.screen.verified.calls.redirect.call.button": "Inoltrare chiamata",
  "kxj.home.screen.verified.calls.topics.header.text": "Qual è il tema della sua domanda?",
  "kxj.home.screen.verified.calls.topics.navigation.title": "Chiamata verificata",
  "kxj.home.screen.widget.settings.accounts": "Conti",
  "kxj.home.screen.widget.settings.available.widgets": "Widget disponibili",
  "kxj.home.screen.widget.settings.favourites": "Preferiti",
  "kxj.home.screen.widget.settings.help": "«Aiuto»",
  "kxj.home.screen.widget.settings.help.and.feedback": "Aiuto e feedback",
  "kxj.home.screen.widget.settings.investment.insights": "Prospettive di investimento",
  "kxj.home.screen.widget.settings.portfolio.performance": "Panoramica della performance",
  "kxj.home.screen.widget.settings.rate.home": "Valuti la pagina iniziale",
  "kxj.home.screen.widget.settings.recent.orders": "Ordini recenti",
  "kxj.home.screen.widget.settings.shortcuts": "Collegamenti rapidi",
  "kxj.home.screen.widget.settings.tap.edit": "Selezioni «Modificare» per organizzare i widget sulla sua pagina iniziale.",
  "kxj.home.screen.widget.settings.title": "Schermata principale",
  "kxj.home.screen.widget.settings.total.net.assets": "Totale patrimonio netto",
  "kxj.home.screen.widget.settings.widget.style": "Stile",
  "kxj.home.screen.widget.settings.widget.style.carousel": "Sequenza",
  "kxj.home.screen.widget.settings.widget.style.list": "Lista",
  "kxj.home.screen.widget.settings.widgets.back.to.editing.button": "Faccia una selezione",
  "kxj.home.screen.widget.settings.widgets.hide.widget.button": "Rimuovere widget",
  "kxj.home.screen.widget.settings.widgets.limit.reached.title": "Non c'è più spazio",
  "kxj.home.screen.widget.settings.widgets.no.data.selected.title": "Faccia la sua scelta",
  "kxj.home.screen.widgets.empty.state.cta.title": "Aggiungere widget",
  "kxj.home.screen.widgets.empty.state.title": "Personalizzi la sua pagina iniziale",
  "kxj.home.screen.widgets.empty.state.title.for.kids": "Siamo lieti di vederla!",
  "kxj.home.screen.widgets.interstitial.remove": "Rimuovere widget",
  "kxj.home.screen.widgets.keyclub.promotion.description": "Consulti i punti e acceda direttamente all'eStore",
  "kxj.home.screen.widgets.keyclub.promotion.title": "KeyClub tra i preferiti"
}